source_repo,source_path,source_commit,kind,bytes,source_sha256,source_git_blob
CBBH,.obsidian/app.json,284a0a42d23a00f2b47b7460371a517a14cb6261,editor,38,426110634c3ef8f8b38f76060571162b5ad7b1f9102926c5c610243b4be8cb01,8c36d21508d9b128cce1936c1428b4eb0780bf9e
CBBH,.obsidian/appearance.json,284a0a42d23a00f2b47b7460371a517a14cb6261,editor,33,1e944c07eef04f54b6c0a1c12e91ff5e00204b2caa3616db70ee4b0329a8e544,630fc6dd6f46b5f794f38122547cb15908669666
CBBH,.obsidian/community-plugins.json,284a0a42d23a00f2b47b7460371a517a14cb6261,editor,20,92d757d7d7ee44ca48f1103236c7657d836dd098140114e37696856ae29d205a,d3f66fab1da471158f6098814a494693541c1085
CBBH,.obsidian/core-plugins-migration.json,284a0a42d23a00f2b47b7460371a517a14cb6261,editor,637,04fd7f1cb1421b9739547eb9cb67fdf86838ce0c4305908a55393fe1e421fac9,436f43cf561e4d8645a8612ddb5b0dee97f2fcc5
CBBH,.obsidian/core-plugins.json,284a0a42d23a00f2b47b7460371a517a14cb6261,editor,659,a14d94c3d42f64804f6c152463e910bb3c16d30e76a4524d405110e87eaf1ccd,c89a841ae50a02386babe187432dbd2da7d8716d
CBBH,.obsidian/graph.json,284a0a42d23a00f2b47b7460371a517a14cb6261,editor,493,89b1b8c279c3229a13509a0fad866ef90a7a70a6536f78d542e9c0960aec3d77,42a46ecafa5be07ad794ed16685f35e44f55ad29
CBBH,.obsidian/plugins/obsidian-git/data.json,284a0a42d23a00f2b47b7460371a517a14cb6261,editor,1622,fdeafcb7b59315aca2f2a96ab06f255247f5ce4fcf346abdde1835eeee1424fd,5e074cbbf7a1c2f4fe999d9d4179a48852c7fccf
CBBH,.obsidian/plugins/obsidian-git/main.js,284a0a42d23a00f2b47b7460371a517a14cb6261,editor,683412,704a4bace60c001f74f6cb5c39ed4513909a5228efba039e1144f5bd4aeceab7,c2859ac42f1937aeba2f32296949b086eb00692d
CBBH,.obsidian/plugins/obsidian-git/manifest.json,284a0a42d23a00f2b47b7460371a517a14cb6261,editor,325,482df7b04a8de2776bd543e8cd332aad0f1defffb35577525b68d96472b3d308,3f4b1a23f9746914df2d18f8b3b85171f4bcf2c8
CBBH,.obsidian/plugins/obsidian-git/styles.css,284a0a42d23a00f2b47b7460371a517a14cb6261,editor,13962,77c5bd20a617390806744f789c93e3594dd599fb678788c78d05f1e06b5fe74f,abe81d4f98b47fbe59ff620a548b2bbd31b656c0
CBBH,.obsidian/themes/Obsidian Nord/manifest.json,284a0a42d23a00f2b47b7460371a517a14cb6261,editor,147,630c84e840eb0b1d53633b20667ddf8e89bc863daee9d02c025739c2c891dffe,2f37ab3e36fb6505b1dfce1563ffb72c22b3f424
CBBH,.obsidian/themes/Obsidian Nord/theme.css,284a0a42d23a00f2b47b7460371a517a14cb6261,editor,15274,9ab10682964aa241bdb369861195d552093de2f68564ea8b140cb9bcbf99f17a,b4a6584ac580fea16369db58075f7d17044357f0
CBBH,.obsidian/workspace.json,284a0a42d23a00f2b47b7460371a517a14cb6261,editor,6053,f7c3757ce38da16c2d2187c2f6f3f880822878cd8d2c796d563899eee9f4fe08,0096418f54505b9677781e22e4944259c12a8b0c
CBBH,1- Web Requests/HTTP Fundamentals/1 - HTTP.md,284a0a42d23a00f2b47b7460371a517a14cb6261,markdown,639,1d410930b7bed155a4a9bdec6d21880152b64aa7a86cc6a36a44c491199238d6,8fa2d8ea86cac545e16f488815e9217cd7f42778
CBBH,1- Web Requests/HTTP Fundamentals/2 - HTTPS.md,284a0a42d23a00f2b47b7460371a517a14cb6261,markdown,174,06ff6f20eca748e9657c506d725d9b633fc1de31496541921b8946b60319242c,343df2c6fba2edac297b0b1f4cc161b649b59d13
CBBH,1- Web Requests/HTTP Fundamentals/3 - HTTP Requests and Responses.md,284a0a42d23a00f2b47b7460371a517a14cb6261,markdown,151,f69f7ebcb623f4f08309b162395f6d0966432784871622adba8bc69bd7f78189,9274353ff799f9be0ca6763130613d08e081168b
CBBH,1- Web Requests/HTTP Fundamentals/4 - HTTP Headers.md,284a0a42d23a00f2b47b7460371a517a14cb6261,markdown,1603,ce6f4b857c7d295a8d8495106fab2acc61fa81ca249394417516a8793785a4fe,c285e5a8aa1ea7d5bb4aae1c3a56d76db74b2846
CBBH,1- Web Requests/HTTP Methods/1 - HTTP Methods and Codes.md,284a0a42d23a00f2b47b7460371a517a14cb6261,markdown,4556,7ea93a372911211c094ade0098bc309a346d3d3d1bbbe077d2b41cbbdadc0eef,cd5669f64b4e24bdb6fbe656edd5535cda650fba
CBBH,1- Web Requests/HTTP Methods/2 - GET.md,284a0a42d23a00f2b47b7460371a517a14cb6261,markdown,499,5eacae0b61264fa2d932f25917681e34922a2f90be859dcd50ac58b962a891e0,c77f90466ed0c2a1feb0a3b24c1da448f30f3aaa
CBBH,1- Web Requests/HTTP Methods/3 - POST.md,284a0a42d23a00f2b47b7460371a517a14cb6261,markdown,603,3f313bac8afd5a3ea8bab54a8cedf3c32ff967dfb33fddbc66daf718da9ce13b,c8d399f7327ce7a5282362919cf54a40be48643b
CBBH,1- Web Requests/HTTP Methods/4 - CRUD API.md,284a0a42d23a00f2b47b7460371a517a14cb6261,markdown,1259,e9462f4062a053b300e82f3359c54a1b216570798edecd1e3f2b3880f6cb4462,fccd1aa16f94688ef326bc6c69bca6f670336ede
CBBH,10- Command Injections/1 - Explotation.md,284a0a42d23a00f2b47b7460371a517a14cb6261,markdown,1346,409785f0ef7966406bca610b47167342ebf3a6e7e5226cd91a529d64b50d7538,853d7085c3c2f8ed33d74b67ab4d488a7a8c200a
CBBH,10- Command Injections/2 - Filter Evasion.md,284a0a42d23a00f2b47b7460371a517a14cb6261,markdown,1678,9ded9f90e77ae6396cb19574b7fd4b0fcedcac8e2af69325e8bffc0390f7aada,0a94b78fb0088977a9525822c2208b58b538c54e
CBBH,10- Command Injections/3 - Skills Assessment.md,284a0a42d23a00f2b47b7460371a517a14cb6261,markdown,852,ca06b0fa9d73b42f4631b4de97a119b7a2a908079b923758fde9f385781ab22a,c6cae09688eb788a39bb2b65328cfe74d742fb5d
CBBH,11- File Upload/1 - File Upload.md,284a0a42d23a00f2b47b7460371a517a14cb6261,markdown,2479,0ad06bbdfb0a3da307da4704cf29dd8609dfe6022d244f6b86226c6697cc3d70,34e7a667572f01b8cd53cd6a1db5c8533010d09d
CBBH,11- File Upload/2 - File Upload.md,284a0a42d23a00f2b47b7460371a517a14cb6261,markdown,2564,234bbd6d333dcadd9f401c4f890541f29abeafb063aa8f595a944adca8487ff2,84060141292392b4d137aae34ba2f66e75018d18
CBBH,12- Server-Side Attacks/1 - SSRF.md,284a0a42d23a00f2b47b7460371a517a14cb6261,markdown,792,8890fad2784be050be95ef895dce4f04265605a7ccb930e0cece6337c4cd8ae9,5c7a85e5a63069f647befb9b3e65dc3b97214884
CBBH,12- Server-Side Attacks/2 - SSTI.md,284a0a42d23a00f2b47b7460371a517a14cb6261,markdown,845,74be9403dd52cb8354a12307b597885037ec43d18fc78760fc7088f019168ec7,f70c01caf8d177525cccdfd055fd90fe52eccb76
CBBH,12- Server-Side Attacks/3 - SSI.md,284a0a42d23a00f2b47b7460371a517a14cb6261,markdown,615,b418011e98dfbeb9f623648a2835e310694af06cde9ab24ed571b2f36b5dac7e,e15cb99edd009b7c5d6e18af72d77adab5e4ae46
CBBH,12- Server-Side Attacks/4 - XSLT Injection.md,284a0a42d23a00f2b47b7460371a517a14cb6261,markdown,656,0f38493d1903869bac4cd7820e13f791cc0083b2b69e7322f3fa93d3d2b59815,cd58fb2c4c662c837908cb91fc173578c01c7965
CBBH,12- Server-Side Attacks/5 - Skills Assessment.md,284a0a42d23a00f2b47b7460371a517a14cb6261,markdown,992,242d0d761a17197774d380fc58552751096a0c67ff59b718b442c0cfc39b01db,413d385980b8aa58210b1f81ff83f9d997f8d584
CBBH,13- Login Brute Forcing/1 - Brute Force Attacks.md,284a0a42d23a00f2b47b7460371a517a14cb6261,markdown,1219,fe7ce986086e4738b9d93b22cb43d8f004a5d6fbd2e777a11e2118b5a30afc5e,0ce0cdaf23d29f6c21973922f1fcfa0c6dc4446b
CBBH,13- Login Brute Forcing/2 - Hydra.md,284a0a42d23a00f2b47b7460371a517a14cb6261,markdown,707,a82037267f72706f71e824b8b3a618c6bc7c120551690cc06b5ae482c064b5bc,5675b733a88d3991642d1b1f6fe7372afc3fea95
CBBH,13- Login Brute Forcing/3 - Custom Wordlists.md,284a0a42d23a00f2b47b7460371a517a14cb6261,markdown,764,6c8fcced8a66567fa2ad99e821d0247b118b5d79103d9341350c6f39a29acf35,b2b55748fee362e52a7e3cab68b16cca49b318d4
CBBH,13- Login Brute Forcing/4 - Skills Assessment.md,284a0a42d23a00f2b47b7460371a517a14cb6261,markdown,340,cdfad852315bb8b3bcf9d80e69784a47e46d150cc5c93e0b1e3ef8331d26f695,6f76536860476e4c4aac4918e907e457d997607b
CBBH,14- Broken Authentication/1 - Brute-Force Attacks.md,284a0a42d23a00f2b47b7460371a517a14cb6261,markdown,1617,5443e4f1405329b4c92953fcf795de532fbb9fb485c1a9c7cba9aa6c1f85ad2f,82301414889d8c6abc87a5bee4ce608abef0137a
CBBH,14- Broken Authentication/2 - Authentication Bypass.md,284a0a42d23a00f2b47b7460371a517a14cb6261,markdown,1096,82076f77d2654e7ee49e233db70795b390afd818255cb8c01fd8c70af427fbaf,de2474530bc466bf44806bd22a8bcecaba79932f
CBBH,14- Broken Authentication/3 - Session Tokens.md,284a0a42d23a00f2b47b7460371a517a14cb6261,markdown,190,3f3831743419ddabcd09bd14ec7c48294430228c3d6eefa034713a9fe2ca34c8,a96f5302f9f5b78f5cc2b483a28034eeb0a956db
CBBH,14- Broken Authentication/4 - Skills Assessment.md,284a0a42d23a00f2b47b7460371a517a14cb6261,markdown,1073,16e5e5d1af854a43363472de800e8e73a7c0cf22bfcf991a17ca9b93c2035cd0,d0a688ed1d6c3e8543897a1f4e5579eab1bce9f0
CBBH,15- Web Attacks/1 - HTTP Verb Tampering.md,284a0a42d23a00f2b47b7460371a517a14cb6261,markdown,181,c29d42aa629cc4116171a46e20a61c92e925dc1576dfeef89f65bc27d62fba14,7a03e0dc0c9ca83cd1e7231e7d9ae4d858a01476
CBBH,15- Web Attacks/2 - IDOR.md,284a0a42d23a00f2b47b7460371a517a14cb6261,markdown,592,d62bbf5bae9bb86889757081c011443801fd0f8551d8b78750189ad5fb05a864,14308d624adb9956f835a70bf4b89ae61faca3ed
CBBH,15- Web Attacks/3 - XXE.md,284a0a42d23a00f2b47b7460371a517a14cb6261,markdown,2499,16bcca4c059e053bfbd5d75e0a4b82e4b57dc4360cb04b7e8b5b96631f4d81d3,afd20afc851324ec8bc283ef6e81e2f51f8b5cfc
CBBH,15- Web Attacks/4 - Skills Assessment.md,284a0a42d23a00f2b47b7460371a517a14cb6261,markdown,453,9565e7f6dd6fc5256f2e3f15d616647a9f44c6bea0e5929f3ee733fdaffa736a,0350b5e33e9436f668417712531985b39cd0257d
CBBH,16- File Inclusion/1 - Functions.md,284a0a42d23a00f2b47b7460371a517a14cb6261,markdown,545,dbe5812a5c991ca9385d8e55fd3cf7f09c287e4dfb6b197b8aec83885518b31f,fae7a131b0060c9324f8b8b084043955e3b6c9f6
CBBH,16- File Inclusion/2 - File Disclosure.md,284a0a42d23a00f2b47b7460371a517a14cb6261,markdown,1639,bc593f7edb227e751928707b73d43d3ee612e6d53ec87e0eda274e0c679eae38,dea0c80212ec7e39d1100e14b731892d8fd55eb3
CBBH,16- File Inclusion/3 - RCE.md,284a0a42d23a00f2b47b7460371a517a14cb6261,markdown,2684,07c90625374fb62ad7344f9b1f33124ff990ca7df3f42f3dbdb8a80c044395f9,01aa009105adbe98f0b0edf3cf2f031a1186c6d0
CBBH,16- File Inclusion/4 - Skills Assessment.md,284a0a42d23a00f2b47b7460371a517a14cb6261,markdown,645,bab907e91807dc3297c2b68a2f2e0cc25bc2000b80685eb06e72c79c87022d1d,fdebc8e2695b69c2f0bd2f1b6582ed956d7a78c3
CBBH,17-Session Security/1 - Session Hijacking.md,284a0a42d23a00f2b47b7460371a517a14cb6261,markdown,183,77c48a99b7baa764b9fe0caae720fe15b77aaebce1ca5084f96bb24aaf1098d2,b07072997d5c38acb3cf7ee9a9e9ba2e96260a9a
CBBH,17-Session Security/2 - Session Fixation.md,284a0a42d23a00f2b47b7460371a517a14cb6261,markdown,266,c058da6e48249a62e3d08d6ca3ec74f096973f353ce4f935eeffb5dfc8edb80b,24feaa45dc6378bc288f7596f41004b98bd2436d
CBBH,17-Session Security/3 - XSS.md,284a0a42d23a00f2b47b7460371a517a14cb6261,markdown,968,fba4952057a6246ad83611b7cc189ccbb4dc71dce333f5f5aaa0e6ab419b148a,96307a05f07b5223589eedf897fce90e95403bad
CBBH,17-Session Security/4 - CSRF.md,284a0a42d23a00f2b47b7460371a517a14cb6261,markdown,1886,300ae31e1bb2370810c43973cf594ac210f300eebbf01b0144e3ad878ee49f7f,7eace769910d45f5dd160de28af52b6c1cf6062b
CBBH,17-Session Security/5 - XSS & CSRF chain.md,284a0a42d23a00f2b47b7460371a517a14cb6261,markdown,521,e53923672f1f390ff411c906df5b65aeea15853ad6aad8b1357c5fdeecbc94bf,ee18ba2316736cb09859b12d03c2430367f67eaf
CBBH,17-Session Security/6 - Open Redirect.md,284a0a42d23a00f2b47b7460371a517a14cb6261,markdown,246,220c6d72164d6efa05f51df18bf5bbf22072726af3636a85b69542580f79d876,64a66b02d9e08dead939bde8b94d07946d1ce5cd
CBBH,17-Session Security/7 - Skills Assessment.md,284a0a42d23a00f2b47b7460371a517a14cb6261,markdown,484,5cb129f702e65f9413e3293988737fd55d9c3179303767c39e165ca4b5563e93,7e61349a0780eeac34744260101c13ebe855decf
CBBH,18- Web Service & API Attacks/1 - WSDL.md,284a0a42d23a00f2b47b7460371a517a14cb6261,markdown,2163,071e37a77d5e77d760468573719c823c2ca4d8a20189b66b137f7b6270058b87,5fb55e5184ff628b511f380be158e8a8222f4ad6
CBBH,18- Web Service & API Attacks/2 - Command Injection.md,284a0a42d23a00f2b47b7460371a517a14cb6261,markdown,44,3aa677c35bbc762f05a105151bf2100a7816a5c62a73e5b465a8fc8bf3e78a34,d75e5582b0d7c9f15bb4f6bd9de9a4abf6e4c079
CBBH,18- Web Service & API Attacks/3 - Information Disclosure (with a twist of SQLi).md,284a0a42d23a00f2b47b7460371a517a14cb6261,markdown,420,43cdb255ac25b3cca78f183406a0f95dd8cfc13b59e783adb67470b07e07ad7d,a5bc889ed44d2cb577fcdb899825052c3cf333bf
CBBH,18- Web Service & API Attacks/4 - File Upload.md,284a0a42d23a00f2b47b7460371a517a14cb6261,markdown,145,4c6d37a3886df39ff00b01b2cd91a1a944d8453d81f11f9541877e4b97a29a70,0586a06be90166d1b9bf492a525f672cca846155
CBBH,18- Web Service & API Attacks/5 - LFI.md,284a0a42d23a00f2b47b7460371a517a14cb6261,markdown,185,9af2a010d82a3cba02053d59cfca0e35c35c9ddf06ece7e00b6a9ace7a7831b6,3dccd501edad95584a34834899b543316cf9f0df
CBBH,18- Web Service & API Attacks/6 - XSS.md,284a0a42d23a00f2b47b7460371a517a14cb6261,markdown,94,ba65ee250c16192fbe4cd311d18e2499044f410f13110b84b91b8bf99c2651ff,a9702aae2d990bd3f0c27c916b69da4fdb284795
CBBH,18- Web Service & API Attacks/7 - SSRF.md,284a0a42d23a00f2b47b7460371a517a14cb6261,markdown,286,f14038ba57b71e17bb8d42710542538c328e61d393eaf783e1d946c2ecb083a6,8e113cbe1958c13e7e237501bc146cf9b0de6804
CBBH,18- Web Service & API Attacks/8 - XXE.md,284a0a42d23a00f2b47b7460371a517a14cb6261,markdown,258,1ee3277b5417864d3206c0b948a236834c3c431e867854ed8025ba5b72bf42d9,e122e132803ccb76ca2124b93c90f4fa5275f0d0
CBBH,18- Web Service & API Attacks/9 - Web Service & API Attacks - Skills Assessment.md,284a0a42d23a00f2b47b7460371a517a14cb6261,markdown,535,02a83dcb57cef83a0bb96e8ae0a21abbaf6d5cb5f605f74f121a5c022e70a9ec,bfdbe069a03a8c372d72d4afe7abf89343cf1c57
CBBH,19- Hacking WordPress/WPScan.md,284a0a42d23a00f2b47b7460371a517a14cb6261,markdown,1523,c7f353cd1333ea130ea084dca00f377babe8bcc4a7df464e0cb0c863e88871fb,0593c3adcc21809b6a8a04e359b393e416650563
CBBH,2- Introduction to Web Applications/1 - Introduction to Web Applications/1 - Introduction.md,284a0a42d23a00f2b47b7460371a517a14cb6261,markdown,6777,523bf660fd7d4f51d361d160fed7f57fc40029a9d8e29b0a81ad286503cbe446,5bac5dad753e57d5f9bcf9ff16049d8fab77e818
CBBH,2- Introduction to Web Applications/1 - Introduction to Web Applications/2 - Web Application Layout.md,284a0a42d23a00f2b47b7460371a517a14cb6261,markdown,3271,cc3ecde0e515e092f74f3a645867d3c6503cf0a5da1a7c7088fffdafa2a3077d,6e261afe3488b737a23e1c3ed7a854ff40aca00d
CBBH,2- Introduction to Web Applications/1 - Introduction to Web Applications/3 - Front End vs Back End.md,284a0a42d23a00f2b47b7460371a517a14cb6261,markdown,1596,baab13efb5e66088fe76fc8403e0c90950b04ae62ffb97339aa35ed603885684,2471c6bb9ee6615848681cee2b3a90574ee799e3
CBBH,2- Introduction to Web Applications/2 - Front End Components/1 - HTML.md,284a0a42d23a00f2b47b7460371a517a14cb6261,markdown,527,b6d5c43b51c288a6b11b4feec760cda27fe85c87f4d84245f00d32534f09a791,4011769da185201e144020aeb260f20eac0fc41e
CBBH,2- Introduction to Web Applications/2 - Front End Components/2 - CSS.md,284a0a42d23a00f2b47b7460371a517a14cb6261,markdown,461,b7588173b2184b159fc3816b89bf660adca55cec3faa440a24f96d3d17f80ad1,ed746457fb7490de1fa388744a8d47b096c424ec
CBBH,2- Introduction to Web Applications/2 - Front End Components/3 - Javascript.md,284a0a42d23a00f2b47b7460371a517a14cb6261,markdown,1147,3c356932d1153b7c83f9cdc71e32a538043ae49c873b57a0fda2924d107a56d0,5ad6deb6e6e15038d01008a4e199707ec78378be
CBBH,2- Introduction to Web Applications/3 - Front End Vulnerabilities/1 - Sensitive Data Exposure.md,284a0a42d23a00f2b47b7460371a517a14cb6261,markdown,732,cb2f965c814d9ab9c3f07c30db76cd7cf6511dd06059766b309d242ee8298868,8b849090ae5be1d54437910b07837973511570d3
CBBH,2- Introduction to Web Applications/3 - Front End Vulnerabilities/2 - HTML Injection.md,284a0a42d23a00f2b47b7460371a517a14cb6261,markdown,936,f54f62e72c1d5a4c33beed3e4947955e9b4be62eb920b7970c7ccca75c87099a,7cdc1bcf520a565c4d1821b9cb946989ad0e89d2
CBBH,2- Introduction to Web Applications/3 - Front End Vulnerabilities/3 - XSS.md,284a0a42d23a00f2b47b7460371a517a14cb6261,markdown,501,bd739910747cfcb77e204cf40bd132f68d350f18edee8683bb34beaef63d5eb9,3c9f5bf71ba6c7e95fd0e3cb98801363b95e5311
CBBH,2- Introduction to Web Applications/3 - Front End Vulnerabilities/4 - CSRF.md,284a0a42d23a00f2b47b7460371a517a14cb6261,markdown,873,babb091992f882f4047cf74b048ca4f16ecb5018e5eb6003d6b8a99597bedce9,ef0cbca39b4bc5ceab9ab7ea031efc897a9b9411
CBBH,2- Introduction to Web Applications/4 - Back End Components/1 - Back End Servers.md,284a0a42d23a00f2b47b7460371a517a14cb6261,markdown,635,ffe574bc7ea18cef4258adbfa92effcda93d3ad36dbca0e207fe5b2b902cc667,2c619e3baef3bdde4dd8b825bbecb8f3f28c41ca
CBBH,2- Introduction to Web Applications/4 - Back End Components/2 - Web Servers.md,284a0a42d23a00f2b47b7460371a517a14cb6261,markdown,67,4428864d3ac8559ded760142a299030e072ebaa435786869ac17c558167d9bee,5c2af902f638b5650324c2fca6ff0acc0f27080a
CBBH,2- Introduction to Web Applications/4 - Back End Components/3 - Databases.md,284a0a42d23a00f2b47b7460371a517a14cb6261,markdown,3192,b1d51616cb65dd67b9a708f1417c1b14cb0c7209a2d773b9120aec9aab28917c,6ffda9175b7baf5f3a50fb1dc4814681b0bcb32c
CBBH,2- Introduction to Web Applications/4 - Back End Components/4 - Development Frameworks & APIs.md,284a0a42d23a00f2b47b7460371a517a14cb6261,markdown,2253,e039040053e8dc27501e9d8ebc38f717bb71ea68b892102af520328a3b0a46c0,64af09448942bc35f75a6d9453f8a68ba386a796
CBBH,2- Introduction to Web Applications/5 - Back End Vulnerabilities/1 - Common Web Vulnerabilities.md,284a0a42d23a00f2b47b7460371a517a14cb6261,markdown,4347,8367340089a2afce1853ce305963a624970fc64d4c1261998836cb9a11079a31,2e231f6caa2ae75cf3646626db764a45d122d2ad
CBBH,2- Introduction to Web Applications/5 - Back End Vulnerabilities/2 - Public Vulnerabilities.md,284a0a42d23a00f2b47b7460371a517a14cb6261,markdown,2272,e80dbb42640087b7efb596b28ba5f84d36c8df38229c9179668083ce7127362a,094e2b1c2cfcbbfd9787d043273919cd8a290875
CBBH,3- Using Web Proxies/1 - Web Requests.md,284a0a42d23a00f2b47b7460371a517a14cb6261,markdown,863,b8579c50df8149531d6f87bd6b3a1c060bde8a7051d5ddce41ad2ac1c92d123c,9316345f0bf1c80da6c15bfb1ed4bd13fcafe6e8
CBBH,3- Using Web Proxies/2 - Encoding - Decoding.md,284a0a42d23a00f2b47b7460371a517a14cb6261,markdown,44,f01f8d9b9c26e1a9d770ea04fbb79384cda355c7d5c0ac231523d724257efcd7,436c2b5aa1724b911417b1d8fbd74b8b0c75e8ac
CBBH,3- Using Web Proxies/3 - Proxychains.md,284a0a42d23a00f2b47b7460371a517a14cb6261,markdown,727,7070702c8c6a41f582c187ad499788304cf8675593f66ac2f4cba3f942d5c9d7,31c3e889b33794a4aad1cf398774c651c9868af4
CBBH,3- Using Web Proxies/4 - Intruder.md,284a0a42d23a00f2b47b7460371a517a14cb6261,markdown,445,78e75a473c63c2ee4acc3274c12e690f24fe316ce6825e22f5f78d7ec36aa711,d8951a575c29fc492b1f0684a11d27830860785f
CBBH,3- Using Web Proxies/5 - Scanner.md,284a0a42d23a00f2b47b7460371a517a14cb6261,markdown,164,15b3ff441127a497cc49a37fdf528856a90f1a3937bb7dff1bbbf9cfd25499f4,292d5067266ad5e6f4fb235aefa5da82797de92e
CBBH,3- Using Web Proxies/6 - Skills Assesment.md,284a0a42d23a00f2b47b7460371a517a14cb6261,markdown,1698,8bd384b13e59cb054b8c9e2741ac7d885de81f7dfd3cc8fd07a52906d420b09c,812442aa1ccc114966be49b1568f2140f52d56fe
CBBH,4- Information Gathering/1 - Introduction.md,284a0a42d23a00f2b47b7460371a517a14cb6261,markdown,5017,7c89f3f8ef7830ba3db99841dc3128197ee6044d77d0b34c09cae58c968a3bdd,d5dc2beb757eaf1b3ae714266d365dbed835f60b
CBBH,4- Information Gathering/10 - Search Engine Discovery.md,284a0a42d23a00f2b47b7460371a517a14cb6261,markdown,1499,e1369fef60ec64b0b4a9893ad8dda3662e4839846e911b8301adb75c80efba78,f9a506e93cf69a5c174c65050774fae8b3e4cc5b
CBBH,4- Information Gathering/11 - Web Archives.md,284a0a42d23a00f2b47b7460371a517a14cb6261,markdown,1406,b6444f7193e3bca13935ebfe55460ddad63f53136ab5af12b6a4ab41e0ded710,674905e53ef42c1050fe9e78292b719d73574248
CBBH,4- Information Gathering/12 - Automating Recon.md,284a0a42d23a00f2b47b7460371a517a14cb6261,markdown,1501,899950a8d475582a5843f21809bc1f84b3a3b9749157dc0f2bf5125a185c881d,6c75aeb0d58ad7c565c5022a3b26c3d2fc2d40ca
CBBH,4- Information Gathering/14 - Skills Assessment.md,284a0a42d23a00f2b47b7460371a517a14cb6261,markdown,1299,0d7033ad3940e9f0fa80b225ff9f50bf366ee9eae5ef3b1afb068a94dbb49b5f,c3e96e49d4cb30cc67b6489dacdd349ad6a66d47
CBBH,4- Information Gathering/2 - WHOIS.md,284a0a42d23a00f2b47b7460371a517a14cb6261,markdown,357,4937b992aae89d8dba25c98bbc4205a9f305da7ccbf9d7da31fd11b9a9e3a1ac,fc09894e879a654c4edf4c47ba724807603a1fc5
CBBH,4- Information Gathering/3 - DNS.md,284a0a42d23a00f2b47b7460371a517a14cb6261,markdown,2028,1fad27e3cb46aaad5b5bba21a6e9e45625f579eb41ee5e9f20c90fc91565880f,d48df5885553147784506c78059048696e42e194
CBBH,4- Information Gathering/4 - Subdomains.md,284a0a42d23a00f2b47b7460371a517a14cb6261,markdown,2726,1b415d10674805341345012c6ccc49c51bc49bb598a727cb86c359df03854b02,286b70b7f30c9de0942e528868bed52d4b417f28
CBBH,4- Information Gathering/5 - Zone Transfers.md,284a0a42d23a00f2b47b7460371a517a14cb6261,markdown,2378,9d905fd50679855ea5c257f3e2dbc836ebddfa449d26dfe41db73c948eb17ad9,8ce208e0d572b0cc83412a0eb4e9fd8ce493540b
CBBH,4- Information Gathering/6 - Virtual Hosts.md,284a0a42d23a00f2b47b7460371a517a14cb6261,markdown,1546,2362245ec665e0a7f55de4ba3eed78d68b8189d1829343f1a18c8599cb3e6262,0a324cd4adc413784faf8363ea284d6d5df3d0c0
CBBH,4- Information Gathering/7 - Certificate Transparency (CT) Logs.md,284a0a42d23a00f2b47b7460371a517a14cb6261,markdown,886,486e87ab2d8cf755fdb868ceda35e9db0072a9405900ac038166d735fce2221b,5105723de72c11a39fe022a718bad153c3f23c34
CBBH,4- Information Gathering/8 - Fingerprinting.md,284a0a42d23a00f2b47b7460371a517a14cb6261,markdown,1796,f693755daeaf78aec766d8817197edcfdc6d7bef73549ef05dc6804c6eeb8989,0bf09cec7af4f4b80df779ea4e1cd91de5921dfb
CBBH,4- Information Gathering/9 - Web Crawling.md,284a0a42d23a00f2b47b7460371a517a14cb6261,markdown,2639,5e0a5faff7399e75c68ab65a6073e7af8583c0c84eb38d54dda1d5904947abd7,652f7f88d8882c9e0005fb53ecc77940e0c575c3
CBBH,5- Ffuf/1 - Basic Fuzzing.md,284a0a42d23a00f2b47b7460371a517a14cb6261,markdown,797,747ba21575fdf723a7b8bf9c0ba2af675e611a93697ab2a23cf27a0184830617,514fabddecbade1282bba036fa8e6a860fe54717
CBBH,5- Ffuf/2 - Domain Fuzzing.md,284a0a42d23a00f2b47b7460371a517a14cb6261,markdown,622,f171dbc51b7a787f363cae93437c67f656e6b7fbec7f2bc776cac3f9a5f0cd07,fdf61bb85d4b2e6faf0a14bf7793506208b357b7
CBBH,5- Ffuf/3 - Parameter.md,284a0a42d23a00f2b47b7460371a517a14cb6261,markdown,744,4e32dc54e8c861e15e774fa76ddc87f2ba856dc9e401258571775b6324aae5d2,233260ce0d050a4ad720f9a76488694b124ae631
CBBH,5- Ffuf/4 - Skills Assesment.md,284a0a42d23a00f2b47b7460371a517a14cb6261,markdown,1640,eac02128c6db8b2225f4855db3257f211c17b32d8f418c3f63d9f223495dc2c3,a03b17d99ddfcfcd5db49be7bb3e4012edac1741
CBBH,6- Javascript Deobfuscation/1 - JS.md,284a0a42d23a00f2b47b7460371a517a14cb6261,markdown,1114,9c88b635b44c30b259f3d8dc78ecf4c7f5ca5a7aac3994bfb8a4000ce8ece2ed,fdc1e855b42e44a27b31053a60c2f9549ca90930
CBBH,6- Javascript Deobfuscation/2 - Skills Assessment.md,284a0a42d23a00f2b47b7460371a517a14cb6261,markdown,907,49bf9532c60cef4d62c96e2d8e08afa8c2e2e957fff6b05ee4bd1fe11ca0b413,a17071e2df1d6f870e3bda354a7c01d1d2c7aebb
CBBH,7- XSS/1 - XSS.md,284a0a42d23a00f2b47b7460371a517a14cb6261,markdown,737,1a46bcff16602c86adceff292c7a35a0d6eab526e482aa7ecbdc9c74648de064,fc5ec77b09d06dac0b3124ee830ebdbb6e680781
CBBH,7- XSS/2 - Phishing.md,284a0a42d23a00f2b47b7460371a517a14cb6261,markdown,795,c2223824843260cb25a8eb0b8227756fa594aa4385aa576502b0ffbaf3b9b8de,42002cfba17c9be6d63df1e4d24a3c4b389206c5
CBBH,7- XSS/3 - Session Hijacking.md,284a0a42d23a00f2b47b7460371a517a14cb6261,markdown,865,4f6f4bbbc41c782db35d24380854b75fb3a54b0935574db4dd75bff90f6d57d7,a454d28e657cd7bf85edaf4607ffca4095ba43a3
CBBH,7- XSS/4 - Skills Assessment.md,284a0a42d23a00f2b47b7460371a517a14cb6261,markdown,225,1f296bcda869fc1c0051c662d7feaa5623c1af6aadcdd301e5a96e127384a37d,325c7b741c026d8986298668d3106009ee9bdbc6
CBBH,8- SQLi/1 - SQLi.md,284a0a42d23a00f2b47b7460371a517a14cb6261,markdown,947,3ec3ff47b6758c6e4ece0920b993db865ffcda8208dfba4533707532b31d8b80,a2cdb1e0c6a35ebe3f3e50ec0130ad98a9ea75cc
CBBH,8- SQLi/2 - Reading Files.md,284a0a42d23a00f2b47b7460371a517a14cb6261,markdown,664,dc4b60eb5fd130b23c98270bdb9c94e4606499cdac9f1f4e612631211cca0632,a22eeb86a393d95d5089acfa88e7a1c9b5351e1c
CBBH,8- SQLi/3 - Writing Files.md,284a0a42d23a00f2b47b7460371a517a14cb6261,markdown,1563,1b95953796ec9b9d967b8885b908add7b3272c405a072e491158074c70b21ec2,dfeb81ff3c3628de9ae8ecda9e2ad2f651a1a1a3
CBBH,8- SQLi/4 - Skills Assessment.md,284a0a42d23a00f2b47b7460371a517a14cb6261,markdown,701,d6103ba96d188392e5081330da13bed366cd88a70046bf515a04f51b4b790a61,a18c6e1996b5f9f8950b1f4df191e7dc387dbc22
CBBH,9- SQLmap/1 - SQLmap.md,284a0a42d23a00f2b47b7460371a517a14cb6261,markdown,2016,632d8dc8c8d12e141f1275f520112f2fb867611bab7131c1b3c244e4d3d7bcfd,4ce951eca525ff650d23b7e433f20bd88d91a421
CBBH,9- SQLmap/2 - OS Explotation.md,284a0a42d23a00f2b47b7460371a517a14cb6261,markdown,563,bcab9c39edce18538414b4cfa8b814b2e1ad01619c3b5adb8afd601af8951a82,248f148588f108e43256e3844f11e74cb46e7ca0
CBBH,9- SQLmap/3 - Skills Assessment.md,284a0a42d23a00f2b47b7460371a517a14cb6261,markdown,491,1bef7899e1a2a71b559ddca5c190d66f9984e4838ec0bbbd956dbe4344ab4e9f,3c372a064923f0f2d096374069246000f2ec2ee8
CBBH,API Attacks/1 - Broken Object Level Authorization.md,284a0a42d23a00f2b47b7460371a517a14cb6261,markdown,3593,bfa51d0cc8f3addde3724b498326ebc9efad004a21c898e73583465a36d29792,66456af0f339b5dcd9ee8aded0cc578a1171ab79
CBBH,API Attacks/10 - Unsafe Consumption of APIs.md,284a0a42d23a00f2b47b7460371a517a14cb6261,markdown,43,bd0dc9ed07c43800a6d212676adc9ced209a3866ff573f9059db624c7a267cb6,e6d59ce7aeafbf5933b902aad5752d1e5c384b4b
CBBH,API Attacks/11 - Skills Assessment.md,284a0a42d23a00f2b47b7460371a517a14cb6261,markdown,1080,d6657c3e009e9187bd63326bf20edc3c6738231e03ba84a91415022a9a50f5fb,33f8275e3cece1d8a4e55856b53c18ab67a2734d
CBBH,API Attacks/2 - Broken Authentication.md,284a0a42d23a00f2b47b7460371a517a14cb6261,markdown,279,6df1c94787f92b49273ed8b6704553c158251673e9872077e9ed993f942ace47,a9294989c3d032e148dd7ea089d2b6cb150c6a81
CBBH,API Attacks/3 - Broken Object Property Level Authorization.md,284a0a42d23a00f2b47b7460371a517a14cb6261,markdown,2953,744eeb3915d1725adeb0fb334df03e77a0ddd79f2513af1764dc802757226233,0fbee4d3f3e0b8749aff374fccc5171e54b48ebd
CBBH,API Attacks/4 - Unrestricted Resource Consuption.md,284a0a42d23a00f2b47b7460371a517a14cb6261,markdown,576,ca0e88e78783f88436076c601c4529e59ba05d7b2e587d68ef76eb9575c7f56b,5d5be014c44af5089a6ed13bd450b29d3c691dec
CBBH,API Attacks/5 - Broken Function Level Authorization.md,284a0a42d23a00f2b47b7460371a517a14cb6261,markdown,696,a5599605de2618248b0fe7c5587f7fea788fbd7574ece9921f2ce84290ab12a5,d051daa8491bf7ecde00653cc0adb521b09b37f1
CBBH,API Attacks/6 - Unrestricted Access to Sensitive Business Flows.md,284a0a42d23a00f2b47b7460371a517a14cb6261,markdown,642,6281a1958990bf140b5c936da8c2db4e8d667d2ff1b9a5ef60965b215c227dba,f07a58ea8efeff80ccb14d7d7f52946ff023849c
CBBH,API Attacks/7 - Server Side Request Forgery.md,284a0a42d23a00f2b47b7460371a517a14cb6261,markdown,873,be9c1f6e89347ce64e39bfde91c116f5d697210771c492973aad07c99779620d,81510ae0cd078dd3856cf0ebf07e099a69065cd0
CBBH,API Attacks/8 - Security Misconfiguration.md,284a0a42d23a00f2b47b7460371a517a14cb6261,markdown,206,bfd31b6bb78b57922ff22a8657cfbe8d0b92fcee4229459295a9ae87dcda7dc7,f94980f7199cec4c4fc329cf584447db18639e03
CBBH,API Attacks/9 - Improper Inventory Management.md,284a0a42d23a00f2b47b7460371a517a14cb6261,markdown,81,9e051001771b59e195d992956630263cad72e1be3ed64aacc7baa0386766f26a,6abde381ad038955c77e2a03a5f39d66b177e01e
CBBH,Attacking GraphQL/1 - Information Disclosure.md,284a0a42d23a00f2b47b7460371a517a14cb6261,markdown,679,39708bb7abb97cc8f0d7afde98c3e1907519d2f462a1eaac53b8aadbf0e00aa9,5d00cc812a75497ba93b66a5f0b8b95a36fa8a76
CBBH,Attacking GraphQL/2- Insecure Direct Object Reference (IDOR).md,284a0a42d23a00f2b47b7460371a517a14cb6261,markdown,84,67b4a729fb0dae345237094f25317e5605ac567db0338beafc1433f10155442e,518bb83d9f154fd9ae646befb9d3a7ac6105743d
CBBH,BB/Bug bounty.md,284a0a42d23a00f2b47b7460371a517a14cb6261,markdown,142,5ded6fe792d64d93ddcf686ae2d8d577bfadb5328bf5917e8dff4f3f6d4d03f3,9ebce970726b5027bfb49770b3af1340fc6f73da
CBBH,BB/Hackerone/1 - A little something to get you started.md,284a0a42d23a00f2b47b7460371a517a14cb6261,markdown,288,511a1536c5dcb779fbebd485b7467d1e7699f79a929450bd659090924ad575fd,2eea6497004b93d94339a6627b5991ef30892f26
CBBH,BB/Hackerone/2 - Micro-CMS v1.md,284a0a42d23a00f2b47b7460371a517a14cb6261,markdown,276,5408b39968894667860c4c4ce82095838e62dd4af0e09276727fa646bcea9cbb,3e9621ebb2553dbaadfbce6a791ff10cb76dfeb6
CBBH,BB/Hackerone/3 - Micro-CMS v2.md,284a0a42d23a00f2b47b7460371a517a14cb6261,markdown,915,6de43c9391b9add0c6f29aa6181ad424fb9146b74d2d633798f30177466472ba,8ef956d6f41913be21bfc516329f98ca425e94e5
CBBH,BB/Hackerone/4 - Encrypted Pastebin.md,284a0a42d23a00f2b47b7460371a517a14cb6261,markdown,892,b4a171fef398e738eb7f9fb5ebabec4f65b5c3d9bd87c829709a96a68e6b2b89,9267c7148bffbbc8e5fa77e7b256943f9a2d9bea
CBBH,BB/Hackerone/5 - Photo Gallery.md,284a0a42d23a00f2b47b7460371a517a14cb6261,markdown,882,238e75a21313a87fd5be2db4e450a4341211d8f68ca6c66a920417405e31c3f6,0bb866b1696a9ed1c31b2af8a2b746e475b0e394
CBBH,BB/Hackerone/6 -  Cody's First Blog.md,284a0a42d23a00f2b47b7460371a517a14cb6261,markdown,212,c515c874c3e62e206645f0243024242818466595a1b9b2bcb484d97a6321b17f,b3337ed8399204a01d17b19df9093dcffafcdf42
CBBH,BB/Hackerone/7 - Postbook.md,284a0a42d23a00f2b47b7460371a517a14cb6261,markdown,43,1f6126742bc96863843921737b247c195d1a338bf297554570324f1f7f573fc9,83bd5737eece118891d53cc9ef70ad7cc70ef6e5
CBBH,BB/hackinghub/403 & 401 Bypasases.md,284a0a42d23a00f2b47b7460371a517a14cb6261,markdown,516,6daf9f0cac81e85dbcc389964bc252e69de5dfaf35e8b3154ac0b284aad7fb28,46903e81d747e459465fe10d4db11c9aaf19cbdb
CBBH,BB/hackinghub/Account Takeover.md,284a0a42d23a00f2b47b7460371a517a14cb6261,markdown,1943,c1ed1a452b8f92ef3995567a3382d32eee1c0fc754be67051817e9957c98a385,31873d03fb072c6f00bfad44ce37d9c5077554ae
CBBH,BB/hackinghub/Client side/CORS.md,284a0a42d23a00f2b47b7460371a517a14cb6261,markdown,601,e6b57ab14365b3a40c5757304ed33ec310beeadab9551409a1b4b1fd93bc1dfe,10048811fa47cc4896eb19169ae700351486f54a
CBBH,BB/hackinghub/Client side/CSP.md,284a0a42d23a00f2b47b7460371a517a14cb6261,markdown,935,632710e5bc7bafe65faadd89ffc815b273d74512a4034ebac38b8cf534353f86,06927a080a2964d8cd73ebf027b59cd35076c61c
CBBH,BB/hackinghub/Client side/CSRF.md,284a0a42d23a00f2b47b7460371a517a14cb6261,markdown,2058,a2c7f952df7f53e4df6359c4dffead0deb5cce4f388b42a0b2f836ba06ea850d,e452005e75d422df47cdf3976ae0149fd5e65d84
CBBH,BB/hackinghub/Client side/Open Redirect.md,284a0a42d23a00f2b47b7460371a517a14cb6261,markdown,121,a76cdf04679f5f84775599e05adb8d29de5428f338ce1fe3238311ab332801b1,620dd9f275c0af1c16a9dcdd8461fe63b5e2f5f7
CBBH,BB/hackinghub/Client side/RegEx.md,284a0a42d23a00f2b47b7460371a517a14cb6261,markdown,29,28c74833c1ad5de7e637e679ee9f061bfaeea6f650383f49204fc79a5d05b07b,af51a3b149e4a732d0ff5f2885298d10ac5f9944
CBBH,BB/hackinghub/Client side/XSS/Blind.md,284a0a42d23a00f2b47b7460371a517a14cb6261,markdown,160,3bd0acd1140c2818cb06adb08ddf9e039475c70c0e4d491df8d8a2a6432122c2,32a188b4751e0169d19fd5471318859d87d01964
CBBH,BB/hackinghub/Client side/XSS/Filter evasion.md,284a0a42d23a00f2b47b7460371a517a14cb6261,markdown,369,924ab797f21dccfc7f34ca5c9f24864ce1bee4c9a49badf1a82ba55447a2fc3b,8a78b77272b3c05bb42066b42184431926ddc510
CBBH,BB/hackinghub/Client side/XSS/Markdown.md,284a0a42d23a00f2b47b7460371a517a14cb6261,markdown,154,f26886295c381c62b32cb2203297c9c64c18b4d67e3205d62121855c6f8064b0,e327b6a32c748d4d29bd13d3476b7b1435ad3725
CBBH,BB/hackinghub/Client side/XSS/XSS.md,284a0a42d23a00f2b47b7460371a517a14cb6261,markdown,880,4eb50f7fe75c3c78315cf8930590114ce0a7f9e3874f8a3f127f1613f14ceaa0,a61ad9189e0e98f2ac18e214b0e30c57f0ca299d
CBBH,BB/hackinghub/Client side/postMessage.md,284a0a42d23a00f2b47b7460371a517a14cb6261,markdown,2335,cea0745237d8e659662985fab0d3bf2440e4f77e9fc2d0d9573aad2e0d5c7dd1,7dd24bca0a8732ed689362007c26e0d57eda0a0a
CBBH,BB/hackinghub/File Uploads.md,284a0a42d23a00f2b47b7460371a517a14cb6261,markdown,2671,cb2025c68a436086d06eea0e4917e30dbb8d2a67fce4a5f4f3fa956af8ee7d17,03d0e13ffcdf773107ad9a637b59191e475e3ce7
CBBH,BB/hackinghub/Insecure Direct Object Reference (IDOR).md,284a0a42d23a00f2b47b7460371a517a14cb6261,markdown,234,9aac9d7025b10a1a9cbc38aebe3c52338e3423c4cb2c4a0b96a597790b3bbe60,47d914ca6559f453f47d5ed281442cc0048a59b0
CBBH,BB/hackinghub/JWT.md,284a0a42d23a00f2b47b7460371a517a14cb6261,markdown,893,cc4def02f916d1341150e27f8e2d45970444177769e2bf48e35978291bf74127,be0ec81db547bad75f180727102349e4d353a5c4
CBBH,BB/hackinghub/Local File Read.md,284a0a42d23a00f2b47b7460371a517a14cb6261,markdown,89,2850d8cba1a2dacdad992ac65d1d726ebde7c72b9981cf36f02502b5fcd41e34,623cb14d936db5d010c06deb56c0eb763491e60b
CBBH,BB/hackinghub/Login Pages - Authentication.md,284a0a42d23a00f2b47b7460371a517a14cb6261,markdown,2103,2fc6e65a75c8bfedf0f4c8d8d13854221586afc08b24db4ada45e920dd312375,c292c15c1459c50757746a354737379aee387272
CBBH,BB/hackinghub/Open Redirect.md,284a0a42d23a00f2b47b7460371a517a14cb6261,markdown,916,b566542d59c689d350fa8f7d2892782056e04765a7ac3aa25b0e5517d232148a,2173cd2423663dd431e6b175cddaf010368a207e
CBBH,BB/hackinghub/RCE.md,284a0a42d23a00f2b47b7460371a517a14cb6261,markdown,947,c06424745a4e453339705168dbea40ae490c020ccabfac631c4234ffd08f415e,d82aca85c94f032619aceb6f69f591f710382884
CBBH,BB/hackinghub/Recon/Certificate Transparency.md,284a0a42d23a00f2b47b7460371a517a14cb6261,markdown,411,bf939a1fb4ee488e98a3f69abd1890ba18a9329fcdaf64fc8062500c2141a713,a7fd19c16ff7c7329857bf716c810697ac5c0fe7
CBBH,BB/hackinghub/Recon/DNS.md,284a0a42d23a00f2b47b7460371a517a14cb6261,markdown,656,caf8b2f68a411f6098bb713bce2d216c0edfcb63fed8c48a6d3b07bafffc7e62,3492074fc09e43fed4027da82e8e22863be3011d
CBBH,BB/hackinghub/Recon/Google Dorking.md,284a0a42d23a00f2b47b7460371a517a14cb6261,markdown,114,9a3374f327ad50df63878a3fa15a71db9380e620872896249c4b29f6539287c4,79d7a657420d6e67032e21ee9e0137f8f16a103a
CBBH,BB/hackinghub/Recon/HTTPx.md,284a0a42d23a00f2b47b7460371a517a14cb6261,markdown,149,bf6e09136c39852e36a345e130f5c3fe9f8c5e7e2b2f80581e52fc1f4cafc54d,d3ac587066b969c6ec65914d058f08c9d89aa0e6
CBBH,BB/hackinghub/Recon/Shodan.md,284a0a42d23a00f2b47b7460371a517a14cb6261,markdown,29,de55abe49a01e12f7d49a23f69aef89441767f068b6f2f34dd3ceb4b22b3d2bb,6bb3e2ed9c9fcd5daaedfc05cba8153f9e354bc5
CBBH,BB/hackinghub/Recon/Subfinder.md,284a0a42d23a00f2b47b7460371a517a14cb6261,markdown,279,86dbf58f5959778a85ac913eb00e95ab74a05078a9b945491576e420490814b2,d2ab34804c2da1f9e8777a8eafea27fedd51ae38
CBBH,BB/hackinghub/Recon/ffuf.md,284a0a42d23a00f2b47b7460371a517a14cb6261,markdown,3292,e1ca80afdbc1e8d50e6a93f4d3f6ae06137c6037bbbff991a56d8701dd58be90,814a9ccff93cea90962071a470ce7b67acaad085
CBBH,BB/hackinghub/Recon/gitTools.md,284a0a42d23a00f2b47b7460371a517a14cb6261,markdown,149,a34010f052b6d5c04f2abdf3c5654a6f2cbc22bd686a37d301f5bcade1cbd1a3,327508268e00fa04871b9b4f134ff81b9707434b
CBBH,BB/hackinghub/Reverse Proxy.md,284a0a42d23a00f2b47b7460371a517a14cb6261,markdown,202,12312bc85b7bfd0b4a365a9a5b9817ea7afe2d51897a21c272e2045808d5ac84,0bedc4bec404878bc6bff04125d302a57768aa78
CBBH,BB/hackinghub/SQL Injection.md,284a0a42d23a00f2b47b7460371a517a14cb6261,markdown,1555,4a6ff5d6d394f133d4d8da9d1c58252b6ceddc9c8b8e7efe769d7496d8e30b26,cfce43c959408091e10a5ae06659c84cf946dc84
CBBH,BB/hackinghub/SSRF.md,284a0a42d23a00f2b47b7460371a517a14cb6261,markdown,2211,f2c740d58fe4e98ddc57f699538b5d2ee5f8ee9e915de4c8937f19e27743d01e,b4553cb8f94b45ca3ff3a5da4ab327ca47ce7f86
CBBH,BB/hackinghub/XXE.md,284a0a42d23a00f2b47b7460371a517a14cb6261,markdown,2729,a409a4f32a3653762cc08612d7fd986f4dd15557655d053d7dda291ae13c60da,5c5858bb66cb6c485cdfa310301c0238a90490e4
CBBH,NahamStore.md,284a0a42d23a00f2b47b7460371a517a14cb6261,markdown,675,be82776128ab82d6865ec4a17c513d21755e37441dded5dce7c5e1e0aea0032e,3fc5d7fdd80d8a6ee8ae9aca150a4eb02d46911b
CBBH,Owasp top 10/1 - looking glass.md,284a0a42d23a00f2b47b7460371a517a14cb6261,markdown,144,afb2c20503ca07b20c6810a93f36bb1c6e6baf980afa2f2ca98278ef1faa737c,714333dda8dbacebd53e5a5775610302c1598651
CBBH,Owasp top 10/10 - baby breaking grad.md,284a0a42d23a00f2b47b7460371a517a14cb6261,markdown,233,0aed6e8bf6fceea1bb7e61d6863456e017c3dcf853ae52da6e726ec591ba235c,a34a8600ff61973bc55333739ee9c71253f61f32
CBBH,Owasp top 10/2 - sanitize.md,284a0a42d23a00f2b47b7460371a517a14cb6261,markdown,71,c523ce7793d1c48e3d69740b5e5d8f10872bdcafe85da04a24aba9e99775d9da,93dcbe2317f2a81f9ac04a04145f5be90e6dec7a
CBBH,Owasp top 10/3 - baby auth.md,284a0a42d23a00f2b47b7460371a517a14cb6261,markdown,161,2e03c02ff1509e9354d384048d915f27c8c20e9b844d86b0a58c829690631bed,5c9946d4daf0a576ae4a327554d3e7e1dfd8f231
CBBH,Owasp top 10/4 - baby nginxatsu.md,284a0a42d23a00f2b47b7460371a517a14cb6261,markdown,262,bc162c562716aa5f76b148677168d4739a0e5e3fb54b4f7758e9849e00ae9b89,40e2444dba1495c7b995b00d8733880780e75e51
CBBH,Owasp top 10/5 - baby WAFfles order.md,284a0a42d23a00f2b47b7460371a517a14cb6261,markdown,1473,25bc38d4da2b4db68c854417921559123af0cd514186252d9c4be87a60f4a366,ce32f1e32e148e22dc153804bf037d7568528e71
CBBH,Owasp top 10/6 - bay todo or no todo.md,284a0a42d23a00f2b47b7460371a517a14cb6261,markdown,169,ce1f05b94a7170a48a215274eefb5520cafb14d5c6cd0e94c146612643b40848,9ce2e273bea49c99976baee04138aeacd085b8aa
CBBH,Owasp top 10/7 - BoneCheweCon.md,284a0a42d23a00f2b47b7460371a517a14cb6261,markdown,43,53ec9be1f4f082259327040b986eb8651bf4192a26214f0778eaf2612713fe18,3c749265e26664688fddcf4a6ccde5093c726d54
CBBH,Owasp top 10/8 - Full Stack Conf.md,284a0a42d23a00f2b47b7460371a517a14cb6261,markdown,43,c36ca35741c09eb90fce283cc88373179df69edd91e1e7c6788f8ac541909033,1b789339be4c4ce9deae054245c390370c6dc5d4
CBBH,Owasp top 10/9 - baby website rick.md,284a0a42d23a00f2b47b7460371a517a14cb6261,markdown,1287,ea0c8def62a96b8991303b333b1f7d7052a0706dc40cf17a831497e80fbff699,4f05497524d49b1ff887bb431d93696800934cc5
CBBH,Study/API Testing.md,284a0a42d23a00f2b47b7460371a517a14cb6261,markdown,1440,dfff530ca9cc967866858fbf920eb235ceae73e799f3a8739041416193cfa5fc,9bd5ec97dba514b6c4e72c24ccb7f4458855d961
CBBH,Study/Authetication.md,284a0a42d23a00f2b47b7460371a517a14cb6261,markdown,145,a4c59aa517a2336a2362870dedfd91aa752265dc1f3ad1da463da4821afee1e4,69351aa035a48d1899f58bfa31e20772dd670f82
CBBH,Study/CORS.md,284a0a42d23a00f2b47b7460371a517a14cb6261,markdown,3424,db84fb213f7bf4ca8452fc54f7e0a6deafcde0275c9fad7b14cdfd919ffd6a67,970584a49be609f08791db112ec2e79ee88d93f6
CBBH,Study/File upload.md,284a0a42d23a00f2b47b7460371a517a14cb6261,markdown,128,12bf61662af8e33296e4dba1dc5363704d34d3fc4b13f206bddb86ffe8a25563,dce7a0e0d5b29a99ce3171574e1825f32a6a8088
CBBH,Study/GraphQL API vulnerabilities.md,284a0a42d23a00f2b47b7460371a517a14cb6261,markdown,2207,286d3d6a506e43c9d0c6f7e57a63926300d0e8692c1516bbbfcd63fb4b93a1f4,918a96c8bd1f94bfa2c79a6bc092231fe0d3d6d8
CBBH,Study/Path traversal.md,284a0a42d23a00f2b47b7460371a517a14cb6261,markdown,1690,2723e3318626208c8b28757e44b30f608bbe2d8ca7a58175c891e6dcd21bb5b7,0d90e66c9d395c6b9a089648bfcc56eb6d0c5734
CBBH,Study/XSS.md,284a0a42d23a00f2b47b7460371a517a14cb6261,markdown,1291,faeef7d19ecfad8ff4139b167977212112d282316cfdda176a73f5dfa1ae663f,264e5c26b02f7ab2658b482ca44170cb96922ab4
CBBH,Vulnyx/Bola.md,284a0a42d23a00f2b47b7460371a517a14cb6261,markdown,1434,63b14d5530376e5dc4b4da0c1478653288211e0e6693990df20e44fe546194af,e52682e31642ef33ccb0fead10772d578bfa0648
CBBH,Vulnyx/Jarjar.md,284a0a42d23a00f2b47b7460371a517a14cb6261,markdown,113,06d89b1b19dc47ff05d272867dfda20ea29484bc0f1ad8863001704843d9d40c,8a25881c8ff1fd3394abc8e7151c9338919a6ac1
CBBH,Vulnyx/Vulnyx.md,284a0a42d23a00f2b47b7460371a517a14cb6261,markdown,90,74b3b7d1d065ba1895bf56a4dcebb622a015bbf5724c82880bf9b2d22046050e,7a92952d2f1404e83119f7cf85caac4e1fc829e2
CBBH,images/Pasted image 20240920054847.png,284a0a42d23a00f2b47b7460371a517a14cb6261,image,48810,ab6f3f70ef39ad102b84707c42c2586f3975fedba053c2e8af450a44f4014037,84bcd6e4562a24d1d85c23bb081e32a00212e758
CBBH,images/Pasted image 20240920054915.png,284a0a42d23a00f2b47b7460371a517a14cb6261,image,174353,54abc105470d48054a12f1ae0d122b061ef3a4249f0080610a9004fb4a8ee44e,8a4936b5b830c4e86339c2d42efcb5aee042b8ce
CBBH,images/Pasted image 20240920055622.png,284a0a42d23a00f2b47b7460371a517a14cb6261,image,226584,b3222d6c7c223b3b64a6cb1d4d3247c741d5a6bcaa01baa26f95300e5d6818f2,1b9241c88adb08bd8809042a90cfc12bf35b78be
CBBH,images/Pasted image 20240920060131.png,284a0a42d23a00f2b47b7460371a517a14cb6261,image,205182,d8c2232a0dab2bbee571a32347b40ec62498a7f9695f5d1def15bda52238cf1e,842a0b90c63a106b58a7e91f701668c05a5bef06
CBBH,images/Pasted image 20240920060145.png,284a0a42d23a00f2b47b7460371a517a14cb6261,image,266897,f7d2816f11b12c3927d34a10d6fbe921cc4b92a6113b00426d485c812f7bde8a,240ebbefab8b956dd3e0baf4a73f99dcbb6e59cf
CBBH,images/Pasted image 20240924131509.png,284a0a42d23a00f2b47b7460371a517a14cb6261,image,581415,2689b26d92b361f5bd54919fc2e57185700db2ceb55f5885526c532d39f2797a,ce0ff2276337ebdc7fdc5376f907e6419889a14a
CBBH,images/Pasted image 20240924131804.png,284a0a42d23a00f2b47b7460371a517a14cb6261,image,287567,2af682ab7f9525484eecd37be9e932e1e4fe0f51b96b1720db8181693154647a,954b2abc6052a4cf10ce3c10eb8ad924c740d27f
CBBH,images/Pasted image 20240924131818.png,284a0a42d23a00f2b47b7460371a517a14cb6261,image,258387,f91d2705b6a6c3e3c337a1f2a3c6831b994473f53f9f56ac6d71b25fc7cb6097,bf661742e690e3a215373edba1ebec7f08c50e73
CBBH,images/Pasted image 20240924131845.png,284a0a42d23a00f2b47b7460371a517a14cb6261,image,536419,ad85fe4e1a491a84d5efbae0c6fc6bafb3dca30905657ab87bb25fd7ed43a155,4789ef528b3e3103b0168a9c8b4272d2f582d127
CBBH,images/Pasted image 20240924131859.png,284a0a42d23a00f2b47b7460371a517a14cb6261,image,700413,aba7feac227df69a9f805612461708c01ff35f8d5e53b9f462a37de187b9d56c,c9012034b5faa7c1f9e9f3ef3d059f89192c5ebb
CBBH,images/Pasted image 20240924132322.png,284a0a42d23a00f2b47b7460371a517a14cb6261,image,255355,6138317a2515eea2e834ca580a84d075f4147f36843331446d38c90407123b6e,0ba9c7b05e19712ae36865b8f77e276e79216b44
CBBH,images/Pasted image 20240924132345.png,284a0a42d23a00f2b47b7460371a517a14cb6261,image,497205,b1d637dc2d16416dbbf233ebd626a5342ce3d656c8e9b3bd1b7d00364d29cb8b,838a46556ee40fbe4f58bd77028d06155216520c
CBBH,images/Pasted image 20240924165759.png,284a0a42d23a00f2b47b7460371a517a14cb6261,image,497205,b1d637dc2d16416dbbf233ebd626a5342ce3d656c8e9b3bd1b7d00364d29cb8b,838a46556ee40fbe4f58bd77028d06155216520c
CBBH,images/Pasted image 20240924170017.png,284a0a42d23a00f2b47b7460371a517a14cb6261,image,595932,945c5f714eed51ef0c2d9a2e736966c6705a8d253b7a6f0fa6d0a5639c68a464,9901f6d4e5c49fae7191d2090e731b8cf8cd2cd1
CBBH,images/Pasted image 20240924170151.png,284a0a42d23a00f2b47b7460371a517a14cb6261,image,167708,b21d09453981bfb3567478058bb7c5e2bc4e25eb5f5e6d409cdb90d2496a2682,efefca3a5b31ee66ab907a68b13d3be726cbe521
CBBH,images/Pasted image 20240924170234.png,284a0a42d23a00f2b47b7460371a517a14cb6261,image,178456,10f6d16fbdf070bcd18e160658c768db751b65d971c9483b95e0ee4044f6c807,230b6dd9e3038346e0f665bdac429007e7426028
CBBH,images/Pasted image 20240925124701.png,284a0a42d23a00f2b47b7460371a517a14cb6261,image,39400,a5c5195bc4a2689735b0b76d5abc2194b847113be75e3f95237ab76715d410aa,45013b49b0e8bd0d80466920332c33d245c28a6e
CBBH,images/Pasted image 20240925130423.png,284a0a42d23a00f2b47b7460371a517a14cb6261,image,43520,2a21ff8385c06c3f945d6657af1e54d143b3863e6322b41afccd209d9046e284,f957c70ee1ddb2e1ed66dc2a2c5ced60d5aa6f6b
CBBH,images/Pasted image 20240925130620.png,284a0a42d23a00f2b47b7460371a517a14cb6261,image,30259,474c2d1a61bdad6e6f53c234db0954d89eadacc2e5f123c2cc42bd1a56a9783f,3fabefcacb7122f6fbcc79f2c49ff3e8e7e207cb
CBBH,images/Pasted image 20240925131852.png,284a0a42d23a00f2b47b7460371a517a14cb6261,image,37514,4120d27aa247e82052db4840e7fc5a3a98876f843e2d557496a7f759ab82f3f7,98f2fa4df8a682ea2a087ce2710f22b1de742b72
CBBH,images/Pasted image 20240925131902.png,284a0a42d23a00f2b47b7460371a517a14cb6261,image,21648,12f45af034746b70805a0514174fcb6f2952658f5ebb6ff0eba7cc8dae7243df,1072d9aa8c9e0019d432d4aa4086a955e09a4f63
CBBH,images/Pasted image 20240925131922.png,284a0a42d23a00f2b47b7460371a517a14cb6261,image,32735,ba241363692c79abe8d8d1b6e28a6ba47b02cabd529143eb648a02b04ad97964,07a63a4be02e12e8ffa184fe7dfc5117000b6809
CBBH,images/Pasted image 20240925132514.png,284a0a42d23a00f2b47b7460371a517a14cb6261,image,75721,8deaad5a467e6eb6e7164233e6f0a0f7ab3590718bfc2176228493a34c5248e7,a5fe07be0a1c37b326e844aa164212b7f6b0250e
CBBH,images/Pasted image 20240925132609.png,284a0a42d23a00f2b47b7460371a517a14cb6261,image,20350,e09eba719b1c703e1e1cc06886e83a362a3c1b3ca242c61e1e95c7536e48574f,59118632fa23235243683b4accfd6958e25b60fb
CBBH,images/Pasted image 20240925133254.png,284a0a42d23a00f2b47b7460371a517a14cb6261,image,71228,44c9b47ff2a4fc8a997ac7a6d89b655bced38a886d327e6c694a0d550c823cb7,5bdaba08c733b01eabf244d615a6ec807c722775
CBBH,images/Pasted image 20240925134531.png,284a0a42d23a00f2b47b7460371a517a14cb6261,image,17682,de3a89a47aafd9efeff7608a5031aee7744de239a548e9a42241f0c13b61d52e,ef4f534e1db93d8b4436a809548394196875b00a
CBBH,images/Pasted image 20240925134739.png,284a0a42d23a00f2b47b7460371a517a14cb6261,image,28679,2be7c4eaf0acad40a961b3fc2cb0fed978feffbdcb624a1576aee8128f4061fd,0b8a0b71a5c95df38a9293d483001e08ccddf073
CBBH,images/Pasted image 20240925135308.png,284a0a42d23a00f2b47b7460371a517a14cb6261,image,17730,eeba10adea238e6e68400e32b1a0eb2087607c934a654893ad0a325026371b3e,83bbcfe8afb8dbcd4e7b6f71619fa82f0d3c5e28
CBBH,images/Pasted image 20240925140558.png,284a0a42d23a00f2b47b7460371a517a14cb6261,image,40638,535ff2fd20b3a0a9e11a99c04dc4e63a2002a13db2da824e5b26b324d8cc25f6,0b71d7a937b8e0d566b25d37bfdb6cac615f5ac9
CBBH,images/Pasted image 20240925141625.png,284a0a42d23a00f2b47b7460371a517a14cb6261,image,38567,4e733f6af07fe5ed1056a5275653913a0cc0e06ddec0d075cf5e668b08dcca7f,16abdc27c72249ea784d610fe3c3535d5c6c9378
CBBH,images/Pasted image 20240925141911.png,284a0a42d23a00f2b47b7460371a517a14cb6261,image,51145,293b5f2b2f753b7dbdb02c5932d71417bdcbb2ca0dfd3826756cac1a0ad6a2df,87dcb422a9f1dd10e142d64724940afd163611ea
CBBH,images/Pasted image 20240925174335.png,284a0a42d23a00f2b47b7460371a517a14cb6261,image,64210,846ee674cc85c462530e3eb2ece147ef404d7c105b9c2ad3f27d96ee663270f8,d3406e34eff74ef7a41e2b0f89660f11171f1bbf
CBBH,images/Pasted image 20240925174605.png,284a0a42d23a00f2b47b7460371a517a14cb6261,image,25495,3247ffa40fccb83631ad2c85b3d40b5ed6b035fc482e313c68c8143b1e7b32f9,36522243f5c738fc6e1ec68c721cfd536d9f552a
CBBH,images/Pasted image 20240925175627.png,284a0a42d23a00f2b47b7460371a517a14cb6261,image,10133,8d5b8c5439a2254ae1d19e09679c09ebaf500f8b261f8394619a2e2e9ceca79f,1e6e857fb3ddf56fd4ef4251bfac0f4f2182edad
CBBH,images/Pasted image 20240925180027.png,284a0a42d23a00f2b47b7460371a517a14cb6261,image,82435,3c2c0112c419940b7c664e86df5cff0276245987332eae5c0406bc7ae47a161f,5b2209acc83cd49de6fd5019c434fd9289ff9e95
CBBH,images/Pasted image 20240925180140.png,284a0a42d23a00f2b47b7460371a517a14cb6261,image,66983,5c040e685b83626b4a25fc7f1a552a4530bf8b7454fc2a097a274ac886e206c7,4803da46ade5a8f100d8707dbb1c8c08801537ad
CBBH,images/Pasted image 20240925184319.png,284a0a42d23a00f2b47b7460371a517a14cb6261,image,155516,1ee2ce45a19d9bc76d63d0ef5218660a81078ef309c8e6d06c75eb7eaee1e7db,434c29f4d3d146884722a894f21ac953dec17661
CBBH,images/Pasted image 20240925184531.png,284a0a42d23a00f2b47b7460371a517a14cb6261,image,8091,1d4565b23d71295d5906cfdf77a86a618e11238beac2ba102743fd8f829768f4,c1d074af1e72a1b01454f01c0279143983d62418
CBBH,images/Pasted image 20240925184612.png,284a0a42d23a00f2b47b7460371a517a14cb6261,image,6508,8b81ede9662f2d2aad97a4fa5ae7663bcca07cdc8a4f89299ee2c12d1be65855,48e9f3d694f8b2dffa7d2088389d08d3b4d2d8e8
CBBH,images/Pasted image 20240926135013.png,284a0a42d23a00f2b47b7460371a517a14cb6261,image,60272,61b41523483cfb9e7d8a1e8b1dcd0b99a3316736c643e63c1e1d909f14eafd54,6bf5f273d58787237f9d38ea5b21c904f020d9db
CBBH,images/Pasted image 20240926135645.png,284a0a42d23a00f2b47b7460371a517a14cb6261,image,69064,4ea0ad4139453fa4cb4cc8df71310cde5cabc9c694da6b06a4c676990dc898f4,b6d4eb66b60d3d3e9f2ee159fbbd9173f8b26cd4
CBBH,images/Pasted image 20240926135722.png,284a0a42d23a00f2b47b7460371a517a14cb6261,image,16764,c8017b164c08c5bef97197b7b36f3f6a6b468872e937a545536374431da1a144,5e669db44440e2533c6d4d0b2a3877b48bff1eca
CBBH,images/Pasted image 20240926135907.png,284a0a42d23a00f2b47b7460371a517a14cb6261,image,4614,2b510234b056061a60abb5dc8416694f79db05a3da09d62831f851f11f9ce7d9,fbdaf82f7ca9acf909527040a684250abedd832d
CBBH,images/Pasted image 20240926135929.png,284a0a42d23a00f2b47b7460371a517a14cb6261,image,40951,af0bdcd591bdc21b57061541f44861c9b6bd52a42fe6854bfceba2291173a9f6,0a09b99dadaa29f0fb4383c061e2d15b24fd6561
CBBH,images/Pasted image 20240926144659.png,284a0a42d23a00f2b47b7460371a517a14cb6261,image,24734,0560a5e145429d55b8029744d4c562de15a283697d96517b698010936ee2ac48,1c5aa97a8ec94e6ada5a8abaf4f2a92cd0a73cd8
CBBH,images/Pasted image 20240926150202.png,284a0a42d23a00f2b47b7460371a517a14cb6261,image,11857,53487ef036f455bcec7fc6cc996159abfc95eb907a539bc6fb0ee534373b8096,d14cf6c0d4f04d55c9cb56a302aa80614a24fa6c
CBBH,images/Pasted image 20240926150255.png,284a0a42d23a00f2b47b7460371a517a14cb6261,image,64853,5e9609af9ab95ef27a03810777cc30f99a2565b55067fb935be2719584e032b6,016d6a3b1d2d73b23567788c946c044be6e10085
CBBH,images/Pasted image 20240926150311.png,284a0a42d23a00f2b47b7460371a517a14cb6261,image,12442,e5758e1ea03f1457464e824afeb837475053461c7ebb29ba4a7fbd369e7bf580,39b8b1f222b7518ded9bb5e722ecc5f5f84a4535
CBBH,images/Pasted image 20240926183811.png,284a0a42d23a00f2b47b7460371a517a14cb6261,image,17131,025e53a474dbca3e8a2ec82ec51510b196de58ac93b37df34801822d914e68c2,4b988bf9111db06d1fb6b259160dd082b6ba4ef7
CBBH,images/Pasted image 20240926184026.png,284a0a42d23a00f2b47b7460371a517a14cb6261,image,24268,e333beb110976dc07a9ca21c65d754b7d4104417d232432b0c059b6bc82dcb7a,1eac27529cd8ea7bd92b0af8d57294465f0d696c
CBBH,images/Pasted image 20240926184858.png,284a0a42d23a00f2b47b7460371a517a14cb6261,image,20207,7de620e0538cb3b60ed21ac0b3e4af7068daa81b7721a615162ba2ebacfad080,8c0dc0cb0491ed9f74ac5bbf98948bd3c7dd640d
CBBH,images/Pasted image 20240926185150.png,284a0a42d23a00f2b47b7460371a517a14cb6261,image,14917,7ca02ab53f94b106fe2d9790d828934aac3fa331457e1c242a7d04354665d196,584b05345bb7bfcac4d54fbb1f1d43838cb4804d
CBBH,images/Pasted image 20240926185907.png,284a0a42d23a00f2b47b7460371a517a14cb6261,image,15224,4252abafbfea31d2f37afa6e43c4be5f4cb8ee30536957a728c8ad4efbd72b71,7c0e8f3fda676fa9a77802b36243dc9ac9104a32
CBBH,images/Pasted image 20240926190202.png,284a0a42d23a00f2b47b7460371a517a14cb6261,image,24396,1f9f146e2d731388071ee444046e919c03cfd7d12609fdcb76765f27e337cc30,c18ba06852626757433c2d565692c5e044578593
CBBH,images/Pasted image 20240926190935.png,284a0a42d23a00f2b47b7460371a517a14cb6261,image,11321,55596ed8cbbba895ff99e67d8062be3967d0e51d3d779834e80982937cd88c47,d24e5300fb3741bef1f8d681f2e91a5b6c6767e1
CBBH,images/Pasted image 20240927122612.png,284a0a42d23a00f2b47b7460371a517a14cb6261,image,51058,293acb4541e0a8d8af5d4b79e3fb760fabe48652e62d2168f474e1367e868ac3,9f949b4f4bb98a85f3038e6b2a8ebbac3c65394e
CBBH,images/Pasted image 20240927133629.png,284a0a42d23a00f2b47b7460371a517a14cb6261,image,31870,4f0d4c02be4de575bb622ba188f8cf240a8087e7657c5a99dca6d42c199fc9dc,5fe88db4d8b14996137a8538b91b2d21c0a51720
CBBH,images/Pasted image 20240927140045.png,284a0a42d23a00f2b47b7460371a517a14cb6261,image,21322,7b062628e484fdd6ad97e1657594a7caa1f5067104047190fbf71dd681687095,2259864f26fa319b004b120d273893e9eb49bc07
CBBH,images/Pasted image 20240927140239.png,284a0a42d23a00f2b47b7460371a517a14cb6261,image,34824,10e25e207e278525284cb3713438be4646e3f5da4cd54414bd518c17c1c4247d,3c7bdc94600fc0a171c7fe07596a21c8aa37a023
CBBH,images/Pasted image 20240927141007.png,284a0a42d23a00f2b47b7460371a517a14cb6261,image,27374,583e31101a7093c58749a2cdcaf999c3432ae3c34f92d7f72dfe9498197128ab,0fb19a6a23ab88597a9be23ce013aee1bced0455
CBBH,images/Pasted image 20240927141612.png,284a0a42d23a00f2b47b7460371a517a14cb6261,image,58159,1f169d6d2fa2aa57ef8a7e3c4f223e63fca3033397f0d533737f070b74462dc3,377a162d53fa6063a1c4392af1761c8ce0d4096f
CBBH,images/Pasted image 20240927141922.png,284a0a42d23a00f2b47b7460371a517a14cb6261,image,22794,49d416128e38e4218afb5a3b5a6757a898e0d0ac453b798860b4ee63b9c69f39,9a433f604692ae702f28f3175053a75934114fa4
CBBH,images/Pasted image 20240927143922.png,284a0a42d23a00f2b47b7460371a517a14cb6261,image,23428,41083e59bf3822a09ef5acb05dccedf72e8c720d13e5b9c12f07d8dc5cc9ef1b,26f130b2626e202eebc269cc1551920559d9e8d7
CBBH,images/Pasted image 20240927144017.png,284a0a42d23a00f2b47b7460371a517a14cb6261,image,28908,ca6b240d702b4a9e6f30af5ac6dd31bed42618a584e3c5101f17434d46bc39af,e86f8eb6df8d26359aa75ebd47dec9bdaab4a60d
CBBH,images/Pasted image 20240927165928.png,284a0a42d23a00f2b47b7460371a517a14cb6261,image,83099,63dd329c94e3007bb27c49c6a61eee67690492bec554bfb1ccf7555e7ebbd57e,43a6019b062940152b67104b446de46fa7ec89c4
CBBH,images/Pasted image 20240927170222.png,284a0a42d23a00f2b47b7460371a517a14cb6261,image,12538,89a91a9ae94652a732ab9afdfc63521a01dc54f4743306777770946c111aed43,35facda0abf59650d8c41d476ac9580559b6f7e9
CBBH,images/Pasted image 20240927170517.png,284a0a42d23a00f2b47b7460371a517a14cb6261,image,12335,787949745443009a447c9373e416157eccf8ed11a4cc57b508b09e5ffb416b2a,1da34be1552e8bd58018ad61e1be426b4b3139bf
CBBH,images/Pasted image 20240927172309.png,284a0a42d23a00f2b47b7460371a517a14cb6261,image,30782,f760422f6c364a826de36707a48478baf6dbac91a6b8e6a00849ec6b71650707,e9925667b770ea4991c48c43719a1fba799d096d
CBBH,images/Pasted image 20240927172607.png,284a0a42d23a00f2b47b7460371a517a14cb6261,image,21219,f2d060ee89c1b6a68b7a0b3ee7c60063febe619a46b5d52899232a588ed7f7db,8373ec98306dbad2551cda6cd751a3ba1b45ebbc
CBBH,images/Pasted image 20240927172636.png,284a0a42d23a00f2b47b7460371a517a14cb6261,image,55252,f776d8605dd6b2e70b75c2a084d9a6bb41e95becf6c21773429f982713ececed,95babf0dd63cc5b884fe00225969d9bbdbf339e7
CBBH,images/Pasted image 20240927175051.png,284a0a42d23a00f2b47b7460371a517a14cb6261,image,68583,53150a7c6388d639497ff8909496b26eae1534c04151fd32d94c54daf7eca7ae,6e16d6bd042ce9495e692267092ae68d958620f2
CBBH,images/Pasted image 20240927184620.png,284a0a42d23a00f2b47b7460371a517a14cb6261,image,4770,5ddb1923680cae9ce7c4748a03ecf87b06c59862031921f9e41bfd25e42aeaa0,a070329a5bcc90f0b317b9f53d255cb95e4b2a81
CBBH,images/Pasted image 20240927185229.png,284a0a42d23a00f2b47b7460371a517a14cb6261,image,63012,4e2ef65f3c52b8acbe43f4c69db4e0d6ef48892cb77b1454479ddc122f3b9829,55d19002669f602062f91e84884d8c590608ba79
CBBH,images/Pasted image 20240928120027.png,284a0a42d23a00f2b47b7460371a517a14cb6261,image,32918,988695e7f53c7067a1bd02be3b19caac03ecf0307350291fd67b60556f5ec3ac,aef592841aad62156763fe6fd5061936e2ef3544
CBBH,images/Pasted image 20240928120156.png,284a0a42d23a00f2b47b7460371a517a14cb6261,image,7795,f83cee9faac25d80c6e7ba8d706136cd0aad3ec54acd0323d906507deddcebe6,8bbb7c338125f4055c82c58c7f78be261a98b749
CBBH,images/Pasted image 20240928120748.png,284a0a42d23a00f2b47b7460371a517a14cb6261,image,58484,513f955152cecdf5a8c9c1d679146a0e32a6afc43c9bbf81af2987a525757dc3,fa169adff9c8c92f1a6c5b7f1eea3e9388de822c
CBBH,images/Pasted image 20240928120807.png,284a0a42d23a00f2b47b7460371a517a14cb6261,image,20255,d57f4f812783c3e663007056c2508018c27db9b7ff619a99ed1a71354fc5be60,a9f807c4cbe7ef041e2c5668772fca9b3e6b44b8
CBBH,images/Pasted image 20240928120925.png,284a0a42d23a00f2b47b7460371a517a14cb6261,image,22103,981292019c968bd96ec8b1c8f2ea18b9287034bbc00e8e86a02a6047e09962c1,f1a599883d5c28f477a74513b566f61afcd3b00b
CBBH,images/Pasted image 20240928125412.png,284a0a42d23a00f2b47b7460371a517a14cb6261,image,13434,32bd11f10168505d8dbfd0bdfde63908b1cebabb7ecfef83a88993416f3356f3,6a507b8b900fd73480e5f397c83135c3766cc2ec
CBBH,images/Pasted image 20240928125529.png,284a0a42d23a00f2b47b7460371a517a14cb6261,image,14924,a87fd100f2d55b661b95cd67eff43fcb87393e02a96601855bae3c4f6dfa4ed4,848ef1f1cb6052dd55736d6787fbde5e046c5f47
CBBH,images/Pasted image 20240928125812.png,284a0a42d23a00f2b47b7460371a517a14cb6261,image,9613,7bc1c351f25a49ef7866f671a71d4604336a2e4dfc5368b274a0ff76b40ac889,0763035338cd342daf659297a8c032b5f88bb15b
CBBH,images/Pasted image 20240928125855.png,284a0a42d23a00f2b47b7460371a517a14cb6261,image,17784,97efede0565b14287278b89d23ca862b966c51cf127ad6ef5038f376403dc2db,011ded4e26f1c51385495b8f05914325dcaa681c
CBBH,images/Pasted image 20240928130056.png,284a0a42d23a00f2b47b7460371a517a14cb6261,image,16382,f4c15c8ea0991edaabe85efb18d8664304c41e4e9b63b318e0ad43db97fc229b,df0b8d3f325fde8d5474d670ef58f340174253a4
CBBH,images/Pasted image 20240928130408.png,284a0a42d23a00f2b47b7460371a517a14cb6261,image,7238,f627434bea3f196d754ede1549f3b45c67fbc6e347da3ae7e5d059afa3bbdf8e,c9b91c771548c4c18dd0bafada72f81c8cfb1fa5
CBBH,images/Pasted image 20240928130438.png,284a0a42d23a00f2b47b7460371a517a14cb6261,image,5678,b2e0e35044c8ab6b21765413d8b1704fadd2b1f1ec386daf1a2b0ac7a28d4399,a243ca6d20a38a47883edb0972894917ec4e6b53
CBBH,images/Pasted image 20240928131305.png,284a0a42d23a00f2b47b7460371a517a14cb6261,image,12534,fd5559d8720629ebc6f6e6d369882d8297929882b7a66172a0b9188f5c59e948,64f65d92be630adf571736a99ed465e3f9d07a7c
CBBH,images/Pasted image 20240928131523.png,284a0a42d23a00f2b47b7460371a517a14cb6261,image,8449,2820cf945b0b1f4f5d72da70b6dc3e5971bd19a8bce4fc810057da74b9123ebb,8e8f0b820c1e9f8d98ce8cffb09cb40f1b02898c
CBBH,images/Pasted image 20240928132338.png,284a0a42d23a00f2b47b7460371a517a14cb6261,image,16452,273fc01ec93ef48bbf7686b538df166d37e6711e84d3f369c66afac0fb39685b,7704ef071730b5fd1c1f3a393bbfecdb2f904162
CBBH,images/Pasted image 20240928132722.png,284a0a42d23a00f2b47b7460371a517a14cb6261,image,14171,3be07ecd1c752d56ff9a33ba8e9e6a0bb4133b5af41dae592d676166b1b98b22,acccf9cfeb3f761f94bcfa3ab01be83ef90fb6ca
CBBH,images/Pasted image 20240928132821.png,284a0a42d23a00f2b47b7460371a517a14cb6261,image,4969,f06b71a521522749e3bc2263f5fa421c1a97a8c8ef860ed9a25d7f6948c32433,38cdc5f7dc709d898d4dce5aa4776aa8e11cc8f1
CBBH,images/Pasted image 20240928195054.png,284a0a42d23a00f2b47b7460371a517a14cb6261,image,16648,14663555c23893bc1fdf1a9d050b9aacefaf35e47f6bb0fb968bce5b8b606936,ab47769bad58fce6bb7a7ff69506d8c186e062e7
CBBH,images/Pasted image 20240928195102.png,284a0a42d23a00f2b47b7460371a517a14cb6261,image,33119,a18041644080b207ff08a64781d9f977bf528bb2f7d398cb950a94328c7dc8c2,8b6c49c56c085b02d24ed688d2120da9f9df546f
CBBH,images/Pasted image 20240929200616.png,284a0a42d23a00f2b47b7460371a517a14cb6261,image,37899,0b49916ac683e8db6ba4497c87459fd467aea63d957d8dd4125d9f6a8f239c02,a014a69ea30892628750519b1c9b8cace6001607
CBBH,images/Pasted image 20240930183703.png,284a0a42d23a00f2b47b7460371a517a14cb6261,image,42713,0a8ed193688f3006da2b117a2a7258696a578f4d3e4313520b6fc4b15501cdb5,5aeea92e8a9b929fb4bd88019fdb4602dbcc8de0
CBBH,images/Pasted image 20241001194701.png,284a0a42d23a00f2b47b7460371a517a14cb6261,image,17007,d1c4b7601da2121f24486e476093d06a9745d31de587adf97a1295dfdb374e20,085e2f4ca075a87e8ee26f1f7b9c7362e2866573
CBBH,images/Pasted image 20241001194859.png,284a0a42d23a00f2b47b7460371a517a14cb6261,image,18532,d0d2616e82ac5b5453ad7dd5c1f43dc599bdd20b144cdb20516154c91b8b9c3e,47f873514f27061e1125ef6902237b07b1b913e4
CBBH,images/Pasted image 20241001213955.png,284a0a42d23a00f2b47b7460371a517a14cb6261,image,21225,db5f683e9cfaae14a0741f26186cdeffbada2aab9eb985e490c436731bd35c77,aac13455dc62e473dd68a9437aed0b31be8eb518
CBBH,images/Pasted image 20241002183413.png,284a0a42d23a00f2b47b7460371a517a14cb6261,image,9794,7daaaa16d677d504be96ca7b240c55c6434a3c958f778fc286f119850e1c5090,12371a4f680d1a6c085e81e1788078e039d29dfa
CBBH,images/Pasted image 20241002183717.png,284a0a42d23a00f2b47b7460371a517a14cb6261,image,10451,fc5da8fa8e5d260c308468453157720b9ee263230f7d01a7d15cc8e65c1579c2,3ffaa76e17155de669c075f4625c25b335750d9c
CBBH,images/Pasted image 20241002183732.png,284a0a42d23a00f2b47b7460371a517a14cb6261,image,15308,d3e240f25a3ea4b5a6d3001ae185dc2e67f47624b60618c5e2c809700b524f08,9a94c217d0768f5ea3754582bb96f6167ccb6907
CBBH,images/Pasted image 20241002185744.png,284a0a42d23a00f2b47b7460371a517a14cb6261,image,29451,fdbac345a2a05033d2a5fd0d3d6b180afa808efacc9b08f291bc6cc984dd7d60,939e73514d03eae28653899867a13994b2272ce9
CBBH,images/Pasted image 20241002191159.png,284a0a42d23a00f2b47b7460371a517a14cb6261,image,29520,a083dab5c11895e632fe887f5ff044864134c79c99a7d689fbae6cf91c47716e,b27138f104513cc56de9b523fe0ac5307b78d8df
CBBH,images/Pasted image 20241002191215.png,284a0a42d23a00f2b47b7460371a517a14cb6261,image,37456,3c3ababa5f91932a933207f0e7961e06e075f4c48bac5db655379084d355f685,cc902b0cab8f7fb8985485da1399c399bcd48e39
CBBH,images/Pasted image 20241002191501.png,284a0a42d23a00f2b47b7460371a517a14cb6261,image,39253,f006a086ead9fe05a7340072aecd81aeb7ac8c8c741c423c5ca47a1faa5f8f6f,7e2ea1dc8b2977fd57e593fc94d7689c61ace848
CBBH,images/Pasted image 20241002191534.png,284a0a42d23a00f2b47b7460371a517a14cb6261,image,22992,34dc6200b5b89f0dcd40ef10323b3f8efe15dcceed24930c9ce8f5cc93dec182,816d59d1040c0b2871ae64a0dba34db4a3d541f4
CBBH,images/Pasted image 20241002192224.png,284a0a42d23a00f2b47b7460371a517a14cb6261,image,25830,2673fc195c090f64d00b4828d41b59d6ae052ad701445ab5903f21d128f7d153,2a28e49f61750229c37fb0032da60d10dc8fa423
CBBH,images/Pasted image 20241003104105.png,284a0a42d23a00f2b47b7460371a517a14cb6261,image,52339,8bebe134159b0312b5b14cd4366c5640ab29e7a2ce1bd307801fe1bce0912575,9322ab98c706223c1133626d7462b34174fc0f69
CBBH,images/Pasted image 20241003104545.png,284a0a42d23a00f2b47b7460371a517a14cb6261,image,21581,0486f1ed53d2e82abc394987570cb033d885b022be0988de1da1d2522d5056ef,3f0b92b9149d52434a55c05f43f612100f5595c1
CBBH,images/Pasted image 20241003105447.png,284a0a42d23a00f2b47b7460371a517a14cb6261,image,15457,710044155224589a33f258d911cfcf8edf82741dae560a5019805f6a10615730,8422be3c0f214dbbd4d4cc200d4d587e714c7e7e
CBBH,images/Pasted image 20241003105606.png,284a0a42d23a00f2b47b7460371a517a14cb6261,image,7522,aaa8d44eea44e96d7964bd2ac7d5d318ab7074c8e02cbcfcf4df3fed66faaa71,b5950a631e8850e370c8810f767f8997f7dac35c
CBBH,images/Pasted image 20241003110343.png,284a0a42d23a00f2b47b7460371a517a14cb6261,image,10563,5a1fd1a6cf899f98437cc0685067bab7e6561442683558f547e7f5fe4e930054,b753373188d83b2dcf642fac9da2b473e8f5d70b
CBBH,images/Pasted image 20241003110412.png,284a0a42d23a00f2b47b7460371a517a14cb6261,image,17044,2b86893e66b6741fac17e4e67a0ae5381996fa326ea9436de19c184a7fc203a3,874f2338fd005c65b7a0d9686bc6861a19decd9f
CBBH,images/Pasted image 20241003121851.png,284a0a42d23a00f2b47b7460371a517a14cb6261,image,28390,379513eef1a9b87500f31baec960598b35cb85fe6bf78ee9c1d01d1ee3db6d5e,9ac4aaaf2f78530111a249ee4bb484f7cc5ca332
CBBH,images/Pasted image 20241004104444.png,284a0a42d23a00f2b47b7460371a517a14cb6261,image,39926,6d855ff9d9c776f5624f2ef0b2da1c610cd9e37af2a6049472472a2284aa7752,76ab56e993003656cf55c0cf58932881c65f33d9
CBBH,images/Pasted image 20241004105211.png,284a0a42d23a00f2b47b7460371a517a14cb6261,image,46338,52402612b226284d0f351b0e56a86950f612c7b8524beb9f3171f62861aba265,5d9e8433024cbc3183b884829ad351164b0d9040
CBBH,images/Pasted image 20241004110914.png,284a0a42d23a00f2b47b7460371a517a14cb6261,image,79572,fa68eca53d091d358540913fbab94458b08a11d8500b761e0f0b2d074b9cbfa8,71ee62af25994c33430e563113f772821632b2bd
CBBH,images/Pasted image 20241004123012.png,284a0a42d23a00f2b47b7460371a517a14cb6261,image,27703,b01a849dc686f83b7eca1542dda90b545f00e8cac6ebe5378aee276f0cf6399f,7758abfec5fe3ef69aad6e7795451d276765a92e
CBBH,images/Pasted image 20241004123022.png,284a0a42d23a00f2b47b7460371a517a14cb6261,image,19966,d99f0b1840b3ddb420eba3457596158459307c389fdb123eccaa4b9d52caf60b,cd1781dd68e03f5587c0169728f3d2de8f6977cc
CBBH,images/Pasted image 20241004130532.png,284a0a42d23a00f2b47b7460371a517a14cb6261,image,87805,056b8c82e9b95039db4e0373bc3dc62e9924ee08b9a006a98623b8401c7e0e6b,e4f9c4196799ac2ce990e756f82764f101151fa4
CBBH,images/Pasted image 20241004131226.png,284a0a42d23a00f2b47b7460371a517a14cb6261,image,11469,a6fbc61716f8b3053089df8e482f50790af879b0c4eb87254ec72cbfd7250c2b,6b39f4b18af4f188cf67bb7bc800c14d50a9e671
CBBH,images/Pasted image 20241004131402.png,284a0a42d23a00f2b47b7460371a517a14cb6261,image,24318,a0a8cb52fa503d2ea978e2fd7817b646e497c0e9983e6d4cc0741315426bae8e,c8bbd03dd5372391bc621503a48f4d74afc88e05
CBBH,images/Pasted image 20241004131415.png,284a0a42d23a00f2b47b7460371a517a14cb6261,image,9157,f22ded1bcb8ab3a460726fa78ab34759bb450393be47bec537f2ff5572baecb3,33ced0aeb00f7c5be9389220ab2f8b320bcea855
CBBH,images/Pasted image 20241004131840.png,284a0a42d23a00f2b47b7460371a517a14cb6261,image,47279,5a179e6030db562c97ec2c1886f79c9d9dddec52bb758a72d0bbd49f99bb316e,300629dccaa9658e047dd80c31c9115e3196dfa2
CBBH,images/Pasted image 20241004132934.png,284a0a42d23a00f2b47b7460371a517a14cb6261,image,67272,49c24c3f33cdfb29f4a0b13841499654e4e8d2d91ac8e16cd571287fcf7d4a23,59407a7f7004e4758e1f94b610ca6f382ab3e3a0
CBBH,images/Pasted image 20241004134542.png,284a0a42d23a00f2b47b7460371a517a14cb6261,image,29116,131fe4618f805d636687fef5a2ef7e19dbe1445bde311c682e72932103311e32,ca55b5693d1aa7ff8579ff4e7a8b2dd6b1606b2e
CBBH,images/Pasted image 20241004134603.png,284a0a42d23a00f2b47b7460371a517a14cb6261,image,3082,93a82657fa02ceca32df7524ea0a37de060e7dd774ade1c77ae11e3fcf83c3b7,68c4afe03fca310938c3e303599c34fd1663b110
CBBH,images/Pasted image 20241004134809.png,284a0a42d23a00f2b47b7460371a517a14cb6261,image,52622,b33294561f93fd84f396ef132eed289aa2a4facdf2aa5cfa24543cd9d27aa6c1,5433bea8a0dd8ac4571de56b29fb01e1b37a73b8
CBBH,images/Pasted image 20241004150612.png,284a0a42d23a00f2b47b7460371a517a14cb6261,image,59179,94cc0b472118a03a695becc54d7b4cf19cab67d07b5c47072bfcb2584fa511f0,7a126cea27ae2091f0d956edc33649cb873a21f9
CBBH,images/Pasted image 20241004152202.png,284a0a42d23a00f2b47b7460371a517a14cb6261,image,28354,13f919e01365a030fb3ceb65303987536a4dbdb77bd59f268910f1bdaad9fe6b,ff7b26de7b4db09291a9c8f5784f5cbd1a6c46d0
CBBH,images/Pasted image 20241007182941.png,284a0a42d23a00f2b47b7460371a517a14cb6261,image,110709,243de8a798fdf79a183dfe81809a98111996c33d5ae27f9c0167fb6ca8be614c,c029f472380cf213a0074709aee2edb38e887ffc
CBBH,images/Pasted image 20241007183017.png,284a0a42d23a00f2b47b7460371a517a14cb6261,image,222263,ca1195b9dd161c261d91260e319fefb72e0b704c2adf08dd1c51dd749e345c4d,382694356999cb4f0ea25b7f62b88d49e5abeb53
CBBH,images/Pasted image 20241007183158.png,284a0a42d23a00f2b47b7460371a517a14cb6261,image,44870,fd6fbb50a151048ef9e487687ceef9129cf42962a8d2282c12aa90c8bf2a9bea,3edd157a3d9831d62062a5c7ff1c419ed5ac1051
CBBH,images/Pasted image 20241007184247.png,284a0a42d23a00f2b47b7460371a517a14cb6261,image,32825,83451e168094587616f464dec82cee5a3a426fd528b72be26acaacec261bf599,70ab8864806b2d8b37f916e31ff1586fd9a6a03e
CBBH,images/Pasted image 20241007184802.png,284a0a42d23a00f2b47b7460371a517a14cb6261,image,80268,71906201de87707d2cbcd19debf815495dfe4572de5579a90afbaf144e399c96,801df3874b0df10be37f615c49c50ee7883742ac
CBBH,images/Pasted image 20241008181705.png,284a0a42d23a00f2b47b7460371a517a14cb6261,image,35588,251939b0c154111844453468dcf256ccd44bcda5b3a030e45113069bf7e3d535,3a371c29a9039f0f7f7b8ecd5625302f68a0c482
CBBH,images/Pasted image 20241008181809.png,284a0a42d23a00f2b47b7460371a517a14cb6261,image,12902,1233507e78d5f5bc6d8dc1233812633e9919281167e54545e9ce7f0ace1634f8,fde358cb055f8350274ff0f862a3be1e011e0b80
CBBH,images/Pasted image 20241008183808.png,284a0a42d23a00f2b47b7460371a517a14cb6261,image,25298,05a936a1ee9f6caae1d081e5dec90d3ade878c963e9cbbb9d9c90ddda6f8b9bb,74712ca8638734414d54162f1893f69add026ee8
CBBH,images/Pasted image 20241008193221.png,284a0a42d23a00f2b47b7460371a517a14cb6261,image,25046,fa8a373f12bf237592d3e87ca4e36dfa23c73304cab07fc5e6f2ba2c1632e1ad,22fa704bed98b8d0bcb6cb9c87b4bb29c48dd4b3
CBBH,images/Pasted image 20241009182804.png,284a0a42d23a00f2b47b7460371a517a14cb6261,image,17779,473a6ad4e86c3179090a62b106d0bb82cf9211f93172abf69d7f20d9ec71dc9c,8ef45dfc5ea5b87474cf22a50e4c64c95c62a789
CBBH,images/Pasted image 20241009182913.png,284a0a42d23a00f2b47b7460371a517a14cb6261,image,28951,1c720cbb4c7c36f22128794574ef08ee45c30beab50b1b52beeb10eb84d9a8a8,3290e4962376960607da716546bbb9a3d7afed19
CBBH,images/Pasted image 20241009183717.png,284a0a42d23a00f2b47b7460371a517a14cb6261,image,103832,8c28f60acfffd0bdda38d142ff005753e3e36ff450994743b9ed056c4195618c,5e1f2d979e94b13c5eef3662d052da199afac22b
CBBH,images/Pasted image 20241009184106.png,284a0a42d23a00f2b47b7460371a517a14cb6261,image,8583,d6b11702bc31e60e75a8bb8b5f724fe2616fddd8f8f09aaea5b059a53a5bba77,f2991491676886ec9c72cc1708c7626ffbeb9a1a
CBBH,images/Pasted image 20241009184432.png,284a0a42d23a00f2b47b7460371a517a14cb6261,image,29713,0fc08137006eb7075aaecb4cb9ea66c8d031c5954d87dca2ad5df69d4a0019ce,d0538c1be86eb2ee895d9199b323c5e79ede06a0
CBBH,images/Pasted image 20241009184607.png,284a0a42d23a00f2b47b7460371a517a14cb6261,image,26925,839991955f53e594a11a323d12540dce5b63c2df5c31ae7386233e9950714ecb,1068121829e63a6e4d3a7744e3fa6a3045a5e289
CBBH,images/Pasted image 20241009184635.png,284a0a42d23a00f2b47b7460371a517a14cb6261,image,29664,ae159dd2874d62d144a551053a7ca3db6ae37299b0ae23134133eeb25499f34e,098a2dcffba99025d85ec7e414d9cbd11fd489aa
CBBH,images/Pasted image 20241009185527.png,284a0a42d23a00f2b47b7460371a517a14cb6261,image,52113,9bea572461d98a35f402ce483d3a2ab087ca75bf9cf2c4dab832811861da032f,b2c4629bb6d68aa2cfbacf69561326551ccef741
CBBH,images/Pasted image 20241009185945.png,284a0a42d23a00f2b47b7460371a517a14cb6261,image,45915,2b98d1c31f73e5cadbef1589f25aecc3d88c23a125cbc2ca76502a1ec33ef626,74c850556ff6adb374dea97a5479611645008d3e
CBBH,images/Pasted image 20241009203307.png,284a0a42d23a00f2b47b7460371a517a14cb6261,image,43296,ca6a841bcdb42b0c50e827e668404f46e3e80d07b344c87e0435cc0d981d44b3,a5b38c509f84bf783fb731aed05b4bbbe57538fe
CBBH,images/Pasted image 20241010100416.png,284a0a42d23a00f2b47b7460371a517a14cb6261,image,33162,fd20aa1c9b3210e28a232c1e5e5115ba2798de00ddb5dc9a2e8bfbbfd71555f3,d9713d4d9bd9c794aceede78433e2b197c0fda97
CBBH,images/Pasted image 20241010101222.png,284a0a42d23a00f2b47b7460371a517a14cb6261,image,29333,eb717275ea5df54d1a5e3b4bf4cdce22c1742853b37d734327024c5f6331c7df,1927050d097fb8a19d103667eb9cb318a4a21279
CBBH,images/Pasted image 20241010102301.png,284a0a42d23a00f2b47b7460371a517a14cb6261,image,45824,699b47010654e11ed90804107f3afae18c6cf196b1b6d63a3da8690dc00a58a9,9698c91075c4a2c673f4bafc7c27de1611a8976c
CBBH,images/Pasted image 20241010102349.png,284a0a42d23a00f2b47b7460371a517a14cb6261,image,36829,7099c339eb8fbc4949e28bedc23bc326d324470ecfc5debdab9a5f2138b4dfaf,787584f995f522439f0eb0342c1cb13c263ab1c9
CBBH,images/Pasted image 20241010103108.png,284a0a42d23a00f2b47b7460371a517a14cb6261,image,140896,6d6bd979f7b29f4422a3504039116acbc07977667083e6e537b9cb0c8b9e826d,372173671f81f9b8224109050a2e741a1a65ad7b
CBBH,images/Pasted image 20241010103514.png,284a0a42d23a00f2b47b7460371a517a14cb6261,image,37292,fb9daa33b688e9741b54c19b54b3cd161a72dc896b7ffe34ec7dafe45452acaf,86c0dc0a65971647229c6fb3dd64a64dd1fec25b
CBBH,images/Pasted image 20241010133640.png,284a0a42d23a00f2b47b7460371a517a14cb6261,image,16616,763ba585eb62ad3f16342d7b44f961971a03b813b8abdf0ac1b9a0ccd31e656e,91d23e93be363448522d426d489d5543281d63d8
CBBH,images/Pasted image 20241011131524.png,284a0a42d23a00f2b47b7460371a517a14cb6261,image,115862,0f6ac78ef9753b12dcdd32b030e125a3c6adac4f69400acad1aa3a0e4b964bc8,88e06feb652866771def40491867f4a5161a5ada
CBBH,images/Pasted image 20241011132046.png,284a0a42d23a00f2b47b7460371a517a14cb6261,image,6044,ea5f277b6233666b522750693f30e40b38ed58079f9e3399bcb7685f4a2f7ec6,7019ce4421f8542b592fc22681933c9baaf60100
CBBH,images/Pasted image 20241011133107.png,284a0a42d23a00f2b47b7460371a517a14cb6261,image,101315,3174191ad3d207fe0be5bd96a4efcdf0172e7ab3a2cf29dc207e65429afb374d,639041d4d82b99c23a1c07090d969fc4dc7804a1
CBBH,images/Pasted image 20241011171812.png,284a0a42d23a00f2b47b7460371a517a14cb6261,image,20187,b0a19baf3e99edf4ee9cd7da2e2d8025fd9e1586073020aac5ec06a820250106,80bdf1b4efa79da4dca606c4520f28520a3bf2b5
CBBH,images/Pasted image 20241011172218.png,284a0a42d23a00f2b47b7460371a517a14cb6261,image,39185,10c325a4506d35d2b027e4e97c59c00b557cfc4b668421bac92b5e0c9f6e1d96,8eccf2d0a41ef094537390bb83b9a8923755c730
CBBH,images/Pasted image 20241012104359.png,284a0a42d23a00f2b47b7460371a517a14cb6261,image,11864,d098bfa389a97bc917d06ca8db31d52652da0d2a9b9afa44f7779ae677be4752,d0f02dca913c9704510096aaa18d76365851ee1f
CBBH,images/Pasted image 20241012104931.png,284a0a42d23a00f2b47b7460371a517a14cb6261,image,37251,4a6da78e70cc268c763969b218f57a3d9992aeb8df89b8d324430c0f3c89d024,8c2d28726fe36daf41f4fdebd245ea86e738df93
CBBH,images/Pasted image 20241012110824.png,284a0a42d23a00f2b47b7460371a517a14cb6261,image,24115,b5029c716f2e80ac2fde8ac3aefdc7d349253e740467aac74cc3d9e70d318894,5100feb811b4629144fa2d3b36b7e5fe9b35b238
CBBH,images/Pasted image 20241012110926.png,284a0a42d23a00f2b47b7460371a517a14cb6261,image,18636,22bc5abeed83963b3e9e89e06470408c0eca71499f8d0346d9e4d95817691f86,5208268b0f1cace9dcb4ad79680734f1729b6550
CBBH,images/Pasted image 20241012112815.png,284a0a42d23a00f2b47b7460371a517a14cb6261,image,69359,da79f5629d585973e93db49de1cc9ab81b2c197e641f3a76aeee3f5b1000c9cc,04c720d0046d0a38ea9a0e21b185ee69c00487a3
CBBH,images/Pasted image 20241012120106.png,284a0a42d23a00f2b47b7460371a517a14cb6261,image,10830,f5cb1557891b639fdef1475b13691db4a05b34d89fe194ade626e4840d0fe97f,0711f1a03069c47cf5b1c0c34665f4a54c23b9d8
CBBH,images/Pasted image 20241012120124.png,284a0a42d23a00f2b47b7460371a517a14cb6261,image,43730,e5c3c2752fd2fda0e67b74d774b8294a9bedbe9bbe3730eb94ff1e737adfb13c,4d04867114ad6b2346c563a6296323c9235e7ffe
CBBH,images/Pasted image 20241012120426.png,284a0a42d23a00f2b47b7460371a517a14cb6261,image,71739,0c595cf0b12102fbc4b4757c14bfc4636b2f1ac13ed5f38b396f9bc656d78427,1e416741424b976c7ad5223e755613b0a9d4b6b6
CBBH,images/Pasted image 20241012124444.png,284a0a42d23a00f2b47b7460371a517a14cb6261,image,31088,8adc11637f53cce3a6132f7fb8707367b26945ecf773e121b4550d115c8d1351,bb1bd1950d86d10cefc6eb3f8032d3a160c85b3b
CBBH,images/Pasted image 20241012125809.png,284a0a42d23a00f2b47b7460371a517a14cb6261,image,76127,d38bf14eb4904d78a9c246fcab282028629d2da76f3ba8ead9b4b6ef175c8222,f25d4dfe91c026689eea3c854061ec4a7685fbea
CBBH,images/Pasted image 20241012184451.png,284a0a42d23a00f2b47b7460371a517a14cb6261,image,25590,f9f21fb3c578ec361c6d671e28b433f768303beca9e151e0513d4ebdbdc240c2,c32c04533268af452f1c678ef6b1ad398e27e594
CBBH,images/Pasted image 20241014184714.png,284a0a42d23a00f2b47b7460371a517a14cb6261,image,22323,7d0b7c17d99ebca8d851b206edbe22df1892b2176da29564e85c8e85702f6e15,6b8e3cd896227f096e9005c24430b798351b8aec
CBBH,images/Pasted image 20241014190816.png,284a0a42d23a00f2b47b7460371a517a14cb6261,image,16134,d5b2128143d2b430b1724c1dbb549ab2254bf6ea4c964006e3bc561d094e494d,e66641d9e7736e128c653a2a6bf8872b6fdf0644
CBBH,images/Pasted image 20241014190952.png,284a0a42d23a00f2b47b7460371a517a14cb6261,image,45771,abf6b16ca83af2f4a9b3297d9b6b1b9803a92169dd4e5775482dbd3cb758060e,91eceed53c00f4a5a26e9cdb36f01c5f0440559c
CBBH,images/Pasted image 20241014192444.png,284a0a42d23a00f2b47b7460371a517a14cb6261,image,18750,797ffe315e5d929c04e5b0f79a0973f08882874e3fddfda22e42eb86bf69ef8e,e8ba2e2d03ab4dc7bbcfa7f3020f32468200a893
CBBH,images/Pasted image 20241016100458.png,284a0a42d23a00f2b47b7460371a517a14cb6261,image,11166,b43f2cfd78ffc0719d80741c784a12f31cdfcdc52bb8b04154b1d28b317ed2fc,bdfdce9cdcb62cb6845f8f1ee7155150d0a11a08
CBBH,images/Pasted image 20241016101047.png,284a0a42d23a00f2b47b7460371a517a14cb6261,image,5798,295e774a162d1836f5e614d5727d18142016aadd30721dcc7877c88c0ce510a7,7f55eeb8b1a1097f3ba7e630f270939e9a57280a
CBBH,images/Pasted image 20241016101242.png,284a0a42d23a00f2b47b7460371a517a14cb6261,image,10186,dc119b5465fcb540661d022fc35688cfb9eca309b3d62b771307f1445402bb8a,c76e9078e50027ff59d520ca07b2bc2a15440ea5
CBBH,images/Pasted image 20241016101644.png,284a0a42d23a00f2b47b7460371a517a14cb6261,image,22341,09c3be594ea11aacde913ea7b45a786edc5fd9c6ee8213f7924cb57733dffc38,9a891e0478f87641d17330cb72f670762a74a540
CBBH,images/Pasted image 20241016103113.png,284a0a42d23a00f2b47b7460371a517a14cb6261,image,40197,819dbac71e46aeacc3e40dfb660ab81842c6f083aed5329c6cc6018574339184,166ff5ff287f5c23e1a9b15cdcbda71f5c667ed7
CBBH,images/Pasted image 20241016103522.png,284a0a42d23a00f2b47b7460371a517a14cb6261,image,29639,ff98324fa8d9241a1b96442c078a0c5ed26b2da6b85af129e7c97d4d7b044f3d,8dfc56bac922c6434fdbf3c588280e2a13f88168
CBBH,images/Pasted image 20241016131835.png,284a0a42d23a00f2b47b7460371a517a14cb6261,image,38107,1baf831b427a0c98fddc4ccca9e1510d0d511a0cbd580e11a3ba2f117a5143e6,a1729538a4e7365a260a68df037166663805cf86
CBBH,images/Pasted image 20241016173354.png,284a0a42d23a00f2b47b7460371a517a14cb6261,image,11753,659d5688ff3da2a5c0938cc4d3a54d2e4879fd40960c24098e2724eb06a17456,775a96401d88dd7e4839388957ec94d63b070a34
CBBH,images/Pasted image 20241026131255.png,284a0a42d23a00f2b47b7460371a517a14cb6261,image,110389,23a015f0d4204c4ec287fca8b944e99ae791395f07e1b65ae464f11e7257b9ce,b1c8c0e7af3329f1b07a1329328666fed55f74a2
CBBH,images/Pasted image 20241026133728.png,284a0a42d23a00f2b47b7460371a517a14cb6261,image,19203,b629e0aa8bb7ea9d7129af4b836b4c9c63facc093bccf2273049bf114a6b0562,10c808c98edaeb76ca01df1cc7c9028980537d7a
CBBH,images/Pasted image 20241026161341.png,284a0a42d23a00f2b47b7460371a517a14cb6261,image,16378,95da5f9aa201fd90ab9df9c5ee765621b04dabf8859e8baf5b694903ef818a42,d486fd1ebeea7bec63ab467c6653f765037c4730
CBBH,images/Pasted image 20241027114753.png,284a0a42d23a00f2b47b7460371a517a14cb6261,image,14632,04d278c80baf19cab8213d36f22c937d3b37a8e232744ce82006b79fe9e39385,aebec7316088dc459b0361fa3fa699a96205773b
CBBH,images/Pasted image 20241027114806.png,284a0a42d23a00f2b47b7460371a517a14cb6261,image,13834,1cf6b2d4c24d7a524f39002c0595e87ee8b3abc1d8f0ef7d9c6a98893607e2c6,a6396f98cabec4b49f2703a8a9ce14a59f6702df
CBBH,images/Pasted image 20241027120734.png,284a0a42d23a00f2b47b7460371a517a14cb6261,image,28255,681cf5484f59dacd359ef2ba1c32245d7e1dbbfba15c47626126ae16822728f4,6c389f0833978f8ad8a88f71c86d70fa5548c29e
CBBH,images/Pasted image 20241027121208.png,284a0a42d23a00f2b47b7460371a517a14cb6261,image,10545,ee0a4350ca56c679b4b31e96c3ef498e71ed1ae6c9b381180c9065cbed375453,644566b2b7340772758bc6d902b976e4950b8926
CBBH,images/Pasted image 20241027203649.png,284a0a42d23a00f2b47b7460371a517a14cb6261,image,131211,9b33fdf50c8a4afaabde17a0ed3e6d7fbeb9ae190df4f607226eb919d1fee930,9bb8df7d9b4e9ade2e5c7e2b1df12a7aef8b1ce1
CBBH,images/Pasted image 20241028181353.png,284a0a42d23a00f2b47b7460371a517a14cb6261,image,34658,af0b2ff1874779332a580d46492ffd67d742c47d70a170247c75607add15a88c,04e20f528599a30109a0683c22092b54ad37b576
CBBH,images/Pasted image 20241028181449.png,284a0a42d23a00f2b47b7460371a517a14cb6261,image,25374,b6bb3de8d9296771f5e883d0e75865fda2d830e697aed1b3b6d767d4a34b3aae,4bf2bb91deb42fef094eca5b94cd895778ab4f83
CBBH,images/Pasted image 20241028182745.png,284a0a42d23a00f2b47b7460371a517a14cb6261,image,99414,90cd49bed4aa7fcb1a45ef6e0f68f4b26d3a43273d02877a4cb6d3591c63f8cb,386d64032849631812a18bb66624972f7204fde0
CBBH,images/Pasted image 20241028182937.png,284a0a42d23a00f2b47b7460371a517a14cb6261,image,57571,8832bf4c0360414434016db5ed5bcd76f97d4e049df93c63e97ba8068f66d2fa,5e024760fac45f17b8826b16e511466ed15954a7
CBBH,images/Pasted image 20241029175340.png,284a0a42d23a00f2b47b7460371a517a14cb6261,image,14723,64bfcdb841ffbac6c0d942ea9e07ae68c8365308aa82c2595f3957350abb1265,ccaddc086c3b82b6c6abc75a24aae9e29f55f052
CBBH,images/Pasted image 20241030185659.png,284a0a42d23a00f2b47b7460371a517a14cb6261,image,60616,82f25edf78a416cf46aeaf2f7fe0ed8b723e53936e90513cb4338d85b325b71e,6af451d6945a170d3f49b47fc7436aef683c0f3f
CBBH,images/Pasted image 20241112194651.png,284a0a42d23a00f2b47b7460371a517a14cb6261,image,24476,323cc26916d70a51d38ed12cc1dbfa0293938d15070c6912ee7359a536c4850b,ebd0ba82654818621e4cbf903a2ffe6351dc8d24
CBBH,images/Pasted image 20241112194720.png,284a0a42d23a00f2b47b7460371a517a14cb6261,image,30803,da679c40103dcecf6c7b493fdb324313618c02e92fde773f284c2e6f2d024a59,6758d52a90ce62433f67483d355c00800671ff3c
CBBH,images/Pasted image 20241112200423.png,284a0a42d23a00f2b47b7460371a517a14cb6261,image,31561,941791e1bf2e7b1ab4ddbf20abd0a44382cd4ae2712e9edf01ccdeda16ac1ce4,d8d519be90995cf3e027fa60337d9c817c47e19f
CBBH,images/Pasted image 20241112200641.png,284a0a42d23a00f2b47b7460371a517a14cb6261,image,21552,d9717cd2cadd6162487bbff8cdc2ed63399fec82807da5365a9f487f45ae9920,82c5e6c7d674351d25cf4ba8a3fd0383ea06cf13
CBBH,images/Pasted image 20241112200815.png,284a0a42d23a00f2b47b7460371a517a14cb6261,image,30713,6ae81d1aa5bb22981141ae58eea6199de38ef71a164890f62576eda18dc6aab2,856632db08b33c76bbb0cc7e1fa06d471dcaaa6b
CBBH,images/Pasted image 20241114192816.png,284a0a42d23a00f2b47b7460371a517a14cb6261,image,21519,c346e99cd2884990a8fff4818675c74f9b2045ceb3e02b918b07bdd1e0a381cf,f796824d63b6c6ec6dfb9b61fc6ffffc27a94068
CBBH,images/Pasted image 20241114193326.png,284a0a42d23a00f2b47b7460371a517a14cb6261,image,10039,33824e9a87a92f1d81fd31d527e731b0e79b3774d89bd145ff3ab31915269c4a,2ec53db47466a537a4ddc536a138b793e58edd27
CBBH,images/Pasted image 20241114193731.png,284a0a42d23a00f2b47b7460371a517a14cb6261,image,10185,9e5ea40f8e5e6b00531ae237eedb0183c50c48a92919479a2875c0f33aec2f3a,7c5a46800e080b199f3327528bae6a826ac6420c
CBBH,images/Pasted image 20241116183200.png,284a0a42d23a00f2b47b7460371a517a14cb6261,image,31213,c3bcf5b6b5c38a65678f32abc411d8ad649785df1ac94cb0de39e0b8ab8735b4,cf400ad4fbaa2e759e4a72696f8f7f8d26c48ae7
CBBH,images/Pasted image 20241117165345.png,284a0a42d23a00f2b47b7460371a517a14cb6261,image,10151,979f3734e9360ad6b2894233d82ad5138a50432595d95355037bb14f930c4d23,82c2a85edd9fce094e52756b514e71a33aa2e511
CBBH,images/Pasted image 20241119174142.png,284a0a42d23a00f2b47b7460371a517a14cb6261,image,40496,d2d6d25ccf7323f09ba5c43a3f73d71fbdfda2cfc6c2e71b39759e9e24caef34,5daa2f1e1fc338d6512b9b28243b783f15fe85e9
CBBH,images/Pasted image 20241120122749.png,284a0a42d23a00f2b47b7460371a517a14cb6261,image,21894,26d0a62d67cb08e7a4ebd4d21befb01d5b76bd5995f31ba44b0ed15b9c3fa5d5,ffa45750c494fff7343a8f8380a6c4cabb79423c
CBBH,images/Pasted image 20241120122949.png,284a0a42d23a00f2b47b7460371a517a14cb6261,image,25080,6d42fa5a899d2f3ac0812e0a32c58fb093725b930346018938a407e520ed76ef,3ac143f1666fe33e8775284da9d75c11b0bea9cf
CBBH,images/Pasted image 20241120124025.png,284a0a42d23a00f2b47b7460371a517a14cb6261,image,34030,7e761abc2c296e9248ae113c5964acdf0dbb834d2b443ed00a1ee863c9b0ecef,b0068a84c2904914d1461e90648a71c6d4436da2
CBBH,images/Pasted image 20241120125055.png,284a0a42d23a00f2b47b7460371a517a14cb6261,image,5389,53181543f70e98801586296383410813f19f8432c1eb7ea57cd2fa2236fe0cb1,38b718dc089d91b87b01c958148a5ec5334810d4
CBBH,images/Pasted image 20241120125551.png,284a0a42d23a00f2b47b7460371a517a14cb6261,image,5320,b10684d67f0defc376ef5e9de22fbd6c606db2ca9889c76f3a1399c2421bb5de,b2f02a858ed0d81aeba2b6dd33bdfd86a8b88c27
CBBH,images/Pasted image 20241120131231.png,284a0a42d23a00f2b47b7460371a517a14cb6261,image,5149,8b6ad8218c14a2f92a0978aea795d9b59c1e4316b831aa84094eeff85a53660b,9816b25fcab614b306ef5a27c01290b35f91e203
CBBH,images/Pasted image 20241120133508.png,284a0a42d23a00f2b47b7460371a517a14cb6261,image,6949,cce560c255708f432ff5e5c4d71e7abbcb86e71eb405e9580274a51b9d7599cb,9eacfc929b95655c8f658253a59026f9cfe64284
CBBH,images/Pasted image 20241122125841.png,284a0a42d23a00f2b47b7460371a517a14cb6261,image,19022,bc0eb0fff7e61d940dfbc0f5d297f6dfc6e4203fdd1a1b3ca0e6173d381c795e,b8da21d1b8dd5e3aa515d8c30a4cb3113f0ac817
CBBH,images/Pasted image 20241122130236.png,284a0a42d23a00f2b47b7460371a517a14cb6261,image,8627,6d83f84c2722f2f06a3ec45098e8a9937632ac58c862778af7db72be7e45b9fd,2da97f7dc3e1a52798f4bdc6657984bf69a6cd89
CBBH,images/Pasted image 20241123134534.png,284a0a42d23a00f2b47b7460371a517a14cb6261,image,3065,711842a45407e17ab9267d65c4eca8bfd5d72697e93013ebe3e9164bc403094a,2b6e36ae8b823d235d266db6240befe7fb1a2c88
CBBH,images/Pasted image 20241129164644.png,284a0a42d23a00f2b47b7460371a517a14cb6261,image,6517,7a462b0c6f9151a428f823d38e55da84c8858b0461aed342db00b847ea3ccac3,cefb2eccb9be97dddcee0c8b8b4cf43c5481987a
CBBH,images/Pasted image 20241129165328.png,284a0a42d23a00f2b47b7460371a517a14cb6261,image,14845,f47da5b6d45f61a22d24758284585ca29b89186d2ea3c43fe6c7ac49faf3fd79,d8604f8d596c360e8b65cb0791d9774ecc369b3f
CBBH,images/Pasted image 20241129165809.png,284a0a42d23a00f2b47b7460371a517a14cb6261,image,11471,d3bc49575b26205ee34f304902a2c65252547b38b3f464acab52475eb1978db0,86dc922b137711e125dcb123a894bb334a3db8d1
CBBH,images/Pasted image 20241130123503.png,284a0a42d23a00f2b47b7460371a517a14cb6261,image,11005,99ae6bd43d77eb871e6c9c1f8698b50c88f6cec4664a8a1f2387530a37c421c7,fbf12d6e477c8ac34cc1403861b0ba7b7b5c5645
CBBH,images/Pasted image 20241130124246.png,284a0a42d23a00f2b47b7460371a517a14cb6261,image,22022,d0248baf2df83fc629f688de5412767c971b6d08f41fb7ca92abf0241756b008,44d9a074d52259f3e65974631483b0dbf09ad024
CBBH,images/Pasted image 20241130124308.png,284a0a42d23a00f2b47b7460371a517a14cb6261,image,13930,9ac3cf45580c74777807771224a9a9a37e516b396611fed5d820c550f2fe9feb,00e7471cde9f32b2c9dba1931703239fda3b0838
CBBH,images/Pasted image 20241130131636.png,284a0a42d23a00f2b47b7460371a517a14cb6261,image,289706,f8ce2076724a051ad31ed703d73ac5096e8cd6e96425448a8951e4c348164b97,f5b504b79e09cd6bd8118e18d425cfb155f787d1
CBBH,images/Pasted image 20241203124306.png,284a0a42d23a00f2b47b7460371a517a14cb6261,image,53011,0bdb2aff3b9217437a87519153d9df0cf7d464eaf2569690427ab86a3c9465fe,efdb1af392ffdb6d9061eac0d97255a7edd80212
CBBH,images/Pasted image 20241203125113.png,284a0a42d23a00f2b47b7460371a517a14cb6261,image,50685,ae59d8a3961f7401a9fc008a8b22d5bb0d811f5c7a33996f2c55de6f060a0e4d,3e35b1790d6f3eb233422f1b999c5aae428697fd
CBBH,images/Pasted image 20241203125146.png,284a0a42d23a00f2b47b7460371a517a14cb6261,image,49582,89aadbb2b5e7f6e0473c047986732d8c71c72dd4f18921f95600d3fc19c032a4,a4a1d4df34b0f87df913558118de4c891eddc69c
CBBH,images/Pasted image 20241203125821.png,284a0a42d23a00f2b47b7460371a517a14cb6261,image,81292,9d7bd538bcdcf395e6fb522b6f71f182e66b5b92741716fa9abf9c6dce1960d0,fc386d1ed95c6a2a5e8e28a8971243b6e8aecafa
CBBH,images/Pasted image 20241203130043.png,284a0a42d23a00f2b47b7460371a517a14cb6261,image,46694,18140a3ca6a1911bad69da71bc00bf5e2778d32c29b3fc6f8f4bb996a1d63181,2a6c3283fd8280f1f0116a8749143f29bbf7d224
CBBH,images/Pasted image 20241214123720.png,284a0a42d23a00f2b47b7460371a517a14cb6261,image,24728,a4c9a84e885ff0d31f7c10926c26b1c36c204b2dcd4582026f8708cd5778cbe1,7edb84919623921cf8e705c727d7b799e8d4ece6
CBBH,images/Pasted image 20241215161216.png,284a0a42d23a00f2b47b7460371a517a14cb6261,image,57961,0da8107a81363ea4ef47f0fe65df23bcbb551270ea577cf4c6879614c131ccd8,703f112902225a851c651bed8e5753b49c5143a8
CBBH,images/Pasted image 20241215162646.png,284a0a42d23a00f2b47b7460371a517a14cb6261,image,46622,a7509f7d96252c2169fd9c60e93878a8a3b674c4ee26be656eaea9a49f4f7e38,fa0c3c485f2a44a0a74322a5ff9a13056b82ed93
CBBH,images/Pasted image 20241215201548.png,284a0a42d23a00f2b47b7460371a517a14cb6261,image,52072,330b876ffd4994e63273f9a21e79747ecc769935997cd736f46c143f67e2922f,b4f3243b3c5c357eadfac6efac9de64290a59960
CBBH,images/Pasted image 20241215202307.png,284a0a42d23a00f2b47b7460371a517a14cb6261,image,6257,b4cc56e3406f2666302dde0532973896fbec765d2fb9aca1a24ef467ec10029e,5b55e877ea0a99ead79b071c214caca1d675fdf7
CBBH,images/Pasted image 20241215204332.png,284a0a42d23a00f2b47b7460371a517a14cb6261,image,11831,b0df4f4ac8710e3df6beaefc49564346547e1b1b46b503c378091c945a084b81,a857f34991fbe37c930d2eae975ebc70853018f3
CBBH,images/Pasted image 20241216124813.png,284a0a42d23a00f2b47b7460371a517a14cb6261,image,14337,569d45ad9359bc7593fc5d11526b0de8e1e4938335cbfa1396d5e3af494d7c48,f68a3d2ca57750163dfd84e36d30a11fe20cb4da
CBBH,images/Pasted image 20241216124839.png,284a0a42d23a00f2b47b7460371a517a14cb6261,image,29885,49447ecd0bba2be3b33007697cfdc890bc645b06f32988b9e2ae3301fc8ec301,32643e6f4862627c656717ded5feff41cdb52055
CBBH,images/Pasted image 20241216124958.png,284a0a42d23a00f2b47b7460371a517a14cb6261,image,65694,41d7a59882716866373711541e1e0662bdcf0d47c1ab346eb913e8fb4a15cf3e,a173f9039842e8f79c1f3f51433e21ce1fb19dad
CBBH,images/Pasted image 20241216125006.png,284a0a42d23a00f2b47b7460371a517a14cb6261,image,65694,41d7a59882716866373711541e1e0662bdcf0d47c1ab346eb913e8fb4a15cf3e,a173f9039842e8f79c1f3f51433e21ce1fb19dad
CBBH,images/Pasted image 20241216131947.png,284a0a42d23a00f2b47b7460371a517a14cb6261,image,40318,5ed1521f75757ed6ad7f2f460f08522573d392461cba8b938a7c75d024393697,a65564d8be6c3a7cd4475a899d34f64e0dcdc80a
CBBH,images/Pasted image 20241216132847.png,284a0a42d23a00f2b47b7460371a517a14cb6261,image,52350,2ac1ea40afb2cff4813cebe8fade571d696b1f22cfd83f42913d3095929ddadc,1eeda01d1374f1532ddf5504c861e9ebee460ee6
CBBH,images/Pasted image 20241216133932.png,284a0a42d23a00f2b47b7460371a517a14cb6261,image,53060,b142727abf0b4f0531dbc88f31afbc4f9ad23784d59f018933cbc119bf6ac1ba,e183fd8da27a296e9b09bac3dfc4e6fdabef009c
CBBH,images/Pasted image 20241216134846.png,284a0a42d23a00f2b47b7460371a517a14cb6261,image,12876,f5c572860cdaa21887b1d8d0e154ae68d8f3a0e366ef31b8fa3267d73b17463d,c20101ba5f516746b6ba3064af98ccab1aec203b
CBBH,images/Pasted image 20241216134956.png,284a0a42d23a00f2b47b7460371a517a14cb6261,image,10078,a874dc2d2aa94ee6e48d06c179d1af77528edd5168042b14b0c4499f1340871a,08b193bfb81593669bfdba2dcdfa6bca2900c028
CBBH,images/Pasted image 20241217114441.png,284a0a42d23a00f2b47b7460371a517a14cb6261,image,70820,4bb80d6fa0aafbb777d3fb4c8e79bc825e84e84a1f92a447fb94371af90636ae,70eaf45559983e0407ef2821e877e5d407d22da4
CBBH,images/Pasted image 20241217120440.png,284a0a42d23a00f2b47b7460371a517a14cb6261,image,50407,46ffdb11a35ccdde66dfc0fba6da50da53c25c5102013a48ac3a4ebd483bc0c0,71fcfeb84b1ce216f3c62fcc1934cdb507ae5889
CBBH,images/Pasted image 20241217122422.png,284a0a42d23a00f2b47b7460371a517a14cb6261,image,75179,eb2211749eeafc42031098b0aab77e3ef33e85a987960232d1becb5378ee34a1,a419fc2153cbaeb727c8584881be9c24627e50c7
CBBH,images/Pasted image 20241217123723.png,284a0a42d23a00f2b47b7460371a517a14cb6261,image,16383,6dd3a751f3556b9c429d8ee338c50992f16be9310f7d714c4c8ffaeba4e6289d,afa09a8754419dfb698f3e3b17e8d8e799848d28
CBBH,images/Pasted image 20241217123935.png,284a0a42d23a00f2b47b7460371a517a14cb6261,image,37880,33c476dde63f33c02cc386f2a2374fe1e2db32837393c31abce25819a9c5595a,5dd19f6917fe906ebb99fe55a809d996742fb342
CBBH,images/Pasted image 20241217124748.png,284a0a42d23a00f2b47b7460371a517a14cb6261,image,61199,0934c974823347a9dd3df10c99ea29480b7e274647f898859df1f145f0dac467,2dbdb3494606382c2860b043e9e800facac89d2d
CBBH,images/Pasted image 20241217125652.png,284a0a42d23a00f2b47b7460371a517a14cb6261,image,80956,517c1f62d2eb2098a0e808e5b0bb5f2fd38514688f77c4fbec7072bafd467de6,88f8b76519feb1d782027a02b79157fc53448dda
CBBH,images/Pasted image 20241217131421.png,284a0a42d23a00f2b47b7460371a517a14cb6261,image,66092,842af3ae24ba0572b6efb25373bdef761e07a0f9d7ed729dbc40ee9347ff99f3,8e02e60c99e7642ddb41ba38de0955ef5bfc72a4
CBBH,images/Pasted image 20241217131733.png,284a0a42d23a00f2b47b7460371a517a14cb6261,image,22632,658b58f79cab53b7532a13c93317755c26ce659aa382c7927655f4d5b0d8342e,72dc8ef363668e37f233e441bb11db7dcfce6e98
CBBH,images/Pasted image 20241217131757.png,284a0a42d23a00f2b47b7460371a517a14cb6261,image,3084,acb48b139823956d9f5c59c405fd836e4e1c3ed4029e3c9b8c03fb1721047ab1,b1e74ddebb21d0f8184f43f4e34d8eb5ff3ddbc2
CBBH,images/Pasted image 20241217131922.png,284a0a42d23a00f2b47b7460371a517a14cb6261,image,25497,d3999201783308ea7ac10754df6b651e2e0816b2f52acfbae99b6badd1b26f77,9fd18377d2f7a8250f00d2c2691280033899cfae
CBBH,images/Pasted image 20241217133540.png,284a0a42d23a00f2b47b7460371a517a14cb6261,image,17550,01d07025608c93ba08241efb49ab00ab1a19a720958ff525ee156c6643615b86,f24abac0471ba242ee84a31013025084e28f5b5b
CBBH,images/Pasted image 20241217134424.png,284a0a42d23a00f2b47b7460371a517a14cb6261,image,96663,5b489a56f44f135845a7aef9c3322ecf87ca723e32ecde331881b816589d2259,f1f9fa5e96209ff4ce7f687bdf8617a76ad58839
CBBH,images/Pasted image 20241217134850.png,284a0a42d23a00f2b47b7460371a517a14cb6261,image,17237,e4f2852f8b247ee82bb52087e939926269a72c18c1a4d026643b7499401009eb,75a59090d94ab86485006fae553ecaaf116cdc8e
CBBH,images/Pasted image 20241217135113.png,284a0a42d23a00f2b47b7460371a517a14cb6261,image,59541,a959b0ad8f7e8aacdb1f45a09129749a45f5a855fa066f27c4056c50236fdedd,c5fdf8d42f12a365cf7ff8d3f7413b1ea17a2388
CBBH,images/Pasted image 20241217135449.png,284a0a42d23a00f2b47b7460371a517a14cb6261,image,37447,a3272057e6bcab28f62d67741121192c6599205cf41799fdd8e41d0092f911b4,289180d18a727726ec732a4bf134a540acd626af
CBBH,images/Pasted image 20241217135702.png,284a0a42d23a00f2b47b7460371a517a14cb6261,image,62643,edcd52335a7e0b344a7cb8fdcd69324ed072b02779c197c89a15bab89bb6bea7,69bb6f05e4b8ff90fdf95f9eb2d3bebff7672283
CBBH,images/Pasted image 20241217135826.png,284a0a42d23a00f2b47b7460371a517a14cb6261,image,60858,970824f95a01839383dee73e87aadc7a748dd221f7c50357b7f954e0560d70b4,ed3c4df060f0040d92dbd0d711046c98b012bdfa
CBBH,images/Pasted image 20241217154708.png,284a0a42d23a00f2b47b7460371a517a14cb6261,image,61262,858016950f316258440168231d4951899a8018a98a564cc41608a79f233b4d22,ad2c03894d1478dff2da0830308859b5e7cccdfa
CBBH,images/Pasted image 20241217154902.png,284a0a42d23a00f2b47b7460371a517a14cb6261,image,37789,d126a51c750b249599b27cc2fb487faf51c0ef236009c212a2d3ae30ba5c9376,8e26aa99197d89966bc0b9ad44b35601ca690c24
CBBH,images/Pasted image 20241217154932.png,284a0a42d23a00f2b47b7460371a517a14cb6261,image,61881,0a576b032a3187a81cdab2b43969d0fcc3dd65e191511dca12279df51165545e,b0d12e48c0c514b3ac123927c5a67363311809e9
CBBH,images/Pasted image 20241217171151.png,284a0a42d23a00f2b47b7460371a517a14cb6261,image,16363,041e04e6e1b11cddb79254fb6d04256a404451e76fa68ce73c77f3cab6b593a1,6dc694142b5edfd4c516c336a06eb17064c7c7c8
CBBH,images/Pasted image 20241217171523.png,284a0a42d23a00f2b47b7460371a517a14cb6261,image,26090,67c009569667e45e047cb407bec72722aaa95c3a150d3064d0daf283437f6baa,883f6304c0167a13f63e22e6f8e5e5fc4a573290
CBBH,images/Pasted image 20241217172150.png,284a0a42d23a00f2b47b7460371a517a14cb6261,image,16973,82f51a1a263bc00809e13fce3db1ed9d1f0f7b2b38b120de2958809c4ac927d2,4a4b9d0a6b92b0eb0385aaa690aa952e4f080405
CBBH,images/Pasted image 20241217172208.png,284a0a42d23a00f2b47b7460371a517a14cb6261,image,15837,9dd871cb015e397ec1f566acab02739946c0909822c51e67eda02ded59bfd5bd,6391e02912c53b33ec97811fe99861a0f98eb1a7
CBBH,images/Pasted image 20241217172546.png,284a0a42d23a00f2b47b7460371a517a14cb6261,image,13939,92dba689eb30942040d7e45930178553a3d1c7010f2a77e4e03c60321bf30a1d,b95f5c74a6d048d38e60cd272f7265a233680f76
CBBH,images/Pasted image 20241217172642.png,284a0a42d23a00f2b47b7460371a517a14cb6261,image,29092,e3be59224004fe0c42dcdc45a00c0bbd147fd4e5a5435c469d65ded22b7e271e,5d6058d6553a71b59b1919cac9dff9f6e0912d5b
CBBH,images/Pasted image 20241217175156.png,284a0a42d23a00f2b47b7460371a517a14cb6261,image,31232,f953e169b90172f5698aec96d8582589d18cb4be69543e08fcf3a524c80da83a,d35ff1d45b5a6870f1a0c214059d3d4ac71ab2fd
CBBH,images/Pasted image 20241217180517.png,284a0a42d23a00f2b47b7460371a517a14cb6261,image,16582,3a4bdaaf008e970b92bf9e690154517fb00758115506996378e25b4351209a88,9c40af9b5f7d0b091bf2942e6f851447d0f2d3e4
CBBH,images/Pasted image 20241217185744.png,284a0a42d23a00f2b47b7460371a517a14cb6261,image,27097,5383a1457452ed9471b3262993e6d99247f503592ed002c415172ad79d3ee2b4,fb7b997f81a584f05df3a8f36ba5478f60d2571a
CBBH,images/Pasted image 20241219130847.png,284a0a42d23a00f2b47b7460371a517a14cb6261,image,41292,1fd150d0b9970538577131eee4aef152d601b1342f4c2db7b13ff6ca754d7745,278d1f04cceb152292e169d5994eea278557417a
CBBH,images/Pasted image 20241219130918.png,284a0a42d23a00f2b47b7460371a517a14cb6261,image,9427,783f306e06e3e8550c28a321b2ee126a3216ba6d985ad275e6530ada05e99fdd,239a58a49bd42cb84f9d45d2283108a60055cb0b
CBBH,images/Pasted image 20241219131422.png,284a0a42d23a00f2b47b7460371a517a14cb6261,image,58750,7a2c2874ccf661550640820f734ca5d8d4138b9ad36d3723beeecd5449c154f0,61c9cef3f2155bf83699506b416793a3b232c168
CBBH,images/Pasted image 20250115173954.png,284a0a42d23a00f2b47b7460371a517a14cb6261,image,18944,f868373c85ed6426808a1431549110a05e14e96ee0b3d906cdf90d46f034556c,9e20a4eb8ac96ba0f346362e77fc9e1fb04e1834
CBBH,images/Pasted image 20250115174453.png,284a0a42d23a00f2b47b7460371a517a14cb6261,image,32413,55d3795350862e0fa3761967844b46eed175dc1394282a26eff9e9679ad24c85,bdcfac19bd76a653ccf476e6a782b326ae9dddc6
CBBH,images/Pasted image 20250123184928.png,284a0a42d23a00f2b47b7460371a517a14cb6261,image,103989,125988e98b040c2635be9d478af7c3b9a6bc3b18084a70242fe78dd5ddb6c674,94ffcb6a252da666d553d625af1b35f1a2dcc2a6
CBBH,images/Pasted image 20250123185101.png,284a0a42d23a00f2b47b7460371a517a14cb6261,image,102803,01c1f2fac1f617fb67412aec1cd67f5f375a17ff005afa25b52d60e3db4838af,c750ae415f71340f6d6ac86e783238df4a8f55ca
CBBH,images/Pasted image 20250123185534.png,284a0a42d23a00f2b47b7460371a517a14cb6261,image,111507,2120817a9aba02ed46be3a7433733dc94b4f72cb394f19cb111f022e33e74ed5,889f72f459ffd4e30a0d84b53b4cca45645ec5f7
CBBH,images/Pasted image 20250124190634.png,284a0a42d23a00f2b47b7460371a517a14cb6261,image,36599,ef91599e6c91a0f5d8a4462e64ffdfc66ac46c3bac620e322242ef66e65f3a18,74f15df90c47cac1c65af702c7d81c2ebd3b8ea7
CBBH,images/Pasted image 20250124191855.png,284a0a42d23a00f2b47b7460371a517a14cb6261,image,7373,becbaa485cf79dc46d70e86b5fcde4458f5c19bccd80aa383096fa1821105cc0,e23f5bb87a28bcd68c8cbffba1f06cca9e1cd542
CBBH,images/Pasted image 20250124191926.png,284a0a42d23a00f2b47b7460371a517a14cb6261,image,6862,33f643b13b17d0db756a30f978e2cd560dbf8934b246c0c6be5321492bce191d,e9504e2d42241157fe1dd39f384a5b9c924daa09
CBBH,images/Pasted image 20250124192136.png,284a0a42d23a00f2b47b7460371a517a14cb6261,image,42955,20eeaa4801c7f454b7121048125503802e9f2ccf82eee5b58c8f936f43f20fa4,5b3832e985e0a7b4f17bc21c842fe7667cddd47f
CBBH,images/Pasted image 20250125125915.png,284a0a42d23a00f2b47b7460371a517a14cb6261,image,130818,f87ec30540c27d6787917eb2c53b10908c680391b41690a507b30ad5a4327f51,37909d855884c942ff12e1a05e05aa1aee4dab8a
CBBH,images/Pasted image 20250127181547.png,284a0a42d23a00f2b47b7460371a517a14cb6261,image,66217,06e6b5f57d03ef5dcb6333b831c2fedfae245d0f60928f0b1cbc492c28e50367,3906dd9daa13691faee4b69d7570773bcfb73d99
CBBH,images/Pasted image 20250127181648.png,284a0a42d23a00f2b47b7460371a517a14cb6261,image,67659,bf7a3d2a1310b1698018a431fe8df689349f3ca6f98bb23d14732ca3b4373411,0ec5157c5181cd946464937d4d5750e9dc50a05f
CBBH,images/Pasted image 20250129105731.png,284a0a42d23a00f2b47b7460371a517a14cb6261,image,71739,f26fe9398d247fb2e9076b23eb7bc380f2fe71b71ae5d51ba954ed63cf368e91,e6846461671002b99b5e4f830cc25c3c56e21558
CBBH,images/Pasted image 20250129113045.png,284a0a42d23a00f2b47b7460371a517a14cb6261,image,7799,edf1599ae9ec76c66020ada099d05137ff8904246bfbdfd9357fef65c3c0a039,c6a15dd5765623d15c14d7487d87fae5259ac616
CBBH,images/Pasted image 20250129113438.png,284a0a42d23a00f2b47b7460371a517a14cb6261,image,12004,8d6f501061cade8475af415caa1387f56e8f16b2e56780e1347dba5a1900801f,7da039cd29f7df0c01333fd99288704791feeb6e
pentestNotes,.obsidian/app.json,ea46064dea8893ed6d54216151ae1bb0ef3661ba,editor,38,6681cc0a3b63451e1c59eff943970633d1392feb4282ab969ebd09ba6b1d2b80,b61d9065f2df1afcf88441fbc68e892652bd4db4
pentestNotes,.obsidian/appearance.json,ea46064dea8893ed6d54216151ae1bb0ef3661ba,editor,23,79ab3a5ec3c848a27d55ecc2ce9ecf98685d17868fcca663c58654b4279caf16,c8c365d89b8b1bad158cba37051fc32cbc784c65
pentestNotes,.obsidian/community-plugins.json,ea46064dea8893ed6d54216151ae1bb0ef3661ba,editor,20,92d757d7d7ee44ca48f1103236c7657d836dd098140114e37696856ae29d205a,d3f66fab1da471158f6098814a494693541c1085
pentestNotes,.obsidian/core-plugins-migration.json,ea46064dea8893ed6d54216151ae1bb0ef3661ba,editor,637,04fd7f1cb1421b9739547eb9cb67fdf86838ce0c4305908a55393fe1e421fac9,436f43cf561e4d8645a8612ddb5b0dee97f2fcc5
pentestNotes,.obsidian/core-plugins.json,ea46064dea8893ed6d54216151ae1bb0ef3661ba,editor,296,da91757152e3a1c2c61bdc3c3e3a1346a3fe4f3f1a5a299e5ac82c3b5a24a854,9405bfdc224d3e5dfe9fe6116a4fd2955ab10a72
pentestNotes,.obsidian/plugins/obsidian-git/data.json,ea46064dea8893ed6d54216151ae1bb0ef3661ba,editor,1622,fdeafcb7b59315aca2f2a96ab06f255247f5ce4fcf346abdde1835eeee1424fd,5e074cbbf7a1c2f4fe999d9d4179a48852c7fccf
pentestNotes,.obsidian/plugins/obsidian-git/main.js,ea46064dea8893ed6d54216151ae1bb0ef3661ba,editor,1499310,13019704f36d666060c21861104d02aa1fe6e726fce99f06810834f3eb1851b3,5b1b9f227962028a60a581088ad44fa08eb41a2a
pentestNotes,.obsidian/plugins/obsidian-git/manifest.json,ea46064dea8893ed6d54216151ae1bb0ef3661ba,editor,219,44fc286d2f7db239e93cf5dac2907df0afa2b4485907084b82017da075fd79e7,79dc19c16fce77c7a64a925169dc94c10dc5a425
pentestNotes,.obsidian/plugins/obsidian-git/styles.css,ea46064dea8893ed6d54216151ae1bb0ef3661ba,editor,13676,a50a4e60ea12976e0ffbe71a6962492ecd1844073d681283952ed7f1a475254f,226dbe9c74082c1f01b19e2720f26155538aa3bc
pentestNotes,.obsidian/workspace.json,ea46064dea8893ed6d54216151ae1bb0ef3661ba,editor,5646,31915d09e6e0124b5455657c480dd14088c40edd8d94e878efa78eb5b57967f8,1a734bd47976014947d6c24fbad99f669926f1b1
pentestNotes,Active Directory/Enum.md,ea46064dea8893ed6d54216151ae1bb0ef3661ba,markdown,906,9126654d50437b029ea9aa95a8ee15eeccb7d79fa5c390da09c8b3a96d36452c,276f43c94b1d36c36cc67a7f077c2a5b26010220
pentestNotes,Active Directory/Kerberoasting.md,ea46064dea8893ed6d54216151ae1bb0ef3661ba,markdown,1829,d7d677f5097af2230dd89676b7681e9228ebecb50f65e9f87351a5cd66daf466,f464785769fec111d4054391a17d3de25bb41141
pentestNotes,Active Directory/Pass the hash.md,ea46064dea8893ed6d54216151ae1bb0ef3661ba,markdown,2148,410dca4079346326f6acdbf6c9e422872dbe8dca2c54baaca85ca30d2a3b51c6,333d968cde72b583132f1f02c793580bbc69a83f
pentestNotes,Active Directory/PrivEsc.md,ea46064dea8893ed6d54216151ae1bb0ef3661ba,markdown,506,4b7822a942196c4a8e600c075e7295a7ce199781dbbda8f6bfcb85f193ff429f,05dc8372a8deeefe4241b8e352e6161c1dc52e46
pentestNotes,Android/Android emulator.md,ea46064dea8893ed6d54216151ae1bb0ef3661ba,markdown,491,d1dfcb09689918e8432db4b69332efe069710dee79d29a7eb550d6048398561c,86e92a56ecb12760f9cbc03f575190a82dadc131
pentestNotes,Android/apk.md,ea46064dea8893ed6d54216151ae1bb0ef3661ba,markdown,185,db82135b44c39bb81f5256348edaa045f53a9562f17f8438b1dd5c633afd328a,62c81fb9962d5ce47a5bfe273e791846ff609406
pentestNotes,Burpsuite/Python code.md,ea46064dea8893ed6d54216151ae1bb0ef3661ba,markdown,376,1574132f1ea45ae9ffda2d41ddf6877a73a07fb7494f033527677028cc86fb47,3f233718a3bfbd04138134e27cd3bffde95dbfd0
pentestNotes,CMS - Frameworks - Etc/ActiveMQ.md,ea46064dea8893ed6d54216151ae1bb0ef3661ba,markdown,1160,8e42f12fa3de22cadc943b05336fd20cf5269f0c73c7d5bd3955b48ea84f3c0a,fe4b7f95415ace08a1a1a0e21435fd92903bd70b
pentestNotes,CMS - Frameworks - Etc/Adminer.md,ea46064dea8893ed6d54216151ae1bb0ef3661ba,markdown,1340,b8fab0fc08a58aaa70d4163da3311cd6b10c19d10249cb29df58e9a351a4c781,e7e061b6bb096bfc27d8d452feb2bc78b7eeadd9
pentestNotes,CMS - Frameworks - Etc/Adobe ColdFusion 8.md,ea46064dea8893ed6d54216151ae1bb0ef3661ba,markdown,1029,4c9fbd805c7ff1508c44793990442c2a6ba92821e8e0e271409edc2633c57030,9d34ecc7cf45123d62cefeac4a37710a5a57081d
pentestNotes,CMS - Frameworks - Etc/Bludit CMS.md,ea46064dea8893ed6d54216151ae1bb0ef3661ba,markdown,3077,b0805d4852e99481749bd1e2421698624391da1f622ac6e9837094aa6004e2bb,3b33fd5c9170c69544c5d7bca7d29b9c1720f4c9
pentestNotes,CMS - Frameworks - Etc/Dolibarr.md,ea46064dea8893ed6d54216151ae1bb0ef3661ba,markdown,444,cfe85acd6e6996ec4c5568b26a63a5e93ad71c2e61e81f20fa34e6869c8288f3,ac13df78afa859c4d01c484374a72388bc837b09
pentestNotes,CMS - Frameworks - Etc/GdbServer.md,ea46064dea8893ed6d54216151ae1bb0ef3661ba,markdown,585,4dfa165bc58b352f070fde95583958aba31b0162d81f55d43e9b6fa930582f66,affbe64af33817f75c36dc233b79ac83ced1252c
pentestNotes,CMS - Frameworks - Etc/HttpFileServer.md,ea46064dea8893ed6d54216151ae1bb0ef3661ba,markdown,541,5f540e85bb01ac210f19d886846f4c15629bb2c25d94a54cad8397409bc3c9b3,46f4c8ac0d0c78031f0ffd6d8e5cd33f876dd52f
pentestNotes,CMS - Frameworks - Etc/Joomla.md,ea46064dea8893ed6d54216151ae1bb0ef3661ba,markdown,514,220ffb6f9d9db7b8b787477d85ff89812fdc38596f2baaf8a51de65c14025220,8a43efb83095aad0035d9be499763f68af9c6083
pentestNotes,CMS - Frameworks - Etc/Json web Tokens.md,ea46064dea8893ed6d54216151ae1bb0ef3661ba,markdown,530,0ad539e58aef0b3651ead4e316aa7aad9220c43d092a18a7d3c522eb31904e00,e63dc31fcdc5ffc67810d2db30cafa099a3b4ea1
pentestNotes,CMS - Frameworks - Etc/Kubernetes.md,ea46064dea8893ed6d54216151ae1bb0ef3661ba,markdown,1280,a8cca88a987727c38b2cec54456beaed08395289a1e1f1cae19930ae657fccc8,08d9ace2197972044a7d3bdf0d717fe4b05d1d14
pentestNotes,CMS - Frameworks - Etc/Laravel.md,ea46064dea8893ed6d54216151ae1bb0ef3661ba,markdown,231,404118f493fc65dfeff5d941f0b128a8a3010f57033feb5b355011fa8566c53b,ccd8b0659aaaf3c886c1a7a7e57f5537c114010a
pentestNotes,CMS - Frameworks - Etc/Magento.md,ea46064dea8893ed6d54216151ae1bb0ef3661ba,markdown,4754,4d0378f7d6bd9a7a565dab963d9961550a6b32c7aad977e026b44157d857f7a2,f972f0fddec1e61f916175e1e888d25fc0f483b4
pentestNotes,CMS - Frameworks - Etc/Mailtrail.md,ea46064dea8893ed6d54216151ae1bb0ef3661ba,markdown,1276,54aae626cee45e92ea0c1f8f813cc3a09409f4047625befcbfd69c910800b44f,846de0e9891fbe32f82d055cd9b016bf6cbcaf3d
pentestNotes,CMS - Frameworks - Etc/Mongo.md,ea46064dea8893ed6d54216151ae1bb0ef3661ba,markdown,363,63ce4401bc9159e9e0a470b352556b2a73c202f1524acc6d39f50d4baa4f7543,7cdf141d71be914b1e170a5f5bf8b3270eb495a0
pentestNotes,CMS - Frameworks - Etc/Moodle.md,ea46064dea8893ed6d54216151ae1bb0ef3661ba,markdown,998,a223b6b1b662087432af04d953c5507d331d8abb52fe14450da40be80c19ed94,01217d22c5091d0033fa86086fece584c45734a8
pentestNotes,CMS - Frameworks - Etc/NVMS-1000.md,ea46064dea8893ed6d54216151ae1bb0ef3661ba,markdown,294,679ce342a3567026432c5281a87c4d4bd0a38031ebbd3c7a9877087166f780df,b2584e8a98c9f493049e8c333e1c2e9c8bb942a3
pentestNotes,CMS - Frameworks - Etc/NibbleBlog.md,ea46064dea8893ed6d54216151ae1bb0ef3661ba,markdown,974,5c32b52bf91a70565bc2f43bdd3af5f54168be8479916e0f2ba11ab317c23237,2a545b2351d1038af942f47a7a9538c500428ce1
pentestNotes,CMS - Frameworks - Etc/NodeJs.md,ea46064dea8893ed6d54216151ae1bb0ef3661ba,markdown,665,fdc7014ccfe737318266b55884103c3e6c7b11556ee1efb1a357337e08a462d3,e086854c40cd1621d62a220442756c2cec1e6d1e
pentestNotes,CMS - Frameworks - Etc/Nostromo.md,ea46064dea8893ed6d54216151ae1bb0ef3661ba,markdown,2625,35746208072069ee88b009fc3a6ec9bb2e4d781467586fd774a1f5b8640f29f5,6ba283095c6dc604d27bfc71eda0025970a7b223
pentestNotes,CMS - Frameworks - Etc/PHP.md,ea46064dea8893ed6d54216151ae1bb0ef3661ba,markdown,249,edff072ba77007d14755a13ee554782457b16eb184ec6ac28832873173dcbab7,3a3b5858ae4b6600dbef8f58c7c3e15eba616dee
pentestNotes,CMS - Frameworks - Etc/PRTG Network Monitor.md,ea46064dea8893ed6d54216151ae1bb0ef3661ba,markdown,903,e890feb0827f49052219a5e143ee1416b0b8d9ab93b99e37d6aabd3a1c27be5b,49e75bdf5c570ad5c9fc2f9485386c59e749e834
pentestNotes,CMS - Frameworks - Etc/Pandora FMS.md,ea46064dea8893ed6d54216151ae1bb0ef3661ba,markdown,582,4f488445fd1bdfb99b38480ee6b3bff3916e2819a1a7bbc5456fe69a9b157784,05f49dd2dfc09040b4181489d29765f8cac7b4e0
pentestNotes,CMS - Frameworks - Etc/Rocket chat.md,ea46064dea8893ed6d54216151ae1bb0ef3661ba,markdown,3320,f8981f81ca3981886cdc9f3ae9966a78e48acc0f30a7eb68dd4deab65321df98,cba65d1f7b89b44b82f859f7fe2e7d627834171f
pentestNotes,CMS - Frameworks - Etc/Strapi.md,ea46064dea8893ed6d54216151ae1bb0ef3661ba,markdown,322,83097facf45810251df26a78cec1af58d6bd0e0ec06965c2f21559dcc2a9437d,45c3f6934d3d10a25b140aecea23dde467eb231f
pentestNotes,CMS - Frameworks - Etc/Tomcat.md,ea46064dea8893ed6d54216151ae1bb0ef3661ba,markdown,1767,88e53bd43f0240d60e02eb4af6b9a27dea1f3285cb7665fec818da45403aa017,c1e362c7247e630f9551a8d4d758e121611d0968
pentestNotes,CMS - Frameworks - Etc/Voting System.md,ea46064dea8893ed6d54216151ae1bb0ef3661ba,markdown,9825,f664e707812210006d9ea544117a9edb1b8730843baaf34117df680ecfd7deca,ef0f600e6fafa739ed81973a3ece8570722c8c0f
pentestNotes,CMS - Frameworks - Etc/WebMin MiniServ.md,ea46064dea8893ed6d54216151ae1bb0ef3661ba,markdown,4199,132ca76c43c35d8aceda5d4ab592dd03382ad7ee1a5e476a3f45aea813f5ccc7,347cda67fde69a49b586af3266265beca2045c98
pentestNotes,CMS - Frameworks - Etc/Wordpress.md,ea46064dea8893ed6d54216151ae1bb0ef3661ba,markdown,728,09563dceaf7f2eece45586b84dca896d53d63f6c8eaa08b6fddad7045b6cfe9c,646e32fcf8c2021e8fb465690298b96a8b8e13cc
pentestNotes,CMS - Frameworks - Etc/git.md,ea46064dea8893ed6d54216151ae1bb0ef3661ba,markdown,324,e09e59cfffe28879d991a25a1c0ed3a9a292d934aa1ad5fa82ed48745d3e638c,9e87a3978057915c6c027f4059655f365285d5f6
pentestNotes,CMS - Frameworks - Etc/pfsense.md,ea46064dea8893ed6d54216151ae1bb0ef3661ba,markdown,557,08dddde72291121c79c2808968daf2c5f8a503b6fb109f1beb5ad097d6fbef5c,f684cd89be2759ad78b5d8a207a77fbadba1b603
pentestNotes,Images/Pasted image 20240415182839.png,ea46064dea8893ed6d54216151ae1bb0ef3661ba,image,24177,ca0518afdc67c87cb79291147543f708e139b474605d469040a0f83f97dcf25e,756c630c91fad1194cae5a2c4a63a4a03b0dbf93
pentestNotes,Images/Pasted image 20240415185635.png,ea46064dea8893ed6d54216151ae1bb0ef3661ba,image,9507,4109fe9e21e80571938d19632927269ca0c7516e16a21bdbbf79c1d0f77de82c,7fc0d24805fd342f384e869bddcec95e164f58f6
pentestNotes,Images/Pasted image 20240415192705.png,ea46064dea8893ed6d54216151ae1bb0ef3661ba,image,7040,6566c3d16539bce957b8f0868ac7988b2a22d77a4afb8116676dd1881019e96e,e0f1370bdb3d16ec0dac87e2675e7d0b73cc8d0c
pentestNotes,Images/Pasted image 20240415194836.png,ea46064dea8893ed6d54216151ae1bb0ef3661ba,image,15296,e1494f8bc3acfdedcb3bf88fcd3a665ee4a974321aca0c9f0a85de243d174fa8,1de3b0d2b8ddbc1f5a28a2a9d84b813b728a0dd4
pentestNotes,Images/Pasted image 20240416213636.png,ea46064dea8893ed6d54216151ae1bb0ef3661ba,image,352932,0ff667c50296964d9155ebe2d84bdd93f2b99e02539e0081146e5f36c321b2f0,09bb49f233057e6d8da7df5d9461c53bd2b67e08
pentestNotes,Images/Pasted image 20240418183513.png,ea46064dea8893ed6d54216151ae1bb0ef3661ba,image,34907,b714ce2973ffe60d2f71c5ac69736e79201da4d9508d16ccbcb4cb71575621ac,d2436b827437b766bf2cb1eec8407c17467adda2
pentestNotes,Images/Pasted image 20240418185733.png,ea46064dea8893ed6d54216151ae1bb0ef3661ba,image,36189,e9007240074aaf6d1130b8348cfaaf05e8597a4455564fa4c8ebe46730153ec3,63c4a5945e92a24d273487c37507f29cbe0dbb45
pentestNotes,Images/Pasted image 20240419145721.png,ea46064dea8893ed6d54216151ae1bb0ef3661ba,image,39318,04d9a29dfaa90692b7571c4cde0abed399166289d00ee2cc725e0790ee2e2312,06615e74efa7eb993cf384cdb29a164c5f60cf81
pentestNotes,Images/Pasted image 20240422190034.png,ea46064dea8893ed6d54216151ae1bb0ef3661ba,image,44936,566d2067e0e56303e576c453850d388a2340beefab70b691d3a628e17d1a11b5,88cc6cb338ea9e76ea560fe6e22eafe1673db462
pentestNotes,Images/Pasted image 20240422191710.png,ea46064dea8893ed6d54216151ae1bb0ef3661ba,image,27830,3653e50413023a8d32d5792661d0ded36854238125b8ba377eaa2ad96670d9a9,5e716620eeb39f8adbf915d3a6f354cae31b0043
pentestNotes,Images/Pasted image 20240422191731.png,ea46064dea8893ed6d54216151ae1bb0ef3661ba,image,22251,0dbc11879caa489e14e5fc251f7c9cc63bc88ea6b915064cc8a73d328f1c6031,b4e2e806d4d1e08e0c423ddc6bbbc0825bd37dd8
pentestNotes,Images/Pasted image 20240425181850.png,ea46064dea8893ed6d54216151ae1bb0ef3661ba,image,35868,dee80e2f7df204d36848d9e10331ca0b27e579030de57766b62983122d18ec62,6e08f2cc747302dcc5b6daca800f53c9a6d401bc
pentestNotes,Images/Pasted image 20240426112741.png,ea46064dea8893ed6d54216151ae1bb0ef3661ba,image,68685,4c7e97ba69847e76cea5964b7675f81ffcf611c49673bb18244652aa5482f90d,ca439b25f24b8bf480ec0a4b33eae29ff439522f
pentestNotes,Images/Pasted image 20240426113124.png,ea46064dea8893ed6d54216151ae1bb0ef3661ba,image,96431,737a3f384e076f5f92552cfb32b92d7fcee275de5d1d43b28fa57d918005e74f,d97e00673c5fae6618abe9e7f7d14c50673c4535
pentestNotes,Images/Pasted image 20240426114915.png,ea46064dea8893ed6d54216151ae1bb0ef3661ba,image,35430,fb6f5472182e73f383da996e3908c76aa2561dbe9f91469c1a39d4e63f7cf62f,cf99f4e8789389bfc907ac79f26620d99a85406f
pentestNotes,Images/Pasted image 20240508202940.png,ea46064dea8893ed6d54216151ae1bb0ef3661ba,image,64239,bf8a7cc2fc7c31613fb7f1ff2f5269ead3d7dd6165600a605c245aa9289c5663,4c75304aed2c519e1f2184200a8acf2a1c78495e
pentestNotes,Images/Pasted image 20240514181525.png,ea46064dea8893ed6d54216151ae1bb0ef3661ba,image,54918,9ff26c9777a4d9b8d61a148392630099860e0a17f2bbb55f504dd828dda39405,cbcbea1ad428b80d71fad036f7c68150971cd780
pentestNotes,Images/Pasted image 20240514181721.png,ea46064dea8893ed6d54216151ae1bb0ef3661ba,image,45724,3daeac467e8c1ed19b71929ef0b3e63ec3780a76488f9f98f3672a73111d252a,67a45392a2d5db3fff6fcf80656ad37e6458dce8
pentestNotes,Images/Pasted image 20240514184104.png,ea46064dea8893ed6d54216151ae1bb0ef3661ba,image,74039,6b9c9da7b527f2a03e52cae7551bf7588d0ceeb74117c9a51f91082e5cc39aaf,4b52cdf3ace0009983409f170d3fed9c51416ac0
pentestNotes,Images/Pasted image 20240514184233.png,ea46064dea8893ed6d54216151ae1bb0ef3661ba,image,66173,501010366c0a5ea842cdb0956f50f9f76bf281835f642ebbda7ebdb93826653b,5810e5caf293b90e1f62743aa0f3ec418fa86d36
pentestNotes,Images/Pasted image 20240514184824.png,ea46064dea8893ed6d54216151ae1bb0ef3661ba,image,73940,45ec3188d0543f88725f4a2dc8fbbe71eaf8932beb3bd62bfc406da3c03dc736,42c90059e5a7f95f9053f4de6ff98626972b918a
pentestNotes,Images/Pasted image 20240514190932.png,ea46064dea8893ed6d54216151ae1bb0ef3661ba,image,61237,8422fd6a7e84779e760d91e198059b81fc4b812491311bc4d6932542d6c60d39,753101725074bdcd481af1b8ea0b0103c4a6f0b7
pentestNotes,Images/Pasted image 20240516175723.png,ea46064dea8893ed6d54216151ae1bb0ef3661ba,image,58901,b787325e89405c14bf95db9fec8f98078f7d79e3eb80e63455dbbaa28519a41b,cce9f0eebce560076915b9d18bd442d780fe7db2
pentestNotes,Images/Pasted image 20240517191923.png,ea46064dea8893ed6d54216151ae1bb0ef3661ba,image,112756,0b5310d6fe06be6666c6071a79f0e2740a52335f3cd5ec29ba18cccf57fc9a44,f965208598205aac47294c5549ae2311d015e8bd
pentestNotes,Images/Pasted image 20240517192422.png,ea46064dea8893ed6d54216151ae1bb0ef3661ba,image,15196,71c8871548523550f26a0498bc30fece7c3a04a0f9b1c5ef73a3f26f4fd8bcda,b775deb9c5e7ae20d541baab55a28017dc817f9a
pentestNotes,Images/Pasted image 20240520103939.png,ea46064dea8893ed6d54216151ae1bb0ef3661ba,image,45812,da725b66e2a6be75eca3c513d9cd8d8af067ca1ef3864d91adbd2b0244e354ec,9644b3a75971303a708b3bc1322c8a63c3937c34
pentestNotes,Images/Pasted image 20240520104928.png,ea46064dea8893ed6d54216151ae1bb0ef3661ba,image,333563,9419226efc5a13176e07cafcdfd7b010f3bf121e4a96269deef3a6f5dbf53ea3,ca24daac37514909360390791efec9b07992cc96
pentestNotes,Images/Pasted image 20240520105114.png,ea46064dea8893ed6d54216151ae1bb0ef3661ba,image,102056,a9934f952ffec55bd7de405af3f5cdcd5c10110a5badaa685c16d461e883af0e,467a7d30790847154ad00c1abbc7a76408e71bd5
pentestNotes,Images/Pasted image 20240520183228.png,ea46064dea8893ed6d54216151ae1bb0ef3661ba,image,15446,2859da481215f17fa5d943a15c844e27dfd019e790e1417ddea73b3860a39c6a,03909bd0afef84e8f3adaf555be34cec5e433fa4
pentestNotes,Images/Pasted image 20240522191414.png,ea46064dea8893ed6d54216151ae1bb0ef3661ba,image,32785,eddf9c0317bd1fe6680f41ce8e5933356746697246fbdc6698bc4e46fa329e66,4bf396df0393aa88c7fd148740f5feed1b50134e
pentestNotes,Images/Pasted image 20240523104024.png,ea46064dea8893ed6d54216151ae1bb0ef3661ba,image,52279,cea33e195b6a1a534f99598231ecef0f4d7e47d4d6836b3d315ec5468dda163c,a37e6017da516a431e60f33393cea4f81b133e41
pentestNotes,Images/Pasted image 20240523104316.png,ea46064dea8893ed6d54216151ae1bb0ef3661ba,image,39177,1980d922c7ccf265572360c9a3af68d3e314bcde9d127d6993abf387bfcbd5f8,e41a422b6f08437d7cc081b153a6440b9a4558e5
pentestNotes,Images/Pasted image 20240523104345.png,ea46064dea8893ed6d54216151ae1bb0ef3661ba,image,39484,a7670ac4dc3ef840b2463989ecbeccae7fdadaedf3f3839ab07515f891b64632,bf2b8cdc25252899b137f0b53b62965ff756fb9a
pentestNotes,Images/Pasted image 20240523120905.png,ea46064dea8893ed6d54216151ae1bb0ef3661ba,image,42816,bfe047d0bb457764be16c74937db1cd394c8420728243b03e476de46478aaabd,21e174bdb3a247aa392f2c7a2d46d5809e31f6cd
pentestNotes,Images/Pasted image 20240524103230.png,ea46064dea8893ed6d54216151ae1bb0ef3661ba,image,17929,bc72ab9a55ba49829d5447e166b1377e7f71af868818711c183baee3dab2f724,7e1bd4d2997b9d02824d9e0725cde71f52f159c0
pentestNotes,Images/Pasted image 20240524104238.png,ea46064dea8893ed6d54216151ae1bb0ef3661ba,image,17666,0ffd028bda504d2ac1212f38bbb0fbbeee1dcfe0ad95eb8f295158ac35cef1ab,de583bc5b7a54b1b08153c7435023a51921a7c3a
pentestNotes,Images/Pasted image 20240524105450.png,ea46064dea8893ed6d54216151ae1bb0ef3661ba,image,12136,8422650f3fe3921bd9d28c029f2248d72fad428be2cef8e04830e465887ca1ec,92ab5269272487dcc66e165c4dfff9fe87a83ac1
pentestNotes,Images/Pasted image 20240526133512.png,ea46064dea8893ed6d54216151ae1bb0ef3661ba,image,23735,901e66d3085dfea5dbf63af8751b99dcf6f9f9b2ce8f0809d9d2588d2d9c25f6,bc948c14538f9b962cc5f647662fe32577b56301
pentestNotes,Images/Pasted image 20240526134443.png,ea46064dea8893ed6d54216151ae1bb0ef3661ba,image,83692,228a2c6cac1367bf2122c615f53fa5380586db24dcbc13f803a64f19685e5b4b,bc793cb45b06580a9646b6da7c4ab5e0a3279d29
pentestNotes,Images/Pasted image 20240528180842.png,ea46064dea8893ed6d54216151ae1bb0ef3661ba,image,39393,7d082fcfccf37a5e1ac32b47564eb988c08f006ad36b579415a43f6d4082afd3,ce307c35aaf60bf32e6bb1c808f07c632edabba0
pentestNotes,Images/Pasted image 20240528182244.png,ea46064dea8893ed6d54216151ae1bb0ef3661ba,image,14772,8389dab7f5919f455bac02fe2505ff11e52b088c28661edcdde3fd962e55c4a4,dc673f96e3505ff022f4a593be8aef068ab4cf89
pentestNotes,Images/Pasted image 20240528182341.png,ea46064dea8893ed6d54216151ae1bb0ef3661ba,image,84098,ce0dcabe9540908ffbff0ecd5ff181114734048d955006836588be9ec185bf9d,0fdbbeb70dcc6e631568eb5675d6b9d7c272f9d3
pentestNotes,Images/Pasted image 20240528182741.png,ea46064dea8893ed6d54216151ae1bb0ef3661ba,image,24471,12c663c22089ad7c6748a9756e32ae19fa0b6b2a3df4cf09dee99348fe55f8bb,8ca4b15514fd39fa53c42133cf114e292c2a6e08
pentestNotes,Images/Pasted image 20240528182802.png,ea46064dea8893ed6d54216151ae1bb0ef3661ba,image,20263,74e0060d5e8d39b2ee34eddea404ccf58a4c61666e6b6173c5196f782b3b3197,dc807b8edbbfd78c7ec4e02c2591fdee56c85c6e
pentestNotes,Images/Pasted image 20240528182825.png,ea46064dea8893ed6d54216151ae1bb0ef3661ba,image,8709,ebd6c533096b99f0b9b1214bf7aaacccf36975123e0b065cb5edd7f07f431564,c3a253d3be654441bde1870c1965e7d2fd59c364
pentestNotes,Images/Pasted image 20240528185428.png,ea46064dea8893ed6d54216151ae1bb0ef3661ba,image,44337,f7e968d073850ef3cf373a84f5fe99789bfffb78383eae633a93b160566f5c5a,4b4edebc5afb9b60751aec5611cc8ebe20a69ac6
pentestNotes,Images/Pasted image 20240528185607.png,ea46064dea8893ed6d54216151ae1bb0ef3661ba,image,15748,19bbbe2ad0422c0c5004750381b9bf46924f7337548edebb6cbe1b17e9017349,68fbc2277229fadf03aa62a04a5e92e507755dca
pentestNotes,Images/Pasted image 20240530182106.png,ea46064dea8893ed6d54216151ae1bb0ef3661ba,image,87714,1af0c948e7f78a48913567b84408e95aca70cde9aea8184a209340b1c9a14d5b,d730037f83f153d58885e7b61dea25c477c6ee99
pentestNotes,Images/Pasted image 20240530182321.png,ea46064dea8893ed6d54216151ae1bb0ef3661ba,image,58867,7b099fd6d2580f3b12dbd68f42adca86487751bd63454a8bf8f74830665dc479,c9bea26a88baea5154a1fcad4d38e0199a698acf
pentestNotes,Images/Pasted image 20240530183234.png,ea46064dea8893ed6d54216151ae1bb0ef3661ba,image,50264,3e67052690324b7ec0a91cc5e9739ee2b1a564929bdf70cca398a59e3d1088e6,0c45c406e11b1f49a4a4e7fecaab4d82598fd33a
pentestNotes,Images/Pasted image 20240530183538.png,ea46064dea8893ed6d54216151ae1bb0ef3661ba,image,29878,bbbf8d42bb45ffb7de09e6678103bca3d37e68eec88b8838a4caada060e5a863,ef5b50b9749b9c417fc644da8eb75ab451c26820
pentestNotes,Images/Pasted image 20240531105209.png,ea46064dea8893ed6d54216151ae1bb0ef3661ba,image,38819,0a1dec3e704a96caa1a3ede9f10f6ed0a854e721cb3619ad55e7b6b36865797c,32059bcaad1a54157c2f215dd1a5a2b27bb4aec5
pentestNotes,Images/Pasted image 20240605144041.png,ea46064dea8893ed6d54216151ae1bb0ef3661ba,image,16397,74a9e2379d1b524ac4b08dcdff77980b85a01d36950b2961df61875ab6f4541d,32924355d6b3ac6d4c276103bdf4fbeafb188295
pentestNotes,Images/Pasted image 20240614183052.png,ea46064dea8893ed6d54216151ae1bb0ef3661ba,image,23034,7a49cacea68e966b2f12ddd61f2d3b5030f5626cc2a399c29cd7cb4f0ebb76c4,781e0d1ddc2ec065aa96c143103be23a4bd02c47
pentestNotes,Images/Pasted image 20240614183303.png,ea46064dea8893ed6d54216151ae1bb0ef3661ba,image,24988,aa5ea0e9f0b387fca3c8ab84c4a726919e1a67a9cda3869c620023793639d2cb,963666fb66e56ec63eb48bfbd17ba384baed5765
pentestNotes,Images/Pasted image 20240617123658.png,ea46064dea8893ed6d54216151ae1bb0ef3661ba,image,37181,97933521e5dae5c289feb6499db2498a370a1cf0c982ac09adf8bb18fa5c24b0,d65334fcd34ebff9e7e5ef16594a5b5aac849b6f
pentestNotes,Images/Pasted image 20240702121135.png,ea46064dea8893ed6d54216151ae1bb0ef3661ba,image,22204,e77cd249f0c59085ffc15088f0e0f995944767a75b713540d46d9754a14fd78f,aaab78c32d83a7a748216d4dc70ec2b93f3edf02
pentestNotes,Images/Pasted image 20240702121619.png,ea46064dea8893ed6d54216151ae1bb0ef3661ba,image,11984,112f52150c7f689f50d1d8f2672912eb0793d69baab77aef39ac2727fbbaa045,1c0ad44e9270191eef1ba17ba70b63decb76d58e
pentestNotes,Images/Pasted image 20240702122445.png,ea46064dea8893ed6d54216151ae1bb0ef3661ba,image,28758,fece57619f1c8615614b942e80a3a924d2d84f41449aaf2154f8c46d3f459fb6,3a4daa6fd7e8800c337cfd4438cc71f643e7a6da
pentestNotes,Images/Pasted image 20240703132858.png,ea46064dea8893ed6d54216151ae1bb0ef3661ba,image,22529,6df733f029d0ac80cd70916ccd083c035d8ab16efc1d70501507af83fd1ab4ad,4cd8526e2583192367611f8bf168c4d08adc2c09
pentestNotes,Images/Pasted image 20240703132915.png,ea46064dea8893ed6d54216151ae1bb0ef3661ba,image,20568,5f7aa9b8cb5c9e6aa4e42968c299a7c0cdab83a054ed6cad252b246903decfef,a327250ae1e081648c803f16df31983667e249f7
pentestNotes,Images/Pasted image 20240703164455.png,ea46064dea8893ed6d54216151ae1bb0ef3661ba,image,8441,8d9232ab2efc84fe9ad07a01fd08ecc0208dd9edf792d997ee8267d1207f5115,fa0b7ae3b50ec6a204dae012c7ce0260a45e1c67
pentestNotes,Images/Pasted image 20240703164623.png,ea46064dea8893ed6d54216151ae1bb0ef3661ba,image,23170,e562ac76c4572b280997aa061a14813b8912ab2619d6d20ccd4abb585471eee7,ac3a1412e137840d0c11e7d1734cef96b121359d
pentestNotes,Images/Pasted image 20240704073405.png,ea46064dea8893ed6d54216151ae1bb0ef3661ba,image,147033,286d6c5093dc3015d7acafd43097f100bbc7cd95ddfdfd1f69b484830c6aa340,921810e96e808912c2ca2bc3a9a3abc3c1a5ef70
pentestNotes,Images/Pasted image 20240705045849.png,ea46064dea8893ed6d54216151ae1bb0ef3661ba,image,40410,a7cb072d70b96890c8ebbaf4be684e49769b03c0fd5608e966f9552ce521f4b6,82591d5fcffe8dfc7b5d20281d3ae796a09bb68a
pentestNotes,Images/Pasted image 20240705053505.png,ea46064dea8893ed6d54216151ae1bb0ef3661ba,image,26667,be0da8303264b4e59e09c74490268704d6e311b1462ee0d55dc5386d6e4780a5,084bad1ef588358b9a375c994db7280b20dadb2c
pentestNotes,Images/Pasted image 20240705054750.png,ea46064dea8893ed6d54216151ae1bb0ef3661ba,image,256004,84d129dda0f1a17cdecbd3da0cd63fb3c31c109bcfe37fdfa104e39db7df8958,258aceba9fcf919c7463b498159f31785245ad7a
pentestNotes,Images/Pasted image 20240705055623.png,ea46064dea8893ed6d54216151ae1bb0ef3661ba,image,101894,f42f26ebd88602d3b5a0a44d866a2f194aca2766c179d8642988451e6d7590d7,f71b768073cfa9a8e3f7e4cb2cd7a8fc6963c7c1
pentestNotes,Images/Pasted image 20240707121411.png,ea46064dea8893ed6d54216151ae1bb0ef3661ba,image,43225,208686280908e2394d89d2945c86869f8330399b83da70428344b364ca59c471,2eb5cdbbfb0bae1c8ee15e3041c3bf0adfecf43b
pentestNotes,Images/Pasted image 20240707154848.png,ea46064dea8893ed6d54216151ae1bb0ef3661ba,image,33636,86c50980b4edd1a937dec4f9fb4d7619da6a4ec742faadd16772b9e7c856507a,7fb35002c61ee2369c7ce81f351f394a6f629ec4
pentestNotes,Images/Pasted image 20240707155021.png,ea46064dea8893ed6d54216151ae1bb0ef3661ba,image,13802,d84ee28ce8f1b2aaf9327a3c97ce3069340b1efc9d8434d314a10716b33d9394,9f871c8c9e7f0ba818d04bedde94e909ba9bd01c
pentestNotes,Linux/Process Enumeration.md,ea46064dea8893ed6d54216151ae1bb0ef3661ba,markdown,881,d3fab213459a5beaf695928eb59a2e393cbf483a73d599451f799f58a8a78d71,78ff939829ca93672afdf6178fe48ebbcb3714c2
pentestNotes,Linux/Symlinks.md,ea46064dea8893ed6d54216151ae1bb0ef3661ba,markdown,675,224da63d03ffe4b026a7e2cbab6128c9726d06cc337a4ac9fc4bd40fc6e3544c,7de303afcdd3efcc108674ee40a24640417720b8
pentestNotes,Passwords Attacks/Generate password.md,ea46064dea8893ed6d54216151ae1bb0ef3661ba,markdown,485,63d6faa41e3de4182b2c251c3f928848001deb6416a83caebd17871d10be1c62,adf39002194c689767da94196fa75ca7e3ce4f09
pentestNotes,Passwords Attacks/Hashcat.md,ea46064dea8893ed6d54216151ae1bb0ef3661ba,markdown,653,0c3160a4b862450859f2a6852b282c03b731ff0016d70f5ff63831ce52fe3bd5,ca9a66271abe20307736e39c597138db047e074b
pentestNotes,Passwords Attacks/Hydra.md,ea46064dea8893ed6d54216151ae1bb0ef3661ba,markdown,295,5a765f96e20b70ed7c4e2204aa4dd17f3679c8d24168a53b1e0f7d8af3ac5451,de84253a8b4cb641f8d48a34a94589f2778480cf
pentestNotes,Passwords Attacks/Password crack.md,ea46064dea8893ed6d54216151ae1bb0ef3661ba,markdown,33,0fa3476b50a315dd1e7f419d8ccda505733ce6a8812f9b30405a6d88d68a8153,d4ddc5cb2ec24196f5dc50940433c2e125d18177
pentestNotes,Passwords Attacks/ffuf.md,ea46064dea8893ed6d54216151ae1bb0ef3661ba,markdown,207,224b9f8e8581ab5361a95f8755366a5d3c89b15feee5d23957ad158db8f66602,82395798639eeac6907222c86d43ff97b2815023
pentestNotes,PrivEsc/Linux/Abusing Curl.md,ea46064dea8893ed6d54216151ae1bb0ef3661ba,markdown,726,33cbe3e15ddf1641e493fd5500704e4b07f2c111924f99add2e89ba3ea1c6707,c1f21fb75cd212a4c28132986f0c0f862257e311
pentestNotes,PrivEsc/Linux/AutoEnums.md,ea46064dea8893ed6d54216151ae1bb0ef3661ba,markdown,160,52715815384e7a287446f5965336af21e854024fb72fed75009a902927f384d8,5bef83644395fe156179c2e8fb78eed713df0733
pentestNotes,PrivEsc/Linux/CVEs/Baron Samedit -CVE-2021-3156.md,ea46064dea8893ed6d54216151ae1bb0ef3661ba,markdown,346,c9aecccad8c2141ac84da7241757237ea5cddbc8dce676b4e11333b57f7acda2,84cc8206092b44baf2132751da3cb580b533b492
pentestNotes,PrivEsc/Linux/CVEs/CUPS - CVE-2012-5519.md,ea46064dea8893ed6d54216151ae1bb0ef3661ba,markdown,306,a1c16c9d26b498666c981b103d7691d57fc693801b8c7a977d37a427c7d9fb9c,5861ccc5683f5fa9ba125ef7e1f1b098218045d5
pentestNotes,PrivEsc/Linux/CVEs/DirtyPipe - CVE-2022-0847.md,ea46064dea8893ed6d54216151ae1bb0ef3661ba,markdown,71,f55a618682d8bf466b0d73097194efdef18104325f68326d6209fb1129536377,e0e65d47ecdc71439c053e513f145c4b12c1d39b
pentestNotes,PrivEsc/Linux/CVEs/Polkit - CVE-2021-3650.md,ea46064dea8893ed6d54216151ae1bb0ef3661ba,markdown,279,d4c84eb2ddd7baf24a9e02f1056b49a11b68322aa1f6bfabd8dbbfea3ab8347a,f194c619ae694f1af83a2bd4ecb912c533473a3f
pentestNotes,PrivEsc/Linux/CVEs/Pwnkit - CVE-2021-4034.md,ea46064dea8893ed6d54216151ae1bb0ef3661ba,markdown,335,97a90b4e30e415c5d33acee7278e49d4588320d3d48ffe6a83945d411e7ddac5,3468cefa893d8d001df2bc812619a17754317248
pentestNotes,PrivEsc/Linux/CVEs/Sudo version - CVE-2019-14287.md,ea46064dea8893ed6d54216151ae1bb0ef3661ba,markdown,499,21e06c1a3a1e4661c5058415b10dba320e852c03ef7eb0d2fe788cad4753235e,ea15fe4c1e23156fea53c186f18f02e5a5dc6b74
pentestNotes,PrivEsc/Linux/Capabilities.md,ea46064dea8893ed6d54216151ae1bb0ef3661ba,markdown,210,3aa271fa0e07db65115f9184725de8cef20951ed9eefa6bf818e149c798db2ff,52d71cbdf7fa0f6e0ec6316568df7ab33621f51c
pentestNotes,PrivEsc/Linux/Core Dump.md,ea46064dea8893ed6d54216151ae1bb0ef3661ba,markdown,303,f026a9605998eab2ecb063fce01b6a89375667b5c7b3f58e42c14a4ba4872721,9d5216c3efa1dfd9ad2c85c7124e65dbec2be1a6
pentestNotes,PrivEsc/Linux/Decompression.md,ea46064dea8893ed6d54216151ae1bb0ef3661ba,markdown,477,4a580dae33b38bc05f01f63751692d249d08ceae505ca7f974f49dd8c3498ae6,7144f60205c021c2bfaf4b86481901163a7dd7a0
pentestNotes,PrivEsc/Linux/Docker container.md,ea46064dea8893ed6d54216151ae1bb0ef3661ba,markdown,526,f9494154a80eef69b3d44e678cfa8491cee36ca0f70ed09caff0fa3e2eb88ae0,f554142ac65aa60f0d88158924519a6158d65a3a
pentestNotes,PrivEsc/Linux/Journalctl.md,ea46064dea8893ed6d54216151ae1bb0ef3661ba,markdown,527,8a16c7457759583922181bdf2279b8a440aa6cc220d20a7408deff0a8bc4280f,989c8cb1f2ae7bad82a45a501453abdfa2bef03f
pentestNotes,PrivEsc/Linux/Kubernetes.md,ea46064dea8893ed6d54216151ae1bb0ef3661ba,markdown,2799,7c708bf9088599beeefa25984b8064446597ae3e333a829205aea8b3780ab0d4,35036a5d978559af20f41aa280277d0a106ce6f2
pentestNotes,PrivEsc/Linux/Nginx.md,ea46064dea8893ed6d54216151ae1bb0ef3661ba,markdown,652,5f5e9882b41fe50f4167107b624b39365c1140597eef15b046ea3f01a0950a0a,3167f2ca940f30f93fbb23eac384cd842966bfd3
pentestNotes,PrivEsc/Linux/PHP config files.md,ea46064dea8893ed6d54216151ae1bb0ef3661ba,markdown,52,6abefce5ab01b6b8ac29e5248791703a5ba3462f0a85ebe01b871faa57572073,8d2b609cd0e7e3365dba2cfe7bdce9f8e3c45220
pentestNotes,PrivEsc/Linux/Port forwarding.md,ea46064dea8893ed6d54216151ae1bb0ef3661ba,markdown,565,0320929ba951d737417da7001e90f3a88cdc90f0a8d9385d606dba29c1e79cd2,1f745ddfa1065774a1051bf9a64578e57b2a2391
pentestNotes,PrivEsc/Linux/Procmon - Pspy.md,ea46064dea8893ed6d54216151ae1bb0ef3661ba,markdown,417,f37ed7047f5a7af3805fdd2392aeaa7afc3391d4013d536210af8b4c1ff9d90c,8d15fdc30a8502a9c67fa89d2a31ea841b9aa915
pentestNotes,PrivEsc/Linux/Python path.md,ea46064dea8893ed6d54216151ae1bb0ef3661ba,markdown,1747,14b4fab98fa20d9e71e76d5af74fe46d80ac9eb7e67e2808f82d046685949dd4,d534991bdbe5996884def87cf4ede38afed01312
pentestNotes,PrivEsc/Linux/SETENV.md,ea46064dea8893ed6d54216151ae1bb0ef3661ba,markdown,3212,b87b5f430553b17fbeee854a8abadc05179902c5f213e36a920e2dc15bea4e22,35ecaeb2b21b6f2bda14605c942c79ecce35f85a
pentestNotes,PrivEsc/Linux/SSH tunneling.md,ea46064dea8893ed6d54216151ae1bb0ef3661ba,markdown,77,f31d4581e2777031c9b48c0bc8bcaa8525e0eef3db6db15084d041ca46f0faa2,8fd5847838bad740fe99ff2ec0f27f8d0226d8d6
pentestNotes,PrivEsc/Linux/SSH.md,ea46064dea8893ed6d54216151ae1bb0ef3661ba,markdown,464,45f563cd667a4d85331eb98e3cac8a7bef400be7f6b97b3239b295c53ee28866,e86f5bd0d88fdae6edf62d45c0150cf105a7ea75
pentestNotes,PrivEsc/Linux/SUID.md,ea46064dea8893ed6d54216151ae1bb0ef3661ba,markdown,848,864bc99509e438f6530efe1f6f588d284b52d8d3de81ceeb19c1431d60eecbbd,2b37c770d2c8c3c876a605c602ed5a300d8cc424
pentestNotes,PrivEsc/Linux/Screen sessions.md,ea46064dea8893ed6d54216151ae1bb0ef3661ba,markdown,2394,6a1a58133d12560f65a7bb44c401af38775cbf7c448a06f5c07c8bdc8ad1d284,e6b58447452cb027ec9c687c625f94717feb8422
pentestNotes,PrivEsc/Linux/Sudoers.md,ea46064dea8893ed6d54216151ae1bb0ef3661ba,markdown,153,0ff85e5f3e8d8742a88be4d1d5d1fcbaa1fbc441779216391224efa30c3499a9,22f01c1582395ebfffffcd6ede56a4a589150f8b
pentestNotes,PrivEsc/Linux/lxd exploitation.md,ea46064dea8893ed6d54216151ae1bb0ef3661ba,markdown,1406,faa2a383f6c2e216ce573e70e243b9f999d55a02cfe000c3e81602b8db86c5db,614ca71a57848638214d6b9bc09ebaceb659eea3
pentestNotes,PrivEsc/Windows/AlwaysInstallElevated (msiexec-msi file).md,ea46064dea8893ed6d54216151ae1bb0ef3661ba,markdown,238,83d2bf6e5550bd4bddb13c0907db223ee5e17e0f302952a92bacac99209ac363,dbe2f2e9cc77dc9783cd3eb98516228882daf407
pentestNotes,PrivEsc/Windows/AutoEnums.md,ea46064dea8893ed6d54216151ae1bb0ef3661ba,markdown,66,733203298ba8ed7b87c4b9ef6a4908c9cb942c4b14d737b453913177bd41b6ba,f357100e6c7cc03739fab3f439d18463a7dac441
pentestNotes,PrivEsc/Windows/Commands.md,ea46064dea8893ed6d54216151ae1bb0ef3661ba,markdown,97,7fe5cb7ea6616b55cae43272de42b4d0f42a34155b4eeb149a8cb1e9e10de613,e5dd84a004054340588df9fc2c674bd1a00a04f9
pentestNotes,PrivEsc/Windows/Groups.md,ea46064dea8893ed6d54216151ae1bb0ef3661ba,markdown,1843,acccdb23f622b70d4be79a9cebef825829e18cf67f9b774505e2ecc81d9e06d9,3e3d2df2c90f13ceca95a56fae5ad280f0f03dee
pentestNotes,PrivEsc/Windows/MS/MS11-046.md,ea46064dea8893ed6d54216151ae1bb0ef3661ba,markdown,182,0555f86f19ca241568f5a160345e9f4b739567ad2f8d92c47a8acb2172968a9d,2500d12aced707da1049187fcccab675db55c898
pentestNotes,PrivEsc/Windows/MS/MS16-032.md,ea46064dea8893ed6d54216151ae1bb0ef3661ba,markdown,525,9864ee3f5c0e7785ae85540f74d06528fdd89b95c12b29dcab69058ad91bc123,e07154958cc73068ae1383efef4c4257719c182b
pentestNotes,PrivEsc/Windows/MS/Windows Exploits.md,ea46064dea8893ed6d54216151ae1bb0ef3661ba,markdown,105,175d9c14cb421456161feec624ce89d7ea366546bd6058e4e74600fb9c60e449,e67af659f7e474ff5e2287eecfb546a55f064311
pentestNotes,PrivEsc/Windows/NSClient++.md,ea46064dea8893ed6d54216151ae1bb0ef3661ba,markdown,1903,e569f879f5654a88772c2748bd23c732223ff8626c678e39e0a9fe3b6039578b,474592c4aa942484fdf1e13576520c5c8d7bdd93
pentestNotes,PrivEsc/Windows/Password Hunting.md,ea46064dea8893ed6d54216151ae1bb0ef3661ba,markdown,326,45a527ae1e1474a31dc91c7b7d38a4447142f6e3870d65ff9b7c608e5d523396,0fbf3e85a1855bb1f6aa7113be3a088a6abcd4fd
pentestNotes,PrivEsc/Windows/PowerUp.md,ea46064dea8893ed6d54216151ae1bb0ef3661ba,markdown,322,a3e01083333662460ca73ce33906e82c66a6d5e80700de0b305a5f7e3bdd04b8,001772f8fe2a451556da8c9473f6eb7f41633996
pentestNotes,PrivEsc/Windows/PrintNightmare.md,ea46064dea8893ed6d54216151ae1bb0ef3661ba,markdown,407,d6953de4bdeda3269703d3991f4ac952df8085b196c62fc2a17d3108568b2e3f,7f1c0bd4be0ecdc56044ef449a5c30d962962a34
pentestNotes,PrivEsc/Windows/Privileges.md,ea46064dea8893ed6d54216151ae1bb0ef3661ba,markdown,801,18f29eaddd4982cc9f23f4cc59587d16583daad4bc5afc2e366a3e256390c4bd,31cfcc0d43f8c222eacb4b6f9c38631fb8690f93
pentestNotes,PrivEsc/Windows/SSH Tunnel.md,ea46064dea8893ed6d54216151ae1bb0ef3661ba,markdown,75,174d21f7905beda06895b4ec86d0e0d5a002b40ff6e90fcfa7d69fc9c75becab,82bf5f0126e9f6458294ed10db57c0e8caccbc6b
pentestNotes,PrivEsc/Windows/Watson.md,ea46064dea8893ed6d54216151ae1bb0ef3661ba,markdown,243,5a21ef2ad33fde368ce7cb5f0df7e7d4d5c942782414eecafd0b7d6ce3b35b68,68563af3e1700efe6651ec0c63cda7a73229cfb8
pentestNotes,PrivEsc/Windows/winpeas.md,ea46064dea8893ed6d54216151ae1bb0ef3661ba,markdown,240,d8ae82ece832470abb215e34306022689ce08a24772e9ced699711ca2eb325fd,ca19f4a090f2107171cefee7c9f2d0cef5498cf9
pentestNotes,Readme.md,ea46064dea8893ed6d54216151ae1bb0ef3661ba,markdown,22,967b55a210d3fa499964ed07dc89aeef1fb61aaff17f7a31c9f54f357f516d8e,38ae5ec94a3e7ad9fcd68f8b5747d9fe32fd4a3a
pentestNotes,Recon.md,ea46064dea8893ed6d54216151ae1bb0ef3661ba,markdown,2512,6f667803dbb56dfe6165ac74414aeb4dc3b673c603521ec64003af9ee87e7a8f,742cb336cc4b1a7a0ce52651bef0a4f875a5c7b0
pentestNotes,Services/161 - SNMP.md,ea46064dea8893ed6d54216151ae1bb0ef3661ba,markdown,1579,a9b2f9dcb86af971eb589fc78e83e1957c5c961917502bcc1f1379bbd2edb347,8b356561bb2a4908d263bdf65f0248d72280c25b
pentestNotes,Services/21 - FTP.md,ea46064dea8893ed6d54216151ae1bb0ef3661ba,markdown,199,ea95b4e8f9dd663c36f842d0deccb1c0340a9b0afbe587bd1dd7295794b40a18,c435d50ae64e0571a6c56404f494976516c3e9e3
pentestNotes,Services/22 - SSH.md,ea46064dea8893ed6d54216151ae1bb0ef3661ba,markdown,224,eec04e5ea034a99d352cae2fb638807a93036fd0c991b4cacfbd1c688ed438b0,23730944c856ccb21fb6b30d2d27c0fe49b17103
pentestNotes,Services/23 - Telnet.md,ea46064dea8893ed6d54216151ae1bb0ef3661ba,markdown,127,f08045e9b04ccd8882beb97981262743d9887ee10895303697391b7a77f06d21,402703aaa589bb5af8395e2083b7c19a5088027c
pentestNotes,Services/3306 - MySQL.md,ea46064dea8893ed6d54216151ae1bb0ef3661ba,markdown,118,be95fc3a4f0a161218b7fec068a35bccb572f411212c428f225f8d46d22a7b85,ce13e6828ddbb984e99fa73250281117fb83595b
pentestNotes,Services/389 - LDAP.md,ea46064dea8893ed6d54216151ae1bb0ef3661ba,markdown,59,464408ad7e8cfeca59ccc9bf6ea8b3f7d22604f0a45a47b00cb5e91a58e9a919,9ef5673926ee90c23deb06fa7738308bf45559a4
pentestNotes,Services/443 - HTTPS.md,ea46064dea8893ed6d54216151ae1bb0ef3661ba,markdown,206,4552a9ead1f95ea9c10d4735b1d85012e2fb354648c0499d19d1d50879bec86f,c6d357f3d29119760a7e1fd3b9883fbf36846096
pentestNotes,Services/445 - SMB.md,ea46064dea8893ed6d54216151ae1bb0ef3661ba,markdown,461,9ad4ed044eff731fd2ea0459b8f708fdad6b9b65bc3f242a78b82cc6b499db87,1395bf473bb2dc69a524e08a1842c747dac15edb
pentestNotes,Services/5601 - Kibana.md,ea46064dea8893ed6d54216151ae1bb0ef3661ba,markdown,1707,a62e74d6c9a78b84f50b862a0126afdcaf41da69b643145874b98c8ff96e5b2a,ec100ffee89cf65802b18b3ba634d72858f84c04
pentestNotes,Services/5985 - WINRM.md,ea46064dea8893ed6d54216151ae1bb0ef3661ba,markdown,184,f59d398d39c2309fd62adb6bc47f166e2b7013f6ddd13e58af01dfbd9455e411,f978a53d076b56bf0a61c4b7d48bdd6cd772b566
pentestNotes,Services/6379 - Redis.md,ea46064dea8893ed6d54216151ae1bb0ef3661ba,markdown,1194,bbecf3ad4cbb69188b23fa0b8e05ac3d0adba79fab155d5ce6acc07527bf17a1,bdfe78c453daee0f4fa76f590915820349604b5b
pentestNotes,Services/80 - HTTP.md,ea46064dea8893ed6d54216151ae1bb0ef3661ba,markdown,2695,01387c22fa140691891b0c0ef2296946c20ee74c3f7798da2e5ad6c7b0b3481e,f9eb3e94953a714d39e1f9fc64cc1f8c679d9f12
pentestNotes,Services/9200 - Elasticsearch.md,ea46064dea8893ed6d54216151ae1bb0ef3661ba,markdown,301,8e825dcda028221912688a4a5c8d0f1b78a7e004a761ae3ebf5438e5dc7ad802,bc958d930b59ea2e9f59f1493989633ab05766d8
pentestNotes,Shells/PHP cmd.md,ea46064dea8893ed6d54216151ae1bb0ef3661ba,markdown,94,f6c4ec1040291e1b1b8accce4f0e6a0a5724f93389476140a025b46d9bf817c8,2bc01f578465c91ecb7ddbe750171be88d96f341
pentestNotes,Shells/Reverse Shells.md,ea46064dea8893ed6d54216151ae1bb0ef3661ba,markdown,412,f1d13eff233de5b18c8ec713519bfe2e4b5b9e87d853eb1094305fbc30ce067b,80895bdb84866316d456fabb9c2c691eaf6c5192
pentestNotes,Shells/TTY.md,ea46064dea8893ed6d54216151ae1bb0ef3661ba,markdown,344,ffde576e925c2523e6d9bd857edb384d73152d834e993ed04749d3614f4117cc,e6078a3983ebe6d5e4d4bd9582e73c8a3c903783
pentestNotes,Shells/Windows.md,ea46064dea8893ed6d54216151ae1bb0ef3661ba,markdown,616,cbe549df05e8f6332fde1730854636aa496a0026f825976c0eff3f70f58381e7,0285c32c5b5d1997a518aad2fbf7b3659d4b774d
pentestNotes,Shells/bash script.md,ea46064dea8893ed6d54216151ae1bb0ef3661ba,markdown,71,8252e29afe4e96195710502e5cb602df96adcbdb3e7826761844dd632b43f6e4,45d9b1fe68aa8fa77b0465b1d431fdb6e1256542
pentestNotes,Web/1 - Web Requests.md,ea46064dea8893ed6d54216151ae1bb0ef3661ba,markdown,4062,3c938d48920096361b30461aaf93a482ce312136b280bddfe44530c5da158891,fba6aa8c317346f82676ba44adef436455ee47ca
pentestNotes,Web/2 - Information gathering.md,ea46064dea8893ed6d54216151ae1bb0ef3661ba,markdown,15830,cf7fe3911e8f567fa7ab7e0b4a1beff34c7168b56047d10c7b6cac82d4906ca5,814dd007010b3f304059f9cab1d24dce55f08b79
pentestNotes,Web/API/File Upload.md,ea46064dea8893ed6d54216151ae1bb0ef3661ba,markdown,294,c757b68525179fe9311a3ca5f425d39c169c3b90a1b55b4ea62265ce9d209057,7755f92f596f84df2c3841c9eed942a1b5ac156b
pentestNotes,Web/API/Information Disclosure.md,ea46064dea8893ed6d54216151ae1bb0ef3661ba,markdown,279,445abf8008bdb6b17cfef679e3c8adf5b53432db7a6f86ffeddc52a57708bf61,9158f6e270443a4ed055e6e503bba895f35a225d
pentestNotes,Web/API/LFI.md,ea46064dea8893ed6d54216151ae1bb0ef3661ba,markdown,214,796bc85a5ef921eb7fa1b7bd791e72a454fd0fbf1e2c985a36d1e9b9d2645a50,60d09b26751beaa0f6ef11b01ed6d0e7ab68263d
pentestNotes,Web/API/SOAP.md,ea46064dea8893ed6d54216151ae1bb0ef3661ba,markdown,1095,56b74beacf72c28404dae122fb037162b1902e64c0bba129d5f6be805756fa61,e4a7b6b45cdb6020fd574691bf71e43e8b569e39
pentestNotes,Web/API/SSRF.md,ea46064dea8893ed6d54216151ae1bb0ef3661ba,markdown,477,377a8905574b0504f649eb555d97f9857ee783c09b1a54eb61d855197053ed67,082c35078c3638ec3ce6394ad7280c5a73df9bc2
pentestNotes,Web/API/XSS.md,ea46064dea8893ed6d54216151ae1bb0ef3661ba,markdown,357,302ce1c5f0e4cb0f1a07439ed69b2a46eb40ba73eb496a8227bb0c6adafa50fb,b322d6648e11276461d0ffe84cbf70897071251d
pentestNotes,Web/API/XXE.md,ea46064dea8893ed6d54216151ae1bb0ef3661ba,markdown,509,c7b4f9c4f5d9848769c2d605b15617795c7eaf2a3ebd1f8c27bad67feeff121b,6a941ae5c19ebd2cb37fd900f0a4053f916ea762
pentestNotes,Web/Authentication/Authentication.md,ea46064dea8893ed6d54216151ae1bb0ef3661ba,markdown,1207,d6f1858f8b6d2341b67202b9a3374211afeacba62926fd0c058ce95b60d75e69,22a04b1f4acb07ad7ba5769e9659c0ec216dedec
pentestNotes,Web/Authentication/Broken authentication.md,ea46064dea8893ed6d54216151ae1bb0ef3661ba,markdown,1723,8069790f0d55591a4aa737c322fc7a9ed8c59759adf3e5308458267fc591bde2,371ddbc68fbfb966fafe9ba993756bd8887d7880
pentestNotes,Web/Authentication/Example.md,ea46064dea8893ed6d54216151ae1bb0ef3661ba,markdown,1363,7722bf2a2a90e63f66a8cd5ee86ce039914da5f4ee444dffaa85a4c0aed27009,ee36732bbbfbd29cd2ad63d00226cd41b4d442af
pentestNotes,Web/CRLF.md,ea46064dea8893ed6d54216151ae1bb0ef3661ba,markdown,1292,c91de6555e0af342fef03a85462f78e93e6286c19e0654bfec0b6b98da86fe6e,f4af279e2e4bc774ca05b811a366cd11f8cec9e5
pentestNotes,Web/CSRF/CSRF.md,ea46064dea8893ed6d54216151ae1bb0ef3661ba,markdown,1562,4862b4b729647699d4a0f655d23bb01e8c826585a532f2e0343aa9650c6e8318,106c6dec57560385689e0b20710e739c3e40d3e1
pentestNotes,Web/Command Injections/Cheatsheet.md,ea46064dea8893ed6d54216151ae1bb0ef3661ba,markdown,4328,3fce0b5636f267e469ba6c7677867ca18d6c91e947a833cd8082633cd6b5fdcc,0ae442368673af0f2d3558d83066ca72173c94cd
pentestNotes,Web/Command Injections/Command injection.md,ea46064dea8893ed6d54216151ae1bb0ef3661ba,markdown,93,affb20df604327a2176f1ea699b47eff6234bdf1ad86c28206f14da233323524,f0b87f3543ec7570b794e08a3096caab3e704bf7
pentestNotes,Web/File Upload/Cheatsheet.md,ea46064dea8893ed6d54216151ae1bb0ef3661ba,markdown,2143,8d1814458d2a4312c29fba40a449d40a1395e5c47958208f6402d13707e5ae42,bfc3fa35ea83a17b60c39e4db1e798a58e5479da
pentestNotes,Web/File Upload/File Upload.md,ea46064dea8893ed6d54216151ae1bb0ef3661ba,markdown,2026,df4e86eaf131e2add1822f3a9064f959d37db97994e131a0b192b85c87bb8aff,e93d92fc4f910c075b195c76a8609edbfd6e094d
pentestNotes,Web/Fuzzing.md,ea46064dea8893ed6d54216151ae1bb0ef3661ba,markdown,3285,98f623ece8265713d31bf7514f6a553073d1ababcfe1cd29dac57f4a0b7f3e5b,7959420d6db6b6a6d8587b9fa08afea48e49473f
pentestNotes,Web/HTTP Verb Tampering/HTTP Verb Tampering.md,ea46064dea8893ed6d54216151ae1bb0ef3661ba,markdown,153,9e8ede809df22861c7b9f7de828a7327b2ae55ca7dd6671237ba8c8f711b4d7c,e025574fb79226049cb85353c2d0d19002d14309
pentestNotes,Web/IDOR/IDOR.md,ea46064dea8893ed6d54216151ae1bb0ef3661ba,markdown,260,6c6dc2236dc7ff8bdce37ed2d5a2f7546b5ee99ae7da220d58795a15a9665f97,d46e735c0da78cec04ef0d70737c2571da633ba8
pentestNotes,Web/Javascript deobfuscation.md,ea46064dea8893ed6d54216151ae1bb0ef3661ba,markdown,859,52e8f4964d482975d67f3371552b698fb7b00f41b17b838f63e40c209676fcfc,dedcfbacc9c6bad4588fa95795eaf91a7272ca12
pentestNotes,Web/LFI/Cheatsheet.md,ea46064dea8893ed6d54216151ae1bb0ef3661ba,markdown,4876,abc3d223c15afa64267b6471eaed53ff7cacd2727b8a279e67bc2118478016f5,63c897f8dbb90452b47f51b97df763d2567a6e89
pentestNotes,Web/LFI/LFI.md,ea46064dea8893ed6d54216151ae1bb0ef3661ba,markdown,89,1562b97e02da4d3f1e0e702eb6f6823a73ce2da6e4a2204a9a55a0d83278fe9d,37317d947f5c8a09364d1ccdf6e62716456426a2
pentestNotes,Web/Links.md,ea46064dea8893ed6d54216151ae1bb0ef3661ba,markdown,325,bcab78f8da4a49aa965c3f9f167123c588d9f5aacdbc2cab1c9ce51c722f3faf,97aac9cbf4e82a7f8dfddb4e4d7f7449f3c9f844
pentestNotes,Web/Login brute forcing/Cheatsheet.md,ea46064dea8893ed6d54216151ae1bb0ef3661ba,markdown,1526,519cb251e3029a9bf218667d835903f3b8f9b6142c25ee78d7c183592baa85c3,816350dd1c1bd5b3a42b542c020aff0406289562
pentestNotes,Web/Login brute forcing/Login Bypass.md,ea46064dea8893ed6d54216151ae1bb0ef3661ba,markdown,244,e1e24680cd3a3bcb0305e18b2698246cf67b03ab8920930b60c45ae92109b25d,a56b6674f95f669834479c2fdc9c6f35dbad12c0
pentestNotes,Web/NoSQLi.md,ea46064dea8893ed6d54216151ae1bb0ef3661ba,markdown,235,d8a43fe4d58ec4e0e16abbba3a6b6b972c5087a16cf05c1a8184aa527e83fc5e,95a28725b8a85b85aecaa577e0007b558e2d7ad6
pentestNotes,Web/SQLi/Blind SQLi.md,ea46064dea8893ed6d54216151ae1bb0ef3661ba,markdown,5195,c4a142249a07a51c0d085e969e84fb55839dd6ff4f1649d965eaa96b37939e92,dba19eba83256483f189444321619946dc3e6b3a
pentestNotes,Web/SQLi/Cheatsheet.md,ea46064dea8893ed6d54216151ae1bb0ef3661ba,markdown,5567,a3199fdd2100359dc0c646cb2c99b879a4dedd8758e0cb5ba6a3eaf939aa2a53,94c31b795fe9ea3769074f9b8a1c47929329efb0
pentestNotes,Web/SQLi/Oracle.md,ea46064dea8893ed6d54216151ae1bb0ef3661ba,markdown,2424,edaa380c6c4a1ef11555800cb01f031fdbeff45d7df92cd2925fb01a3c5a9312,4e1f445d41ab473cf1630a88012caec21d0c92b0
pentestNotes,Web/SQLi/SQLi.md,ea46064dea8893ed6d54216151ae1bb0ef3661ba,markdown,2193,c8ba213ba6a81be856aa11f57387b8287ec0c5b02f3e0b6179869d73ce8f3cc3,581f10b69128ed8a10a52bf4403e885913cfd92b
pentestNotes,Web/SQLi/SQLmap.md,ea46064dea8893ed6d54216151ae1bb0ef3661ba,markdown,5084,d556aee8c2fe40cbef89f8aed8b2e90cfe66289fd5f52a971a6e07021cbd5f11,519c8012752bb117dae5f508438dcc88d77d49af
pentestNotes,Web/SQLi/Subverting Query Logic.md,ea46064dea8893ed6d54216151ae1bb0ef3661ba,markdown,897,bcc53d16b1f57873247a88bce2140e86672921cdbc70540577caa24922afb0b2,9724196076cd7e9e5f9edc7928086a7ab0677965
pentestNotes,Web/SQLi/Time delays.md,ea46064dea8893ed6d54216151ae1bb0ef3661ba,markdown,2338,f93eb8577e744deaf977eebd7dc40e1ed36d90bca848b2cb19a8b0a52f64e5e6,ffc702402245aa7dc562cb30faa13c1f4159af47
pentestNotes,Web/SQLi/Visible error.md,ea46064dea8893ed6d54216151ae1bb0ef3661ba,markdown,194,a46efce119633e93301439b1974263a3e5d7d14cd44359563983912f68177fc5,5336c13f40a239511dfb6ee7d8aca634ca7d4d55
pentestNotes,Web/SSRF/Example.md,ea46064dea8893ed6d54216151ae1bb0ef3661ba,markdown,3061,81a1d61916ad1fa0425a401eef5fed458eca29519f3a78086812415a708dbbbe,26662ffe0739938479c672b584d2b230bb5fa037
pentestNotes,Web/SSRF/SSRF.md,ea46064dea8893ed6d54216151ae1bb0ef3661ba,markdown,251,ce1fcf6a4cd0541803c4cc1399fd17b0a4a16d8f1ce6bd0d095576bf27a111db,df188d89592e92ac2bbb1d79f27ee1f7cf4fb067
pentestNotes,Web/SSTI/Example.md,ea46064dea8893ed6d54216151ae1bb0ef3661ba,markdown,3136,b31de009910a6f3a6903345da1e467c74ab7d9f5101fa6d665b781134ed6441b,18d946d5475b059cbeed1208ccbe6a35625b70a2
pentestNotes,Web/SSTI/SSTI.md,ea46064dea8893ed6d54216151ae1bb0ef3661ba,markdown,816,5702a355362871503dd8aea1b65d4cd6050de1cf8391eab9365ca68af93fc411,30f8bb5d75192764503fb329440c1ca58796a0e9
pentestNotes,Web/Session security/Session security.md,ea46064dea8893ed6d54216151ae1bb0ef3661ba,markdown,431,23b1fce356b1a5c26683cd4fee423455ccc4f5d8afa9659251afde55ede8c589,d1d77f85a186f5ae984645c2ccfc63b16429f8c6
pentestNotes,Web/WebDav.md,ea46064dea8893ed6d54216151ae1bb0ef3661ba,markdown,324,1e64db704d62c4e9de7f6a2df7dc56fd73a7d3341657dcc456cbdd7ed7bc6345,e52fe4e4f6205026d25fbc0c6aa03266642fd818
pentestNotes,Web/XSS/Cheatsheet.md,ea46064dea8893ed6d54216151ae1bb0ef3661ba,markdown,3440,492df0a7068955fa2c8ab18a9ac7ca74d05b84822b40f444ed03074d3c3cb0b0,dccb592a7bf9f1070197d984be3ff5e664942296
pentestNotes,Web/XSS/DOM-based.md,ea46064dea8893ed6d54216151ae1bb0ef3661ba,markdown,1607,a5c931982b2fc1c9b1311aa510b4ee7f0ba4b06b92e6ebc5b68284c3c12869a7,217f05f0c97746d8bdaa0a32ae5786a7913f166c
pentestNotes,Web/XSS/Labs.md,ea46064dea8893ed6d54216151ae1bb0ef3661ba,markdown,5986,81bbdadf783f62ae2355416e5916787791ab96e161732e3d46deea92538f067f,27bedf97d0f51c469266283f2ec868d6c78590d7
pentestNotes,Web/XSS/Reflected.md,ea46064dea8893ed6d54216151ae1bb0ef3661ba,markdown,91,88fb024b91d47f1e548258167a0ede194638b0f44b9702870d5e7deda422139b,d4903454deddb7a591126b917872647947042303
pentestNotes,Web/XSS/Stored.md,ea46064dea8893ed6d54216151ae1bb0ef3661ba,markdown,39,40b2863721f6fae795ebc42030a8bfff75d217e215fbb21442e7e228be077b6c,ca301b94948a9f26e9ab16c7fd7cfd1ce4e8c0e5
pentestNotes,Web/XSS/XSS.md,ea46064dea8893ed6d54216151ae1bb0ef3661ba,markdown,618,d58fd64495595830b0a832e824f75f4cb49a26de4bb2d2b87debe6e430e05d73,0b7667817c7c56ed3ca2ef739a86b89cd15c437a
pentestNotes,Web/XXE/Cheatsheet.md,ea46064dea8893ed6d54216151ae1bb0ef3661ba,markdown,582,11b34e6cf3084accd7409c8069319d260f0ce188ccac71eec0371849d3c9fe0b,12e32532300922ca559641355ba5d3beb7cef14c
pentestNotes,Web/XXE/XXE.md,ea46064dea8893ed6d54216151ae1bb0ef3661ba,markdown,364,3e3aa07d8fbf2882fd377a559ceb697efdb9b6131e79b8bf15dbd0b64974b922,133160444409e4ebc8b153fd4066749b930f0549
pentestNotes,Wifi/WPS.md,ea46064dea8893ed6d54216151ae1bb0ef3661ba,markdown,516,33865059e22a2e1b2771b820dd008a3194a557fcb2457337b293a4b18e69731d,113c98c4a62948da74d29a662a7ef2a51b830ac3
pentestNotes,Windows/Eternal Blue.md,ea46064dea8893ed6d54216151ae1bb0ef3661ba,markdown,406,ad60d26aab3de5d2a2ea1a7962481d9389838df34638d0ab89f1154cb836bcf5,57ae83f7c40a8da6694cbed11c98a5036dcae843
pentestNotes,Windows/GPP Passwords.md,ea46064dea8893ed6d54216151ae1bb0ef3661ba,markdown,898,5196952cf4e36175ad38ad42c5b92c5e27c767c8ec41dff59443b6ea946547aa,e1198d8ce6ee52b73c8c13655b7f2b28d8ff4732
pentestNotes,Windows/IIS.md,ea46064dea8893ed6d54216151ae1bb0ef3661ba,markdown,1812,fbe682a8db3f155f48d12c948ebb294aa65b85024b41e3c61a7f76441a7c80d0,9a1850ae22e6093154f57bae8f95182e6e6da591
pentestNotes,Windows/Net-NTLMv2.md,ea46064dea8893ed6d54216151ae1bb0ef3661ba,markdown,675,f1635be9c5649e65a69083a9c2bddeeb3b16578af9695d61232451fa7348ac42,63970b4b14678a7b189ebfed573421e358040161
pentestNotes,Windows/Responder.md,ea46064dea8893ed6d54216151ae1bb0ef3661ba,markdown,45,e830d916abc7971d46cd322078ca61db41b7f05d19138e56b89c6a247dbc87cc,b98f2b93795e167e43d3e48cf3e5763b7c345899
pentestNotes,Windows/SCF file.md,ea46064dea8893ed6d54216151ae1bb0ef3661ba,markdown,283,2c174a99b636ef08e568492b028a135c4b9fb1f3ddfe78a4f7f77644fd174adf,e793fc719995cdadc9db30b5dbf98f9e0e059af7
pentestNotes,Windows/SmbFolder.md,ea46064dea8893ed6d54216151ae1bb0ef3661ba,markdown,69,df3dee730fbfc26fbffcf62a9454f0bc393aacb2332b342f1058e870d9df3603,2b90d8366143520dc4c47ad372352cdad9b30868
pentestNotes,Windows/Transfer Files.md,ea46064dea8893ed6d54216151ae1bb0ef3661ba,markdown,404,2f1085ef5eedd4b696affd6cfae80dbdb79c469a133a532ee27f3024e40111d7,dd79807467d4bc704a4e1f484a334a17e705fc97
notes,.gitbook/assets/Pasted image 20231019215400.png,b4c68ccbe43fe7218e8cee1a15bb7346a6c3bb89,image,370683,895ea700792815718d84c31da0a20f6cbdb425d3fff40ba0339bc5c176acf6c0,92a4b7747a5aac2d516aa97e3ee0437cf0c8407e
notes,.gitbook/assets/Pasted image 20231019215417.png,b4c68ccbe43fe7218e8cee1a15bb7346a6c3bb89,image,3448,cd99b2929aeb16f1b671b06ad73f868e00a778e74294d513b24007fea8a15293,94a955e3f1f7e35743912325dae0bab01e930bc7
notes,.gitbook/assets/Pasted image 20231020170811.png,b4c68ccbe43fe7218e8cee1a15bb7346a6c3bb89,image,33689,5a8ff003834eae817c201dbcee7bd51cd7f664a5eeccb1bf52dfa544ad25cc76,36736866a6dfd317c053d9aef766dcdd86c3a8ef
notes,.gitbook/assets/Pasted image 20231020172828.png,b4c68ccbe43fe7218e8cee1a15bb7346a6c3bb89,image,44570,a52163d1241e54606f358e0cc7a031bb64493bb4adb8a7a47146a399f98e9e20,9f29041b26f165e5d8f81e290a40c98e16b6682e
notes,.gitbook/assets/Pasted image 20231020184147.png,b4c68ccbe43fe7218e8cee1a15bb7346a6c3bb89,image,19613,85aa01f18eb3605ff85705e582988d39a2720d8a9054bab2f537fb0b142f791c,70275466117d287477ad6f9d5710d0bc724b3abb
notes,.gitbook/assets/Pasted image 20231021122436.png,b4c68ccbe43fe7218e8cee1a15bb7346a6c3bb89,image,12600,1cc34ff956e676bcc161c34f7fe43369b3f3c8bab4f517d1461839f435db20c2,8a5993f87e64dcead51e7a99e07fa04d31043956
notes,.gitbook/assets/Pasted image 20231021124122.png,b4c68ccbe43fe7218e8cee1a15bb7346a6c3bb89,image,42942,a85c4bf6e470ab93b6bcc1dd6440c24fde0fa95d66e476148ebc0f2113b2a78c,c4ec766ce3665851b820b89fa75350e8be830b5b
notes,.gitbook/assets/Pasted image 20231021130748.png,b4c68ccbe43fe7218e8cee1a15bb7346a6c3bb89,image,25176,0992780dd7a2b17633ca94e4346ec45c5db77e96f695605fe769e7a2c96e7b88,6583430a620a93abc9e9f134783b84ce12faa036
notes,.gitbook/assets/Pasted image 20231021182901.png,b4c68ccbe43fe7218e8cee1a15bb7346a6c3bb89,image,16980,f0de1d1e6784d2eb5def163d82bf5a82d7791090ac90a7452bf6a92e2869ee2a,1d29ede0e8f72e427dd21534be08c7f5d2d0c789
notes,.gitbook/assets/Pasted image 20231021183720.png,b4c68ccbe43fe7218e8cee1a15bb7346a6c3bb89,image,144275,5b166c724332bfebc4c489eee8c8680c2f195e3fc0325e99cb505eacbdfbd47b,97661320081194556f6f644999bc1299543532ce
notes,.gitbook/assets/Pasted image 20231022130312 (1).png,b4c68ccbe43fe7218e8cee1a15bb7346a6c3bb89,image,48596,7ff18b67cb409a2e32ad133b4fc4d2d31b4363c886b31d49666853081a9b90aa,0bc56683416fd4b9e905009b752d2c6766a97d61
notes,.gitbook/assets/Pasted image 20231022130312.png,b4c68ccbe43fe7218e8cee1a15bb7346a6c3bb89,image,48596,7ff18b67cb409a2e32ad133b4fc4d2d31b4363c886b31d49666853081a9b90aa,0bc56683416fd4b9e905009b752d2c6766a97d61
notes,.gitbook/assets/Pasted image 20231022131717.png,b4c68ccbe43fe7218e8cee1a15bb7346a6c3bb89,image,5040,e06f2b72531930a9fc6ad86d3fe99514f19b818202e43d932d7eb3d76f3a46a7,e810a435aad2b79ce27f78df94ef2ecf27927a3a
notes,.gitbook/assets/Pasted image 20231022180245.png,b4c68ccbe43fe7218e8cee1a15bb7346a6c3bb89,image,31573,d2f7f35f07e32badeb74d8d38425c4c3a12326f79ffbeee27c65c95965586253,309c007ec9c96f7c30c77eceda945c3d93cc5878
notes,.gitbook/assets/Pasted image 20231022222314.png,b4c68ccbe43fe7218e8cee1a15bb7346a6c3bb89,image,39323,9275dbd135f8f120589728b4e6d5d97b89e7c0ea80a9c4774442d1210bd7f6ff,0aab7eea10c24d6f21f5dd1a95cff735ae765a00
notes,.gitbook/assets/Pasted image 20231023190517.png,b4c68ccbe43fe7218e8cee1a15bb7346a6c3bb89,image,13184,24a489a4edb54f8cc5cb7a4909e22545e01ac8b0bfadddb520993f8683fee4e1,0b1c96ac327503af03cc55ab4749a0020a582a34
notes,.gitbook/assets/Pasted image 20231023193507.png,b4c68ccbe43fe7218e8cee1a15bb7346a6c3bb89,image,34848,5008d40906e042302999b2cd4fc996b2394d49f067a00db5b114d1d25a2ddf0a,04ec45c9c8b9e8b15a332c1ff07417b8f323fd85
notes,.gitbook/assets/Pasted image 20231023220428.png,b4c68ccbe43fe7218e8cee1a15bb7346a6c3bb89,image,62177,3549d6c4f8efba5bb3b6096e8e5111557b999479140cf931a0e03037936c25a7,bc4687ba4afac5b5958324699925f521917ced59
notes,.gitbook/assets/Pasted image 20231024215530.png,b4c68ccbe43fe7218e8cee1a15bb7346a6c3bb89,image,33934,f5f42b87e7c43e7cd6b75c963c5e5591f476f4b8d221847265bf496dcbea54a8,cf88d55609340c6eece3f05a9ef98505480012d6
notes,.gitbook/assets/Pasted image 20231102182052.png,b4c68ccbe43fe7218e8cee1a15bb7346a6c3bb89,image,18997,94aa0dc5afdaff314cfa0690a4a112144b78f2c22067606dc730d4af6d0f0f7e,27653b131f25476d8d13d291be98e132baba3add
notes,.gitbook/assets/Pasted image 20231102182609.png,b4c68ccbe43fe7218e8cee1a15bb7346a6c3bb89,image,30278,312037281b8ad56ebbb790b6ba037ebdcf44bb623bf1d2a27349ec444f9bc6bd,2bdf339d3d8e13900a80dfe92006ded346e03df2
notes,.gitbook/assets/Pasted image 20231102184906.png,b4c68ccbe43fe7218e8cee1a15bb7346a6c3bb89,image,20645,65fc7d3bfe04324260b3407c89f17565ee7c832dcf9ddd17a2f7ec0b1b449b54,cf7b35f88c6da4df087974858a68062f2a2a92da
notes,.gitbook/assets/Pasted image 20231102184936.png,b4c68ccbe43fe7218e8cee1a15bb7346a6c3bb89,image,33129,f0cd5da48bcd506f2a85a31c9b4c334518cb23b454fa0333111299c2655e1ab4,cf06cf6404fe6c2f6fa2701c53385b530f08e45c
notes,.gitbook/assets/Pasted image 20231102185447.png,b4c68ccbe43fe7218e8cee1a15bb7346a6c3bb89,image,19995,748f21e01cec86786bf55a488fd69fa6f580c243ce38b36e67bfef22cad6b005,fe101c8c0a50e9549fd7f14866f5e0afd9cdd215
notes,.gitbook/assets/Pasted image 20231102185541.png,b4c68ccbe43fe7218e8cee1a15bb7346a6c3bb89,image,6539,b01e5c488657bbb018bfae20aadd2a29a70563df049e8428cc6a74d31ef92859,380e920ede3bb85e5ee689b9959e4bb010300cf1
notes,.gitbook/assets/Pasted image 20231102185733.png,b4c68ccbe43fe7218e8cee1a15bb7346a6c3bb89,image,38656,4097b79163d42b116f03e012a58d38003a84758663922c85eec1770d84cb1916,dac94dc04bf89bee5bd740e8311c1ae611af6c87
notes,.gitbook/assets/Pasted image 20231102191002.png,b4c68ccbe43fe7218e8cee1a15bb7346a6c3bb89,image,11530,f25b10d8d645f74ce2227137779bd8238bb641e7f883b0f020be5c9924b25e64,7773ed1198f565f769eb14bbe098197c55bf869f
notes,.gitbook/assets/Pasted image 20231102191130.png,b4c68ccbe43fe7218e8cee1a15bb7346a6c3bb89,image,21414,e70a39b4728cb1b933d651eaa096a88b83377ed55695e97500819e0d717d59dd,6ddcbc248ed6dd28470b341ee69398ef74f5b527
notes,.gitbook/assets/Pasted image 20231102191250.png,b4c68ccbe43fe7218e8cee1a15bb7346a6c3bb89,image,23363,b9c89b82a88b3dfd93241bd2ab386560905657d4d9a04bd49c59e91f16e02b52,0cfc71d30173f3955e932b24981050a03fee0ba5
notes,.gitbook/assets/Pasted image 20231102192307.png,b4c68ccbe43fe7218e8cee1a15bb7346a6c3bb89,image,28245,d4cdd300d292fae10112320ebee09435fc09cbbf38189830a102b267b4585084,5dae76f39aa41c779475f52ded657129de8f7056
notes,.gitbook/assets/Pasted image 20231102192854.png,b4c68ccbe43fe7218e8cee1a15bb7346a6c3bb89,image,25616,227432c92b74a8500144eeac857094e45e04a374afad613ace32f74b7b4b74bb,99f311048fd96afad49f68139b42bdf63449ef9e
notes,.gitbook/assets/Pasted image 20231102192952.png,b4c68ccbe43fe7218e8cee1a15bb7346a6c3bb89,image,37046,03b4af970bf6fde7d5dbe256ccd329955b59837601501a87d1be5aa627318e3c,6b52d1b72ad42d96092cb34cdbca3102564477ea
notes,.gitbook/assets/Pasted image 20231102195439.png,b4c68ccbe43fe7218e8cee1a15bb7346a6c3bb89,image,49465,5002abe631fe0a1a9e2c9b9ef61f8b3cf03937857bc94deb765356de1c03adc1,1bfbc6ba2ab3b3c2afc66637c22eff8bc369590a
notes,.gitbook/assets/Pasted image 20231103183849.png,b4c68ccbe43fe7218e8cee1a15bb7346a6c3bb89,image,854025,05ca354f08f6490770eaa28621c2b1819d3e3a996fccb0f869406938c1eb2864,fd6d27ac0c76d81138d5c13a64a12919fc05d152
notes,.gitbook/assets/Pasted image 20231103185323.png,b4c68ccbe43fe7218e8cee1a15bb7346a6c3bb89,image,571794,28608c1cd939fe6709e700b4ecc0e70c9ec87b0f32a81de72f8df500c2e81552,d64c3001e4fe0151045a41164c22bc1db5a3a861
notes,.gitbook/assets/Pasted image 20231103185404.png,b4c68ccbe43fe7218e8cee1a15bb7346a6c3bb89,image,20421,99d10d0cf58bf2f6f4e68942b039a083b5a5339946abf9ca3f29ccf914e54fa4,1de6a0a470aab561e66b14a2a123a5f1481e6eac
notes,.gitbook/assets/Pasted image 20231103190600.png,b4c68ccbe43fe7218e8cee1a15bb7346a6c3bb89,image,62986,ec0622d4f72fae7365c8b8af326b526dfced7272644ab9dac98670e0e5926bb4,b67891fff04d923d1bb411c9be02836546bd7c9d
notes,.gitbook/assets/Pasted image 20231103194325.png,b4c68ccbe43fe7218e8cee1a15bb7346a6c3bb89,image,13901,f282165916410cd804cfaa141881a46d65953c4e325114a0af8eb1551c4f9956,3c961cef9c1035674e3e7c7d95c3eae561fe12a4
notes,.gitbook/assets/Pasted image 20231103194433.png,b4c68ccbe43fe7218e8cee1a15bb7346a6c3bb89,image,42540,58d22ed6dfee924ef2dedc4f9e607fdf0c94d9264826d74e9292f4e8652d41f9,6a771f190be61fee014f0031aef9a756c605a825
notes,.gitbook/assets/Pasted image 20231103195134.png,b4c68ccbe43fe7218e8cee1a15bb7346a6c3bb89,image,8189,2f2348e5c02524b305653b47284a7c0f85d276e28844aceba0b80c208a0abc85,29090f7f165b5959419a0777424a9dd125827b7a
notes,.gitbook/assets/Pasted image 20231103195156.png,b4c68ccbe43fe7218e8cee1a15bb7346a6c3bb89,image,11673,a59ac5239e7083b0c9a8b345b1f55aec04d787b78b5d3e52b736630449ec121e,dfed2c4217eafe0a712ecb3807dd1feb99ffe3f3
notes,.gitbook/assets/Pasted image 20231124175800.png,b4c68ccbe43fe7218e8cee1a15bb7346a6c3bb89,image,214465,0651a4dcd392931cd1ddd21f7c99da24f445f8483217a84f793033729aa76d9c,2a4996a83a9a9aa6093dabb808fef36388b0a968
notes,Metasploit.md,b4c68ccbe43fe7218e8cee1a15bb7346a6c3bb89,markdown,8639,b4a456b2b5117a83264b38b6e793852e347952d7596a6ce5e892a74539053656,1eb90cde6a0bd780e3217f87bbe16b27e0225371
notes,README.md,b4c68ccbe43fe7218e8cee1a15bb7346a6c3bb89,markdown,155,09676f31954c75bafb338cac2849732f2a4761992a7251e9634849c846519c28,5a02333d92fa8b5557b368af027303a66db26b0a
notes,SUMMARY.md,b4c68ccbe43fe7218e8cee1a15bb7346a6c3bb89,markdown,4916,ec4cc150dd95aad7315bee5160542be52af23b64103141eb67dbef68bfb9d615,c31ed94ac7f757c12ea7b9e1e96b001d9ba957d8
notes,active-directory/README.md,b4c68ccbe43fe7218e8cee1a15bb7346a6c3bb89,markdown,10,770693c07393bd0cdc8b8d9875b2ca8a7d93a28b7c883dc4da343b7eff839998,81fc424af12f4f42640500fa8de957fb3f180b2c
notes,active-directory/acl-enumeration-and-tactics.md,b4c68ccbe43fe7218e8cee1a15bb7346a6c3bb89,markdown,10712,e8bdc58ade4a8edaee63aa6c28315e64250d4de475729dc642bf7e4790249559,71d114af868c2af1dfd2a279c817bdf7568d7a20
notes,active-directory/asrep-roasting.md,b4c68ccbe43fe7218e8cee1a15bb7346a6c3bb89,markdown,1793,6b705782feee7b90eb81c3e5cc0590d62e348aa9b8ff89f48297ececf10bd926,786c0d1d2f32523e446e9007e3860eac5114df3d
notes,active-directory/credentialed-enumeration.md,b4c68ccbe43fe7218e8cee1a15bb7346a6c3bb89,markdown,6927,cedbd3ace3575aafcac8bd204924493538586bbb99073562a2b01117de646334,483b15ba1569b2a330139a92f6158113c5433ca4
notes,active-directory/dcsync.md,b4c68ccbe43fe7218e8cee1a15bb7346a6c3bb89,markdown,3159,21e984d184ae4435a9c516871cad045f1f8e223a6b0ee14b0ad3bbb7bcd0f109,3845678f55e500d2f0bd8743c64b4afd8939a9b2
notes,active-directory/enumerating-by-living-off-the-land.md,b4c68ccbe43fe7218e8cee1a15bb7346a6c3bb89,markdown,11845,db78c40df56c2007dc1474d2a46de42c22082a43046d41cbda06c497bd6acd89,4a402651fa447b2a1a6e884924d73586e97597e8
notes,active-directory/enumerating-security-controls.md,b4c68ccbe43fe7218e8cee1a15bb7346a6c3bb89,markdown,2198,276a36316875750ff0e00df7c0bab193ef53c55e505e56e4cb7001b7db26a453,1a67ebb26f5f231bc356ff933fe8446fba169f62
notes,active-directory/group-policy-enumeration-and-attacks.md,b4c68ccbe43fe7218e8cee1a15bb7346a6c3bb89,markdown,2483,6ba7517501426cb8d453dbe628246635ce731585f6f158b3e529a0f40ee25fa3,22db4d02afefe3527e8d6471f45732606230caad
notes,active-directory/initial-enum.md,b4c68ccbe43fe7218e8cee1a15bb7346a6c3bb89,markdown,5299,67bdaa9806c2f7392daf5a47ceb741b45c0f6d9e60fbcdea315faf827e0e8681,7f785af1e49f4e2032a499c56c8a8685ee0906be
notes,active-directory/kerberoasting.md,b4c68ccbe43fe7218e8cee1a15bb7346a6c3bb89,markdown,12208,14dfb4c2678a0b91aff547779f1f914d6433668df55af5e0a9e58d830130c984,65d5751b8df6a9a6fd20f07b488a2bd0bfc4738a
notes,active-directory/llmr-ntb-ns-poisoning.md,b4c68ccbe43fe7218e8cee1a15bb7346a6c3bb89,markdown,3459,00104aa36f560936fb16b98044b6a8d01d6e5b17f23d60aff55a01f3cd18cd22,de8b7e4bfd860b187102fccd302fc80fc61154c5
notes,active-directory/miscellaneous-misconfigurations.md,b4c68ccbe43fe7218e8cee1a15bb7346a6c3bb89,markdown,2308,a8b1c0330bf17fcfb2a14d3aef2afe8e41f2368a5dd36e74b74b0e7d959f63a8,9219f6818fae487a891b0f966f8d96b21b16e8d0
notes,active-directory/nopac.md,b4c68ccbe43fe7218e8cee1a15bb7346a6c3bb89,markdown,2264,6e84c9bfd6a15babae395f01272bee01bfece8ce72d3d01a540d29bb05784f0d,ad9657f7aeea3e1d89afc80e306fcea44833b86e
notes,active-directory/password-spraying-and-password-policies.md,b4c68ccbe43fe7218e8cee1a15bb7346a6c3bb89,markdown,9262,11c31431a412e54f17877a5362ec83b59793322c80495ac81391771a32094418,e813910d126e3f92e68da4939f10bbcacf25721e
notes,active-directory/petit-potam.md,b4c68ccbe43fe7218e8cee1a15bb7346a6c3bb89,markdown,4304,8e42c686bf782db7f98a24ca37e411547b1481f1b58f5cd5d5ee9f1d53c97432,4c3fe5c84e918d7a562a0720423acf34cefa4703
notes,active-directory/printnightmare.md,b4c68ccbe43fe7218e8cee1a15bb7346a6c3bb89,markdown,3103,a59cd620cb44e6339aee7ee5b64ea9f72dcdae669f3390b5a700713cc1208edd,c54304fcdb4b603323cd610d737589eb89d54310
notes,active-directory/privileged-access.md,b4c68ccbe43fe7218e8cee1a15bb7346a6c3bb89,markdown,6538,3122c5703d70c0b0d6f9f3bda9967ad23526e9ceac4263314f6489d89c5f15c5,b72b1598bb7bd924364cf972b8b8e3c195223e87
notes,active-directory/tools.md,b4c68ccbe43fe7218e8cee1a15bb7346a6c3bb89,markdown,35926,270aac18852e0ca31f3e08501581aaa4f12643ff07d9935f1af66cf0be1ddc91,e3aab6a6745573fed99beae464f55b2c8b6d7bd8
notes,active-directory/transfering-files.md,b4c68ccbe43fe7218e8cee1a15bb7346a6c3bb89,markdown,1166,f479f06495f6ce11ed5175ea22c363723b8dd317f33176b4c9096fca47620078,793ef92864c4e7f20bb105a03cd7dbeee0c4918e
notes,active-directory/trust-relationships-child-parent-trusts.md,b4c68ccbe43fe7218e8cee1a15bb7346a6c3bb89,markdown,8298,b0ea6d24f9e526ca3158d7eec860a9409caf13dba01991c1ff12d70177e04838,154fd3ef0b823dd10ae11c91e9942af3ec31f642
notes,active-directory/trust-relationships-cross-forest.md,b4c68ccbe43fe7218e8cee1a15bb7346a6c3bb89,markdown,2641,d331a121326be232ef79c4292f8c6b52a48291fa199dd4c75313cd9b2a05c3f9,ba5d547b6d5b0581e7e2cdb35d4637a074b82852
notes,copy/copy1.md,b4c68ccbe43fe7218e8cee1a15bb7346a6c3bb89,markdown,9,a28b3b1f2f959b5b9028e263a758f58ab2155d574c108133f08ba14f4ca7335f,8a4878531c5d0b0d6df46c551efd5a8b53bbcd43
notes,enumeration/110-995-pop3.md,b4c68ccbe43fe7218e8cee1a15bb7346a6c3bb89,markdown,1691,9330e83ddae307023407bd9807f6794c0ff1daf7b060caf185b2429090f5d0b9,bc10397ad76031cbdfff44552725d22c32ed3e18
notes,enumeration/111-2049-nfs.md,b4c68ccbe43fe7218e8cee1a15bb7346a6c3bb89,markdown,2382,9e78b075e6fc3cbc5c59277339f0ea269c707dd6b2ec666be2f293f5bcdcbd80,986aca56bea3f28b554c0583cd362e906ae87dc6
notes,enumeration/139-445-smb.md,b4c68ccbe43fe7218e8cee1a15bb7346a6c3bb89,markdown,2360,3bbad7e719bd8bd15839c578120abc07cd2c65e8aa17b2302a2b5a637f50fe5f,e8930413b0d79b3806a8b71bebf79a60d40afb8f
notes,enumeration/143-993-imap.md,b4c68ccbe43fe7218e8cee1a15bb7346a6c3bb89,markdown,2784,dc8b32b9ab796fbe652cd40a8f5eb5c4fb08b9d1efc74f7c395c7f2e5f15843a,a5a0e291f77a1bcf8ea89aac3052268a4a3e5028
notes,enumeration/1433-mssql.md,b4c68ccbe43fe7218e8cee1a15bb7346a6c3bb89,markdown,3099,ba2f64e718ec3fc2eb078a9c3c5b3c9d7d612ddd481b1030031a243a74a1f206,44e22fb6fc0a58e7d0b0a8306934ebffb01590f4
notes,enumeration/1521-1522-1529-oracle-tns.md,b4c68ccbe43fe7218e8cee1a15bb7346a6c3bb89,markdown,2843,51b9ef0b7c9bfedadf23828ca60b039aa940ef372cf428e2dccdc802f7e861e3,69bf1d73951f37bd8d3149a841131c0b608a3c4e
notes,enumeration/161-162-snmp.md,b4c68ccbe43fe7218e8cee1a15bb7346a6c3bb89,markdown,701,c50e6658dffdf1a14a9ebe48c72df0c27777af27df74fe59cb8c5670c4061173,9c325c53aaaff47eb5c67428c7e325de3dd872d5
notes,enumeration/21-ftp.md,b4c68ccbe43fe7218e8cee1a15bb7346a6c3bb89,markdown,3022,31b273d775b0e05f93555e1fa79efa1aaa402f6b308f8037b3dd8ace8eff954f,ec4c7de0070cabe454006c65be8a7b0813f5fa4d
notes,enumeration/25-smtp.md,b4c68ccbe43fe7218e8cee1a15bb7346a6c3bb89,markdown,1773,e2070bef11b8f3bfacf01dfba0a2c3ab4060f989fa1a529585773151580b2896,04c4dab01b9ea2e30af31aac3ba65f625dfa3e21
notes,enumeration/3306-mysql.md,b4c68ccbe43fe7218e8cee1a15bb7346a6c3bb89,markdown,1586,b8864ea4a2a6125ea9922d81963ec7e156c917dacbe8ab15bc1bc8c22a35c01d,656ec0101d9fc330e467fc2543fe6c2dee9c63ee
notes,enumeration/3389-rdp.md,b4c68ccbe43fe7218e8cee1a15bb7346a6c3bb89,markdown,89,d9e9f3834d95236e4afd81d0dcd8005fc75aa898fe500e74498662f33dd21e55,03e5e54210480ecd34afc72a9b91a69aa52a15c2
notes,enumeration/53-dns.md,b4c68ccbe43fe7218e8cee1a15bb7346a6c3bb89,markdown,4124,8c7cd474e93ca036d76c1ac22db2bd073f40af5c4520f8ee5b032e652d16f3cb,e35c0e5e3d1dd1348b2c89dbf6169d8753bff55b
notes,enumeration/623-ipmi.md,b4c68ccbe43fe7218e8cee1a15bb7346a6c3bb89,markdown,470,2d35c4484e520a8ba7304b204683fc377338b7f1e9b92d5b531006d988207c43,c9bef6f78009aedb6bb6d2997edfbad1e209f75a
notes,enumeration/80-http/80-common-applications.md,b4c68ccbe43fe7218e8cee1a15bb7346a6c3bb89,markdown,11703,fa6dc2e235dd91ea0961bda4af73465cf994716c2bbc47dba119f7add9a2097c,f9e79c245099907ec3a38e015f1e29952629051d
notes,enumeration/80-http/README.md,b4c68ccbe43fe7218e8cee1a15bb7346a6c3bb89,markdown,6371,05ea67602c4aa839196e3d41ba29d9adffac313ab6dc77812540cbef1f09c3c6,d6ac9203114ec196643a29419f07bc8e38b2d6a9
notes,enumeration/nmap/README.md,b4c68ccbe43fe7218e8cee1a15bb7346a6c3bb89,markdown,4309,6ff5513d0c90b1f384e777630a592de6b6f014f0a0a518cd9008948a99638b85,860c64de49b0de29d0275d412604f9b5163a552a
notes,enumeration/nmap/firewall-and-ids-ips-evasion.md,b4c68ccbe43fe7218e8cee1a15bb7346a6c3bb89,markdown,6854,f25b74df43bbb87be872bf24c536b3c0010c4c2219d9ed56b72996e01e0d9529,293a8aaeba0cf25139807e70b02fc56c0d46fe3d
notes,enumeration/nmap/nmap.md,b4c68ccbe43fe7218e8cee1a15bb7346a6c3bb89,markdown,3110,5078464ebd49d8448659e79327a6d757a4611f7ba6e572169ef3d1ed08fe5169,7114c9a842fb80d35e0d20eba59c8f1aefae8d82
notes,file-transfers/README.md,b4c68ccbe43fe7218e8cee1a15bb7346a6c3bb89,markdown,18,b52e69996a74baff95c064db375928c872e02dac60135042a8d8f0a90880f814,cf5a96af69c76ee51bd70180e2a52dc1f45820f5
notes,file-transfers/file-transfers.md,b4c68ccbe43fe7218e8cee1a15bb7346a6c3bb89,markdown,2168,304ac1efdf494f68068745560a3a8dee75c7720f77bde46a9c784069d4045e9b,f14712dd45b8e56d73372eada9a6b6e2cfaa0230
notes,file-transfers/linux-file-transfers.md,b4c68ccbe43fe7218e8cee1a15bb7346a6c3bb89,markdown,788,f7bd23a5065f6f2b451a3ea74f79a2648ae3b58ec7030c7623bf4518e99c1922,5ef250254db6a313fd8469e65573a31aaf905daf
notes,file-transfers/windows-file-transfers.md,b4c68ccbe43fe7218e8cee1a15bb7346a6c3bb89,markdown,4822,f5553ffb1ab1be1c037b573ffe88c8e914f3d548381a34fa7b1dd34e4af64156,43f1ecb7b7a3ab20a92818a46c4566fdfc6e3613
notes,import.md,b4c68ccbe43fe7218e8cee1a15bb7346a6c3bb89,markdown,10,770693c07393bd0cdc8b8d9875b2ca8a7d93a28b7c883dc4da343b7eff839998,81fc424af12f4f42640500fa8de957fb3f180b2c
notes,information-gathering.md,b4c68ccbe43fe7218e8cee1a15bb7346a6c3bb89,markdown,10578,6805bc9a1d5714147be9d0419f85f185be2b9ef730b06d43701ae3fe041b7f96,f8dd59711cb78b30ae5e42f3d8f0af36c5003068
notes,password-attacks/linux/README.md,b4c68ccbe43fe7218e8cee1a15bb7346a6c3bb89,markdown,2107,52fcd87cd1326dab78b2a1155fc9732a763a28c6d61dc926a1d8001263cafd18,a8eef517755ae50d15ee592a69470bc9a25da09e
notes,password-attacks/linux/pass-the-ticket.md,b4c68ccbe43fe7218e8cee1a15bb7346a6c3bb89,markdown,3252,f29d805fb9d807e6b94df60d4f85544f380b52b50de9c3b3392c8f576f890a51,9d56a7b3dbd82fbaeb5dfb0ba99f7d10273ac0af
notes,password-attacks/pass-the-hash.md,b4c68ccbe43fe7218e8cee1a15bb7346a6c3bb89,markdown,2166,11f0c822ac2dbf7265a25a0014ffcced071de42d2093f65e7ea6b7a2ba298906,64a4c2a2b051a7f8b1294d8c36260e5f31f5eb6f
notes,password-attacks/passwords-attacks.md,b4c68ccbe43fe7218e8cee1a15bb7346a6c3bb89,markdown,20421,70170aec16c85347f63867d23e73ca2d263c9fd294a58b28a48cdbbcf33db0d3,cecb229c8fd98233989326a95b73502a056480f5
notes,password-attacks/windows/README.md,b4c68ccbe43fe7218e8cee1a15bb7346a6c3bb89,markdown,206,658bd812018ddd4bb9d2d15a208f10d5082788cde493329ab46f78a595e582eb,b5e301784b11292bf49dfb52619bd35d10ceb0c0
notes,password-attacks/windows/attacking-ad-and-ntds.dit.md,b4c68ccbe43fe7218e8cee1a15bb7346a6c3bb89,markdown,1735,862aa75d5477a00b085a7f2fa2542a371fdad68b556150ad36cddf2721cffede,47f63f9aac89619ef86217cea4dccf7247912336
notes,password-attacks/windows/attacking-ldass.md,b4c68ccbe43fe7218e8cee1a15bb7346a6c3bb89,markdown,1859,30c66614086be0ed2830e1e4524ecc87a3f76b05a16ee19876d309089f32cf06,d1a9f3471edbe210f622fe9fc1fe41ad1a7701f9
notes,password-attacks/windows/attacking-sam.md,b4c68ccbe43fe7218e8cee1a15bb7346a6c3bb89,markdown,1609,6152a41324687e8926776a0e8f56278980c3b08226effa83c4ff3add19b8ab12,fb1a3b3ed85ad41b1ec4268b7e0b2cb686f1d5b1
notes,password-attacks/windows/pass-the-ticket-windows.md,b4c68ccbe43fe7218e8cee1a15bb7346a6c3bb89,markdown,2615,1a7b97c8e34e70896d6fc8d260eb58521866a4ba8371e00dafc76110c21a3993,50dcc64c763396172423451b9d7a3965837f75fa
notes,pivoting-tunneling-and-port-forwarding/chisel.md,b4c68ccbe43fe7218e8cee1a15bb7346a6c3bb89,markdown,495,0b813777eedaa0aff78486c8d2118d55eaf329d1554e8797cdcaa83282f1d9b0,dcc4f1c7eab49f10b87ea9d569fb911a39a5df79
notes,pivoting-tunneling-and-port-forwarding/copy1.md,b4c68ccbe43fe7218e8cee1a15bb7346a6c3bb89,markdown,34163,4b05470020af35a8f2af94780e25e23fbea8f162bcb7a93df24bbc6ff653ed12,c6b26158f9704bc985bc873564bf16636a5e1573
notes,pivoting-tunneling-and-port-forwarding/ligolo.md,b4c68ccbe43fe7218e8cee1a15bb7346a6c3bb89,markdown,634,53a91749d9551a47d8212ef88e2c9db60de66f2f974a0b0ec883a2fa7bff65da,6cc052babf54373cc06a317da0ed03351281669b
notes,privesc/linux.md,b4c68ccbe43fe7218e8cee1a15bb7346a6c3bb89,markdown,5337,32f4586beab927d5df8276f22b94e1fd28fce75cfd00e36dcbb769f27294ddc1,b5336be66c56adcd5e8d31ac1e50d54dd7bca6aa
notes,privesc/windows.md,b4c68ccbe43fe7218e8cee1a15bb7346a6c3bb89,markdown,23716,172ded8364ed4989ebfb6976477615ef7602e031676c7a8ca9d3b12f0c6339b0,39cb8f33659228717228e727e2f75edc04d5a4e9
notes,shells/README.md,b4c68ccbe43fe7218e8cee1a15bb7346a6c3bb89,markdown,1472,9c0057d1a843e993e82955d23cfa3daf7b84e05c698695e9e69ff489a9fa93bd,afac1cce133ba6e67edd56faf6ee51b07944a49d
notes,shells/tty.md,b4c68ccbe43fe7218e8cee1a15bb7346a6c3bb89,markdown,284,e25b9f21bfc0b21f1d45bd9b5701df01d8a04401318257a194c5e79c0f4b3331,e7e290137036f168615bd1b9531a53e8c8b0cc04
notes,web/command-injections.md,b4c68ccbe43fe7218e8cee1a15bb7346a6c3bb89,markdown,7220,9c361854fa6c1f39abd77a99f210682930516b0ff81a43a6f0235698399b9221,82c026f6b68690badb9cf13accdf8f46a845363e
notes,web/file-upload.md,b4c68ccbe43fe7218e8cee1a15bb7346a6c3bb89,markdown,5785,1e71b72933c92b5f0c306736251d94f8db0589631c30f7b7555d442b3427dfad,48de3f431a217faf2a783c908a0efc4fd6e65e28
notes,web/lfi.md,b4c68ccbe43fe7218e8cee1a15bb7346a6c3bb89,markdown,10175,dea2014eaaa5a3c4b2b7fee3bc3af4ef8214a73829bc647bdadf8c7d3c51ae78,0d6dbd094b69551b188523b8ba6441a1fdadf364
notes,web/sqli.md,b4c68ccbe43fe7218e8cee1a15bb7346a6c3bb89,markdown,9550,961206d11402209d5bcd9292ab22fb92b28d49e17b90c871af17a38f9728851d,6d2b08aa66f3d3fd6d890d07436fe831aeb22f5d
notes,web/sqlmap.md,b4c68ccbe43fe7218e8cee1a15bb7346a6c3bb89,markdown,5086,c963783a1318aad8016fc7a724c19b342ae6ff8de9ee0a9ae4d9afc32284ba7d,d551a99d9499fffdb5be3110df9b9de34a7492d9
notes,web/xss.md,b4c68ccbe43fe7218e8cee1a15bb7346a6c3bb89,markdown,2436,48148c6e91bbdc45a12d82e1a3fa84ccef0702b28d18905994917da8f3596cca,19940d5a0d1902db8b79fd159bc2abc24af5ab0c
notes,web/xxe.md,b4c68ccbe43fe7218e8cee1a15bb7346a6c3bb89,markdown,2114,b00942f76c99fc7476f5307bdac3a47c625f66ea7a37636ad131d4658e3e129f,f62a0928b579e545623a4a3e0b90ae30dec0ec8a
notes,write-ups/proving-grounds-play/README.md,b4c68ccbe43fe7218e8cee1a15bb7346a6c3bb89,markdown,277,d2c596e1a5df94288847a0d177d9aeaec03dcd4d3bd591242d736f24f60d1dce,ed25d09f0b9e35154c698e54f385e775fa4c9280
notes,write-ups/proving-grounds-play/assertion101.md,b4c68ccbe43fe7218e8cee1a15bb7346a6c3bb89,markdown,1252,13262ffad1f1f1fe6d5696b021fd05b1d0c89fa40d3189054a5c4b505a68d93b,809da99fbd8668c9f6cfb01074ae8e5315112743
notes,write-ups/proving-grounds-play/dc-1.md,b4c68ccbe43fe7218e8cee1a15bb7346a6c3bb89,markdown,2112,4fcfc3c79b719a6209375b90a422e176efe6bc0c16a635dcc43bee3d451262db,bd96717337fdf98655fb07eca50b3a1e210b3035
notes,write-ups/proving-grounds-play/dc-2.md,b4c68ccbe43fe7218e8cee1a15bb7346a6c3bb89,markdown,2530,92f3b037030571ba950e915c567d07ac070c4ddde70ce0450a6c9c65ac524b25,c31a135c25705e8e8227af0dc3407bb9e7dc8b44
notes,write-ups/proving-grounds-play/driftingblues6.md,b4c68ccbe43fe7218e8cee1a15bb7346a6c3bb89,markdown,1194,5cb2f4f49b2fe50572089653b11e09e9b60334752a7898817dee3c767c3ccfe9,fdce4916b85012a4a9e5a6801bc8a1a78a4e3b88
notes,write-ups/proving-grounds-play/election1.md,b4c68ccbe43fe7218e8cee1a15bb7346a6c3bb89,markdown,2056,09a06616d0582e92f7b95ab38bf6d9a18651437e394b89e8636c723e67b4bdc4,68265794e3c010fa7c82f2c52fdc8919ef4fe9e4
notes,write-ups/proving-grounds-play/funboxeasy.md,b4c68ccbe43fe7218e8cee1a15bb7346a6c3bb89,markdown,2559,34d88c15412eef9badc99af139c6ad3ffb662c4579cc73d035dcd639531200c2,f630c321788e77f6520aaf30e82b192325e1ffba
notes,write-ups/proving-grounds-play/funboxeasyenum.md,b4c68ccbe43fe7218e8cee1a15bb7346a6c3bb89,markdown,1561,6e38d18e3d97c2cf11cf1583b61c50cbe235b8805e7b1b0ec19be56a2c65610b,79ff8c6050e2a57577c731e33ee9971e21ce5126
notes,write-ups/proving-grounds-play/infosecprep.md,b4c68ccbe43fe7218e8cee1a15bb7346a6c3bb89,markdown,6838,698b5df557048da685f96d3c1b1903d887939722f7cb221816fd322f615c0e57,edc8df6649d53f36dce899126c4a6a956dbe73dd
notes,write-ups/proving-grounds-play/seppuku.md,b4c68ccbe43fe7218e8cee1a15bb7346a6c3bb89,markdown,4930,186226050f77c460419dfdd8878a89b8d9584467215e1f3ef8c5baf9dd3543be,e9e2fcc12078ff1711934613b0322e6656200bb0
notes,write-ups/proving-grounds-play/sosimple.md,b4c68ccbe43fe7218e8cee1a15bb7346a6c3bb89,markdown,12608,93db189455924da26ef0bf87179643d17f8f7a1adc15971085a03549350a6353,8101c17f26544d45bb1f2add8e8bd605540ecab2
notes,write-ups/proving-grounds-play/stapler.md,b4c68ccbe43fe7218e8cee1a15bb7346a6c3bb89,markdown,13007,5ef426aacdcbbeaf03785fbb21d3e107c67ebd2a43be8a87ed417024774247fc,1746524f841de925e86095ee8b48d414cd6e6655
notes,write-ups/proving-grounds-play/sunset-midnight.md,b4c68ccbe43fe7218e8cee1a15bb7346a6c3bb89,markdown,2181,a434abf0aea5f943a725684616917e8d6eb7a92219ff7f4f0541f727cd44b731,04dc0ea5b68f8b666b6b4708be1ce14b4812d5b2
notes,write-ups/proving-grounds-play/tre.md,b4c68ccbe43fe7218e8cee1a15bb7346a6c3bb89,markdown,1958,d36c68d2850ba32770f21eceb4f6c89ab81eba1ad3f6ecd6b1281649e4e122f6,b43ed7866efc4112a19cd91e3dc01d02e1ce024d
notes,write-ups/vulnhub/README.md,b4c68ccbe43fe7218e8cee1a15bb7346a6c3bb89,markdown,11,bff8f9932ea1d5da80dc865f094348984629c3822b9c79214378b80b5626b03b,245f99b54cfc9ca8b54da80b8797dbe2cffcc14f
notes,write-ups/vulnhub/dc-9.md,b4c68ccbe43fe7218e8cee1a15bb7346a6c3bb89,markdown,10422,d9dc5e6f4157bc790f96afafa310cd641fe014326cb680f585098050ac0529ee,62048417a4e3beede7faed34c759ce89a82c915c
writeups,1 - Machines.md,cc44f026c6c83078dcb8efca200a1aa7f8b0a4b9,markdown,356,69f8061732ff4e37dcaf6e7623665755b77c70f79163623c2d2c2a5023a76735,27570e45f2265f3e74b991e935c18bd48134b1ef
writeups,Images/Pasted image 20240131195929.png,cc44f026c6c83078dcb8efca200a1aa7f8b0a4b9,image,61510,b81ea94235400664ebd820e75c0fc19fae5efa778bdac80126f57d331ac670cc,f03adb6f2ce6cf58a9cd68fc17a19b8e07d09639
writeups,Images/Pasted image 20240131195951.png,cc44f026c6c83078dcb8efca200a1aa7f8b0a4b9,image,26087,bae240a92825a9644c0fdf595e87bfc851deccfbc80f82d579dbc25c38753e0c,c0f44fe3832a79d9034ffa2e6da9b2fccd772f03
writeups,Images/Pasted image 20240131200009.png,cc44f026c6c83078dcb8efca200a1aa7f8b0a4b9,image,17336,a9c9c0d2a925d1c4fc2a3da1a0f13126a6422fc83b1a8875f091091365c5b61d,e3e4959648fedfe2e90f7c96373ed2b66d760d1f
writeups,Images/Pasted image 20240131214151.png,cc44f026c6c83078dcb8efca200a1aa7f8b0a4b9,image,66601,1cb2dc267d2a39590f7c011551215a475952bf1c64fca9c43b51a2480900f4d2,3bcd443e044ab6b5868b79bb82da7488d499e5e2
writeups,Images/Pasted image 20240131215339.png,cc44f026c6c83078dcb8efca200a1aa7f8b0a4b9,image,44507,90a700ad1326f5e2dd0e65338375480d368c31ab400c9c21b48ae0ce2603598c,6952b64235daaf22f8d8a59e343173e85d314935
writeups,Images/Pasted image 20240131215552.png,cc44f026c6c83078dcb8efca200a1aa7f8b0a4b9,image,64150,56673f64c9d49397d75e98c2869778df0e50a54106c00b21301810a122b97122,83f2059774ecac75055833d99bf55787709e558c
writeups,Images/Pasted image 20240131221434.png,cc44f026c6c83078dcb8efca200a1aa7f8b0a4b9,image,37554,38434891562316631c88003ac80dac18abad0c9e0a5d76ca9668cbe64fe52f3c,49e93529a4bfbd2423890904936ae77814832207
writeups,Images/Pasted image 20240131222435.png,cc44f026c6c83078dcb8efca200a1aa7f8b0a4b9,image,19188,59fbafd4751a537005e097fd9bc8c6fc00674ba834f5716ba9b83226a30c9a18,27f8553294077c5906d15dcc35715387c3b14965
writeups,Images/Pasted image 20240131223538.png,cc44f026c6c83078dcb8efca200a1aa7f8b0a4b9,image,18855,028f53d7d9b6f72479420681322699d19c6a7d29afb0d9172fa9d963fa784bcb,ab9a5fa3a23c818fb65faf4288f9b40b01ed5be8
writeups,Images/Pasted image 20240201103535.png,cc44f026c6c83078dcb8efca200a1aa7f8b0a4b9,image,23493,fb0cd8175311ea9e473f604b84c3bdc7a17c7c32f85c7b4556ddbeed4e7f930f,619c2743ac41a4478307bd77bfd4564c97d0e4e4
writeups,Images/Pasted image 20240201103751.png,cc44f026c6c83078dcb8efca200a1aa7f8b0a4b9,image,24539,342658cae6a2a48fd50479b7555be19545c3d2459dd5bb85453016e2c272ab33,88ab13f7cdd0b1cf70fdb625a7b11a8a1d0e115f
writeups,Images/Pasted image 20240201104626.png,cc44f026c6c83078dcb8efca200a1aa7f8b0a4b9,image,35960,39639939aa163cff6bb9c720b0d3a0e8275c86f2b8268cc36bf245ee2d31aa29,beb76023f8a1cbf42346cc0cf996257569fc6094
writeups,Images/Pasted image 20240201110641.png,cc44f026c6c83078dcb8efca200a1aa7f8b0a4b9,image,50445,b4c2a9d60ac572b351588ebae097b738e96cebfcfa5eb369d82a731f482160b8,eebf390288e66b2d3b996ef90f9f160bfd8a0301
writeups,Images/Pasted image 20240201115645.png,cc44f026c6c83078dcb8efca200a1aa7f8b0a4b9,image,47738,f8110d88cbe6a82cf3de41ac918820c78a79649a0b49feeca03b761623c47898,489de2a54d6a5144d67b947a65ffafd4d90ba5ff
writeups,Images/Pasted image 20240201115852.png,cc44f026c6c83078dcb8efca200a1aa7f8b0a4b9,image,5519,be88d5eb749b58c6885f633e6d5539f6eaa0f0295167bf80be7658cc1aeb9030,2230accab70272456a662f4386ccff78e3a71a26
writeups,Images/Pasted image 20240201132151.png,cc44f026c6c83078dcb8efca200a1aa7f8b0a4b9,image,26873,e69c1500d93f11d2ee975023a8d2b387c49559d45447afadcbe0ae8f8db08de6,1cc1333ce3fcb27efc4335cc9fc485126efd4ea2
writeups,Images/Pasted image 20240201153441.png,cc44f026c6c83078dcb8efca200a1aa7f8b0a4b9,image,18548,fcbf36669f02bb36a7a0ec6256f008ffccae3aafd5ce0675c735e321ea77ecf1,ff0ecb55ce9d1211991d4854a17cb13037c2ad16
writeups,Images/Pasted image 20240201153811.png,cc44f026c6c83078dcb8efca200a1aa7f8b0a4b9,image,18062,a4897796a32131dc104a896866246eac57a8933eb9a4d12948d21b9353de8745,086164eb7ae504f63d877a4193c50fe404a0a432
writeups,Images/Pasted image 20240201155957.png,cc44f026c6c83078dcb8efca200a1aa7f8b0a4b9,image,25800,c2b2b3faca26de78858ac8e74bffca2fe24e04027eb1ffa695298fb4725d0615,24fc515d4581c9d791f26ef55d76f5cb9b42bd29
writeups,Images/Pasted image 20240201160249.png,cc44f026c6c83078dcb8efca200a1aa7f8b0a4b9,image,1870248,891abc30a911946095520637e3aed032011842ae1ffef0f7b2070ea1e12eb739,a0efb9a67a5dcb64a4af6ec183ec1223e0605525
writeups,Images/Pasted image 20240201184612.png,cc44f026c6c83078dcb8efca200a1aa7f8b0a4b9,image,35216,f185a4b8fe25bc98a79db33c172680bfd120b73b5ea51fa99ebc5df731f14c0c,03054a7b243015de6be955185e2854037bcae351
writeups,Images/Pasted image 20240201184745.png,cc44f026c6c83078dcb8efca200a1aa7f8b0a4b9,image,29477,b1429c7d43850d0195ff7d691c087aa5f1cee178f75a09866afc4006d06b155c,43a05867ba2d1dfa8915e1cc715a017c04645ca2
writeups,Images/Pasted image 20240201194354.png,cc44f026c6c83078dcb8efca200a1aa7f8b0a4b9,image,13198,fc330e194e8d2f50376fbb0472367fce166c2825dd3d80eeba76789e478dd985,c7ad295d4c4da8e479e9a22875029328f4502a95
writeups,Images/Pasted image 20240201194410.png,cc44f026c6c83078dcb8efca200a1aa7f8b0a4b9,image,11171,9ce2f13609343829459f105f991257c7538ae2dd800c163d4db37204bd1059c1,b452cae44bafa9a33c88b28911a1e524b777b045
writeups,Images/Pasted image 20240201221517.png,cc44f026c6c83078dcb8efca200a1aa7f8b0a4b9,image,13201,955a2d6d752c0e8bca6e0529a99aacb684af60215ff2da990b9947689eb63cca,c44cef004d21ccbe164bacadc3e8525408c17f60
writeups,Images/Pasted image 20240202104521.png,cc44f026c6c83078dcb8efca200a1aa7f8b0a4b9,image,47623,7ea1d7b464b174e8cf46c8ebf02ca2fc8ee5b08bd9e21327914b9bd2e421ed10,f6f1be59ce378a262c13d95c4f3eb208d0c005a1
writeups,Images/Pasted image 20240202104542.png,cc44f026c6c83078dcb8efca200a1aa7f8b0a4b9,image,77210,8d1f6ccf8abf5f984d8c792d79dd03b4ad7dfcb6d347cfef1974d1083219a1df,fc7a0de768b1117097568a1dd25a711c6b4d0c34
writeups,Images/Pasted image 20240202104549.png,cc44f026c6c83078dcb8efca200a1aa7f8b0a4b9,image,32512,20411e6b3b4025b455a5eb20d26dc73e6910f43283f3ddf82e584d4148493085,614183c7d56c2996896e37a2d1c7d126149def64
writeups,Images/Pasted image 20240202105117.png,cc44f026c6c83078dcb8efca200a1aa7f8b0a4b9,image,38157,f83ff168e9d53797ff8f6e0477878f356d3d48a623ce2c3ba0c2a68af9fa602e,930232f77f71bbf2d2a5cae771f3b45a9bdffeb1
writeups,Images/Pasted image 20240202110251.png,cc44f026c6c83078dcb8efca200a1aa7f8b0a4b9,image,31025,e5c34d52cb0b6ddb7b417e4fa47bc155b217c0ddbe1a86fbab3f990e9f8a0317,c77d95d6e617132fadfb22659de0dd72ec4287c7
writeups,Images/Pasted image 20240202112855.png,cc44f026c6c83078dcb8efca200a1aa7f8b0a4b9,image,7728,9c0a749ec583269f53b87cd949461f189b0c0d071ef696df8bf0dfb3efc4cc7e,52ba328c46e89b05fa29790f0c9ebc346b5a72d7
writeups,Images/Pasted image 20240202113637.png,cc44f026c6c83078dcb8efca200a1aa7f8b0a4b9,image,28154,1dc3cad3545738be30b87bb78840488898940ea7c2bd117d830435e0e1a403a6,d2e9fc6632b9d2024cee78a3d0d848bd592daef0
writeups,Images/Pasted image 20240202122811.png,cc44f026c6c83078dcb8efca200a1aa7f8b0a4b9,image,14450,29e0dadd46a94aa9f9403cd0d601742ceb9b15db57844897aca252feced512f0,b06077c609e580814364c8e904df7827061d245a
writeups,Images/Pasted image 20240202131112.png,cc44f026c6c83078dcb8efca200a1aa7f8b0a4b9,image,24505,08f514e481875993cf5a23fae24cfa99e67b89d546d7cb6498b774e5d18184ec,927ce0676b5ba1a5f3e0c89288bc5d70b5b571c8
writeups,Images/Pasted image 20240203191223.png,cc44f026c6c83078dcb8efca200a1aa7f8b0a4b9,image,20146,a640ef1af0e21d1bdaf0570ec57cf38021c88ba5a956afbbfc583953274ebad3,4738ad2f5e7ce84af3056317d9409d06929993cf
writeups,Images/Pasted image 20240203191419.png,cc44f026c6c83078dcb8efca200a1aa7f8b0a4b9,image,7796,d2f96ebc89f2ebcff1d0e081d688619968c4402cd90cadf288104e047243837c,2e90c96a5de2cf6a3d8aaa6ffbbe6708830baf52
writeups,Images/Pasted image 20240203191546.png,cc44f026c6c83078dcb8efca200a1aa7f8b0a4b9,image,15835,36464a21c0f2c063941f41ec6e25f834cc8631f43cfbe3b86f6ed20b039a38c4,c21f09fe59bf4c96a4748448a2aa72c4a7a4664e
writeups,Images/Pasted image 20240203192324.png,cc44f026c6c83078dcb8efca200a1aa7f8b0a4b9,image,35073,52cff37a9637e90805abbf644e8e0bd85897446a23042e3e7aa0ae935ea249e4,f641274f3e1c63f3ce2f354a73b7b2a739a9b6b1
writeups,Images/Pasted image 20240203193740.png,cc44f026c6c83078dcb8efca200a1aa7f8b0a4b9,image,33261,9f7ed5e753b6bd8fd5c044ce98cace1fe1f7d1c9c20dc71e99a1f55c8fcbf80c,70b740583036da1761ffb1c0650d0ec74ebe18a4
writeups,Images/Pasted image 20240203194014.png,cc44f026c6c83078dcb8efca200a1aa7f8b0a4b9,image,5526,98029afb80e23b72e35c81ec6498ec2c078522367309295bd42fa205cd1ab1f4,0a699488a59fad841b73a274994d54c331762dfa
writeups,Images/Pasted image 20240204153354.png,cc44f026c6c83078dcb8efca200a1aa7f8b0a4b9,image,23538,ed3fe1867e38a73019847cced9abd16fc3e6ef9cedab51467cf209c51bb5f64d,936933d5006c5b8ac8fbb60a636dce344b4874a1
writeups,Images/Pasted image 20240204155328.png,cc44f026c6c83078dcb8efca200a1aa7f8b0a4b9,image,11466,7bb49fbbfa50f40a2c016c60443e95c33afd836163fe27c272b0722094ec905a,68d8fe8a2d979f6870a3a4fc23cd1d89c6534f44
writeups,Images/Pasted image 20240204155335.png,cc44f026c6c83078dcb8efca200a1aa7f8b0a4b9,image,7004,79622d5182021d36296280cf3a92429d617ba4fd8f179249324c696be5a757bf,43537c74dab05dc5be68c0f1bb8b2c7889282e15
writeups,Images/Pasted image 20240204155557.png,cc44f026c6c83078dcb8efca200a1aa7f8b0a4b9,image,19551,af8bf90218f82d99db900ebe8422327ca7105fcdfbb44972bad33b5853f373d9,484d47f64de64b25f372ef4ab6481ddc16168112
writeups,Images/Pasted image 20240204155737.png,cc44f026c6c83078dcb8efca200a1aa7f8b0a4b9,image,79977,01cabbc39279f35f687575bc4e43fdaa3404004c37a0520269684ef797156267,25936723fc6f758f17457b3c0e7a1cd1c7543bd4
writeups,Images/Pasted image 20240204160606.png,cc44f026c6c83078dcb8efca200a1aa7f8b0a4b9,image,36637,c68f02e2f4c4c9f5c898cb1caf4fa632d515e3ef8d6db6d521406d0b1bce2e21,233c640cd9782367cc191e259eb7bbbbe9f7ea3c
writeups,Images/Pasted image 20240204160724.png,cc44f026c6c83078dcb8efca200a1aa7f8b0a4b9,image,30413,f72845d7c8d5b08cb1e59e25be030d43a3e25a23bfe423a696ddbbd49fa9d945,1b22387c48da0073ce8a286582fbb7290743b80f
writeups,Images/Pasted image 20240204161121.png,cc44f026c6c83078dcb8efca200a1aa7f8b0a4b9,image,29878,1315023a2c745a9e40912220eca25c7430c6b43ce40da008ed622a31d7bfd8b9,69d129627fd97438549574d82120b3bbf0f58350
writeups,Images/Pasted image 20240204161238.png,cc44f026c6c83078dcb8efca200a1aa7f8b0a4b9,image,11261,e847b36cb21dc0f9d36c7ab2805f5a1527840ceab777ebcc20586f88786a0948,a0768db3adfaeb02ad1c2d8b5d1c493ce1e7c252
writeups,Images/Pasted image 20240204185128.png,cc44f026c6c83078dcb8efca200a1aa7f8b0a4b9,image,195485,6f6a341f581fba7791029976c7844cf725ea94674a2fc700fe9725451371404c,b2d56e49852fa167580d82211008eb137d8552ea
writeups,Images/Pasted image 20240204190254.png,cc44f026c6c83078dcb8efca200a1aa7f8b0a4b9,image,30896,b273affe90670a55a81cc5f2137e7eaca19ca3af46a3fe3ab179212cbc03617f,e120d46eb13b0823275d10f1748a3aea160362c6
writeups,Images/Pasted image 20240204191951.png,cc44f026c6c83078dcb8efca200a1aa7f8b0a4b9,image,42971,6ec2b453d8d9ed58ebf7bfaa6dd124fd5e38c3e711e7cba73203d8c539f4702b,3c35fcd32b98f4aa20c70d2d8f5aa66e8de7d915
writeups,Images/Pasted image 20240204200002.png,cc44f026c6c83078dcb8efca200a1aa7f8b0a4b9,image,13996,c4f6bb03b35f78e96023b579d6aad1e854c62d26a0ca40134cb8bf60b58b1b9c,3bb72995c1fc4a854be9a1e920fe8afe64804c06
writeups,Images/Pasted image 20240204200947.png,cc44f026c6c83078dcb8efca200a1aa7f8b0a4b9,image,30576,b837c2e902ac8f538863e2166c31b3afb5dbf3d10407391b447effc5fd564f4b,93c4fb735e0733f5bafee9c223915701d3dd2072
writeups,Images/Pasted image 20240204214945.png,cc44f026c6c83078dcb8efca200a1aa7f8b0a4b9,image,10833,405ee1e31f1ec45f42b3c867b408866ee38890ce87be004b45e31b6b04c8df8b,b41cc231249998a1d6b8c4f7db1ea32120e0cbbc
writeups,Images/Pasted image 20240204220146.png,cc44f026c6c83078dcb8efca200a1aa7f8b0a4b9,image,54334,7088df198c25d910b991ae3f84613ad10d1d788cf22017a12fd5bf25c0ae95e0,d1eaf5db81295572f136130c4942def5bdde64bb
writeups,Images/Pasted image 20240205192257.png,cc44f026c6c83078dcb8efca200a1aa7f8b0a4b9,image,99777,0410aec034e0c5284f033fa75271c31d12e7c06e5bf5e3e292ff2e0b4710440e,bb6dd010b4470e2d47d831859a70093a94d46f5f
writeups,Images/Pasted image 20240206220512.png,cc44f026c6c83078dcb8efca200a1aa7f8b0a4b9,image,585394,f3e5a8da2f61608a093b0b3fc25fd841e7f8eb4b91de8843b9161731f3dd0a48,c4bcc838221e671c8544b0f7c56b72b18c0d8a5c
writeups,Images/Pasted image 20240208115009.png,cc44f026c6c83078dcb8efca200a1aa7f8b0a4b9,image,20431,88bf37f33418982794028cf6bf17e34d6a6fe017bf3d0f41de508c1cf515e3ce,993a449ac34ab50cde404fc4b25c6650befb748f
writeups,Images/Pasted image 20240208120142.png,cc44f026c6c83078dcb8efca200a1aa7f8b0a4b9,image,15296,8f869ab67b309f00b4b690744ddcd713ef4faed12ef1ebe42fe98e5462620f1f,a15610fb6c11ecc2478db9ee65dd31e1e98ec2a6
writeups,Images/Pasted image 20240208120850.png,cc44f026c6c83078dcb8efca200a1aa7f8b0a4b9,image,29439,9d6f056054b13319e0378d5a800586b468f8e9e8fa1f45280fcaa0f07c230bdf,a01fd0682ee64d20a52bc3f0af7bea631832188e
writeups,Images/Pasted image 20240208125532.png,cc44f026c6c83078dcb8efca200a1aa7f8b0a4b9,image,54331,cf349f41ad18e54287d66dbbfd838f6b3848fd8db228612b844ceeed5b3fa5c5,78092933d289832861f7e7b76fddc196d838caa9
writeups,Images/Pasted image 20240208160637.png,cc44f026c6c83078dcb8efca200a1aa7f8b0a4b9,image,37997,d42ded7b74fc3fab3e14a6af3c98c6632182b9e187f76fd10c64c741fb3ffbf9,7490437ea377500928167fc42a236bac6cda2364
writeups,Images/Pasted image 20240208193837.png,cc44f026c6c83078dcb8efca200a1aa7f8b0a4b9,image,29924,bad06ec35a6532ac58074b4cf14fe046f20757dcbbfd2b422cdafe3f181e6f03,e240e5515d8e5d3cf69b46737ebff814bac4b1d3
writeups,Images/Pasted image 20240210123719.png,cc44f026c6c83078dcb8efca200a1aa7f8b0a4b9,image,35688,f88a76e2df8c1a781022e95c9bb1ffa07f8a334690d9e7033a8c63649f2f5452,0e0dbf964da27e914616c369c1c52edc3a008f7e
writeups,Images/Pasted image 20240210123743.png,cc44f026c6c83078dcb8efca200a1aa7f8b0a4b9,image,18103,c599d922e1ee71cedff8c4e861bbcd539a163b1d42687fa67877d4a4387e63af,2d2209e0663177d98539be170ebfff137414ae21
writeups,Images/Pasted image 20240212182115.png,cc44f026c6c83078dcb8efca200a1aa7f8b0a4b9,image,14559,831f8bd764d50c2fa3c797cfcc0a2aae5ceb5e30c1d4f7dd4e944d36536f777a,b3b43d1d359be55ddd9c1f0f280d1d874eeb13f3
writeups,Images/Pasted image 20240212182146.png,cc44f026c6c83078dcb8efca200a1aa7f8b0a4b9,image,12509,30e7c69494a3350e99578cec13d57c2d47db4644088bcbf541064fea98ef1384,cf3fc4d2998695318e7117db0100a392afbd0fcf
writeups,Images/Pasted image 20240212182553.png,cc44f026c6c83078dcb8efca200a1aa7f8b0a4b9,image,40231,30bc8cbca14cd951981d956da75fb540e87af68730187f96ab69e009dbb26bb0,53277ecc1ad8fc5ee79cefd6d38dfc59afe1ffc8
writeups,Images/Pasted image 20240213214803.png,cc44f026c6c83078dcb8efca200a1aa7f8b0a4b9,image,35026,3cb486c0df35d729f2ddd7c9a6b50b8812823f7bb12f9f4e76121ba6d7c12f0e,7f654dc61cc9e4c4a761af2920f7abb842c8b9cd
writeups,Images/Pasted image 20240213215049.png,cc44f026c6c83078dcb8efca200a1aa7f8b0a4b9,image,12842,87b2ef043f306522e19d97c183b7252d20b06b091070bda66937581110c802e5,79b81112c1afc5e8a57e667daa3db254bc62a800
writeups,Images/Pasted image 20240215103640.png,cc44f026c6c83078dcb8efca200a1aa7f8b0a4b9,image,167873,a8d0cc2d8c2638443f8fd47e68f4923d752c9df4397760604df6d05f2d3614fc,a831290565d015c1a654e79233f3d2d038e660ae
writeups,Images/Pasted image 20240215112422.png,cc44f026c6c83078dcb8efca200a1aa7f8b0a4b9,image,17710,96ca1aa49ab0fb863efa043c05902da0d8c9cc710635af949c1b07dc14e53a3b,70da2c62d1abd6e657eb784ae8590470906dd4bb
writeups,Images/Pasted image 20240216090146.png,cc44f026c6c83078dcb8efca200a1aa7f8b0a4b9,image,19343,dc3181bfca78217b7998f6f3a1e1bd61ad1e54d1d149b737cd4fcf5871c6ff6c,646707ebcc2db3e77ab40b2d29b708f66fcb454a
writeups,Images/Pasted image 20240216091131.png,cc44f026c6c83078dcb8efca200a1aa7f8b0a4b9,image,45004,89d62db9aadb351dcb10bd10d4b572ebb13e0fa118111f6c4533fc4f2afb3546,4b692e8b25eb5a292e614d41ee95e1994be7fcde
writeups,Images/Pasted image 20240216091208.png,cc44f026c6c83078dcb8efca200a1aa7f8b0a4b9,image,10199,97d48468dedd276722b90a471ec83d220cfc9da3fed7d3e70e1aceb0631b9ee2,13dd51ad23bd5b1397d12baedbf2809f6edcff0f
writeups,Images/Pasted image 20240219201545.png,cc44f026c6c83078dcb8efca200a1aa7f8b0a4b9,image,31971,0a977b3b215e0efa480da5d934352a1a043535105422c7bcab303c0b56eca43c,7549f308de99b95633da1108c940d1e43087698f
writeups,Images/Pasted image 20240219201602.png,cc44f026c6c83078dcb8efca200a1aa7f8b0a4b9,image,18640,5fdd7b7890c75d4e3a2e14a9e3f1f736371470a7cd5e776a108f0ad7832ead2a,7af14e5329aeddbc1836d94451092961f9a8b099
writeups,Images/Pasted image 20240219202551.png,cc44f026c6c83078dcb8efca200a1aa7f8b0a4b9,image,43061,904975bd9e6d84ffe6debb287996dc38020019a13cd05b2d6fd908f0142b3767,c12fe79ba72a91cefdccd700d945af72cf2bfb10
writeups,Images/Pasted image 20240220223020.png,cc44f026c6c83078dcb8efca200a1aa7f8b0a4b9,image,4550,6aeda187a9120ddcfac3c6eda5568688254e5a32fb3854c12b7274f1a3a17909,264eec6811330febd51facfb66f7f573350d2a34
writeups,Images/Pasted image 20240221184457.png,cc44f026c6c83078dcb8efca200a1aa7f8b0a4b9,image,49701,ce2383a0a68bbdb93ff34f4249cb1c9ad2e2741d8e4b19c7cb4c14d3c08bb9e4,22dd0043fa33cdcdf5ed068479734a6f75dffb38
writeups,Images/Pasted image 20240221185835.png,cc44f026c6c83078dcb8efca200a1aa7f8b0a4b9,image,33530,b8ff21b964bd9e2517e9a51d5ae11e0d9f92a23ebe8f4ff7f6bdbdb314097cce,e924679b915e194fc0fa7091e00ffb17afa931b5
writeups,Images/Pasted image 20240221185915.png,cc44f026c6c83078dcb8efca200a1aa7f8b0a4b9,image,12362,24ec01150f3fb96c5acc7b7c0aee525483b0b768d1a7691044e95db3a4d2a004,a28f73296810ce22eb13b26fe9c60d8aa2e64f24
writeups,Images/Pasted image 20240221185935.png,cc44f026c6c83078dcb8efca200a1aa7f8b0a4b9,image,29268,62bfcf53c23135d4f87875d23efa0ab081912beeb6e04367ed5ec63f042e5efb,f81f7e96089bfc0d20d6e2b7ad7785d4d4910b3e
writeups,Images/Pasted image 20240221191150.png,cc44f026c6c83078dcb8efca200a1aa7f8b0a4b9,image,42341,6601fb0724f245f1366d67579f4ad41f23bffb7e4651577ab07ec37b4e5cfadf,48341c5dc673d54dea4f13dd5a895f7e8deb7fb9
writeups,Images/Pasted image 20240221191653.png,cc44f026c6c83078dcb8efca200a1aa7f8b0a4b9,image,66810,91897cb10e45eee90cd88f940063e6295d963697b249ed09ed3254048fc932e5,6d3085e676384ed7f2031a6b2f72b754930444ee
writeups,Images/Pasted image 20240221223515.png,cc44f026c6c83078dcb8efca200a1aa7f8b0a4b9,image,10285,2d571a80f311e4d190fddc781c25ac5318befd1176f4b682bf50ab9e28b70c57,4630e3749324f6093eea5c256a001fd995a02450
writeups,Images/Pasted image 20240222114839.png,cc44f026c6c83078dcb8efca200a1aa7f8b0a4b9,image,42071,5946384af492f4e57e466ec64e5becc8398e0ba7863126f7424207c29f5cfa63,1cbef451e42d751636e7cfbafb30b131f15e1e30
writeups,Images/Pasted image 20240222120107.png,cc44f026c6c83078dcb8efca200a1aa7f8b0a4b9,image,28893,90274d3df8e85cedbbea03f056b4ffc85fc65d0e1d0fe1d196f0416473202b12,c43ebd83f1546267e6f5a7212d1949ad28532700
writeups,Images/Pasted image 20240222120125.png,cc44f026c6c83078dcb8efca200a1aa7f8b0a4b9,image,13882,b1d9875bdf6f463d05a996c1135496f4212b3d27a2ca57c29be3540e2c377f12,5c86021aa0903a131b97b2548f27caab19e1b99d
writeups,Images/Pasted image 20240222161441.png,cc44f026c6c83078dcb8efca200a1aa7f8b0a4b9,image,31845,dc72b0b9f6e0fd94cabf077f14420bc3c20faedb47580a7afee7fac9611c9748,835fe91c14c9fb53bd6b3052d696cc532e2c7500
writeups,Images/Pasted image 20240222162759.png,cc44f026c6c83078dcb8efca200a1aa7f8b0a4b9,image,30137,97b98e9fdab6f432af033770ed3704b3daacbc5ef30ec76d4d0f253381da1223,642d07cb79a1c45b7c6da3238beca06b19495790
writeups,Images/Pasted image 20240223094201.png,cc44f026c6c83078dcb8efca200a1aa7f8b0a4b9,image,33512,4adc8287b0b0aa5e08d7b1fd512474ab6ff876bdfd5101b24d47a3536fe4d98a,dc7482148afc17d4fcf1784779470b3ce81caec9
writeups,Images/Pasted image 20240223130206.png,cc44f026c6c83078dcb8efca200a1aa7f8b0a4b9,image,25189,d8d8040c7ad582643080eb9e7d9e10c0d563c8b119a06c478833b8c21be80572,469fc96e88365c83fb386f279b1f5ed65d5a7930
writeups,Images/Pasted image 20240223182926.png,cc44f026c6c83078dcb8efca200a1aa7f8b0a4b9,image,29342,f6ad87c9fc048878c2ea7b75e7a27112b4ad791ed03f6027e8d2640bee0e9e9a,3ba70b642222ecc9417eedcd2f40004d1895cb26
writeups,Images/Pasted image 20240223183026.png,cc44f026c6c83078dcb8efca200a1aa7f8b0a4b9,image,30344,5e6fd1e91028e294946189a10b79b178e5a92e78ff8a2f2338263e32651faef5,d95cd32d2327f17210416f21d252f30c51e1a1ac
writeups,Images/Pasted image 20240223184125.png,cc44f026c6c83078dcb8efca200a1aa7f8b0a4b9,image,56427,97e40d0c9c96fbf28015b492048aea681d09e644bfe5fd625afbdd91d2de144d,841dbffb86094af3ddeb16a9b4ebbca502db2b68
writeups,Images/Pasted image 20240223215211.png,cc44f026c6c83078dcb8efca200a1aa7f8b0a4b9,image,23263,3b7969bace845fe465e982ec7ebcac9f59dd16de816115522fedd86701a33036,8f485639ae3a172d4339271a2459c4dee8f0b669
writeups,Proving Grounds Practice/Linux/Easy/Astronaut.md,cc44f026c6c83078dcb8efca200a1aa7f8b0a4b9,markdown,1934,5efb776f19bdb5e9c610c3c232629a115af12df46d442c33752c3f0115c20094,7fdf57ef07813ad63c297e9ee878d20e41460b7b
writeups,Proving Grounds Practice/Linux/Easy/ClamAV.md,cc44f026c6c83078dcb8efca200a1aa7f8b0a4b9,markdown,2036,02a43ca41432e12fd9e3601d1453e617317511266f8427a6f4975d65e548366a,65ed878dab99dd72db421e0bec25e7cd359ebff1
writeups,Proving Grounds Practice/Linux/Easy/Codo.md,cc44f026c6c83078dcb8efca200a1aa7f8b0a4b9,markdown,1376,d6a64eb80c94159af4a6c74bfd343b72961d2b6aad016e9efbc280a5509e3b16,c3fb8dc91e0e755dc578ac35ff74f1c13f2de743
writeups,Proving Grounds Practice/Linux/Easy/Exfiltrated.md,cc44f026c6c83078dcb8efca200a1aa7f8b0a4b9,markdown,2690,26c0adadebd31ab54031c23c9a9d586074cea0d1ce6217f808d3e071b1885d06,387cae32a69a7c24ccb5b787483054de620c6430
writeups,Proving Grounds Practice/Linux/Easy/GLPI.md,cc44f026c6c83078dcb8efca200a1aa7f8b0a4b9,markdown,4125,69d2e9be1b3bcb3fa2f97cff9d4d9b902917a29be0b269ec206cce68b870deb9,69af6d24cd6f1d313d9c5e16ec9fe80f1eed360d
writeups,Proving Grounds Practice/Linux/Easy/Hawat.md,cc44f026c6c83078dcb8efca200a1aa7f8b0a4b9,markdown,429,9ae248c1b97bb65e9753912a1d133fbddf49c7c49c0955dc6eca625852c73b14,bd7946f03fb3576bf0209e6664c0412e1912ba19
writeups,Proving Grounds Practice/Linux/Easy/Hub.md,cc44f026c6c83078dcb8efca200a1aa7f8b0a4b9,markdown,2259,a34208696730f44247c3e652ab60a2aefd0ffbafb5faa71994c2077cfc6ab248,498818389939f0e6cc03d7bd1c26c3f71c2be451
writeups,Proving Grounds Practice/Linux/Easy/RubyDome.md,cc44f026c6c83078dcb8efca200a1aa7f8b0a4b9,markdown,1346,f8652a24279dd7ef2a50f2cfd2c7269a5f6df9f881265a14cd57aa13762c1bf6,ba6050145c6329a4718018e8ed9e5a27d4f27445
writeups,Proving Grounds Practice/Linux/Easy/Twiggy.md,cc44f026c6c83078dcb8efca200a1aa7f8b0a4b9,markdown,2454,f7beca87a4863c0bbacc1416780872b866a4b3b86b40bc5accf1e1cf3cf0209d,ace725c4bd81c19895aeea6e5ceb3bcc1d71cff2
writeups,Proving Grounds Practice/Linux/Easy/Wombo.md,cc44f026c6c83078dcb8efca200a1aa7f8b0a4b9,markdown,24,839896e9c94b8e890c199009b63c9a45d6fedf6477ef7b1c2bd9505006ef561e,ac02e5bb67304ad19a135c274a817f2c86c6647d
writeups,Proving Grounds Practice/Linux/Intermediate/Banzai.md,cc44f026c6c83078dcb8efca200a1aa7f8b0a4b9,markdown,651,e054e22bc122318f98a6243282a4d33f6c53f683dc23b88608abbb8744a1e7c3,5860d2b5db7aa643a91a775a633051730fa2b080
writeups,Proving Grounds Practice/Linux/Intermediate/Boolean.md,cc44f026c6c83078dcb8efca200a1aa7f8b0a4b9,markdown,1872,481b790e5ab297610ca576790f38508070a4bb03a2ccbc2b5cca84a7b099f283,54c6e8639a0abeedbcde3381dcdea300a468895f
writeups,Proving Grounds Practice/Linux/Intermediate/Cockpit.md,cc44f026c6c83078dcb8efca200a1aa7f8b0a4b9,markdown,1887,96403f413f0497ea4c2b54c7643aec589394f7b4173f138bdf73309cb78e5f20,d349ed8bf8c8206bba16429b6c9614063319f34e
writeups,Proving Grounds Practice/Linux/Intermediate/Crane.md,cc44f026c6c83078dcb8efca200a1aa7f8b0a4b9,markdown,1659,fb1bf5d34f93d1937971df0c7d5708ec7d8f22af83eb464093450bc288480b9b,a253434f1c57e79219cb768a3499ba15207d436b
writeups,Proving Grounds Practice/Linux/Intermediate/Educated.md,cc44f026c6c83078dcb8efca200a1aa7f8b0a4b9,markdown,2921,5f23295a6306da4cc0ed586bf6cefa8297ea4216d47242118e7b1127fd37d434,dd64f738b9fbc225f1672cd4b5f16d60520900d2
writeups,Proving Grounds Practice/Linux/Intermediate/Extplorer.md,cc44f026c6c83078dcb8efca200a1aa7f8b0a4b9,markdown,1190,5a68fdcafb93e07f2eddc6a4191ba9686ac1d374a8227e05465e4e99bb926663,ebe661699f3eaf2a3026a3e2a93c7152a447d63c
writeups,Proving Grounds Practice/Linux/Intermediate/Fail.md,cc44f026c6c83078dcb8efca200a1aa7f8b0a4b9,markdown,859,ea3f48dcbbd0c83f1f68114e56bb48286c1b058836d593953b563ec2e4c14484,9d04db0626afa95fb01a8fe9333ad4cb2297d3bc
writeups,Proving Grounds Practice/Linux/Intermediate/Hetemit.md,cc44f026c6c83078dcb8efca200a1aa7f8b0a4b9,markdown,834,6ad79125865567d7c468921da1dfef6e4769cbc1de009962d25af0380438d1be,6d645d4e7e7ac7b359ba38ae2fe0cfb89afab9b7
writeups,Proving Grounds Practice/Linux/Intermediate/Hunit.md,cc44f026c6c83078dcb8efca200a1aa7f8b0a4b9,markdown,936,f5818fddfecbe0ff276f108ce455d06531c4c577a6e500dc4d65c92c71257efc,619b0c7919a88892315cde747784379e1aa1cbf3
writeups,Proving Grounds Practice/Linux/Intermediate/Image.md,cc44f026c6c83078dcb8efca200a1aa7f8b0a4b9,markdown,1102,fd2631bca73eea4ed576f63a10ef7087595837ea51d9fbe2a27f0f41cf67baf2,e4f4b31bd23cff0e614cfd26312bcb74ab13be23
writeups,Proving Grounds Practice/Linux/Intermediate/Law.md,cc44f026c6c83078dcb8efca200a1aa7f8b0a4b9,markdown,1092,78a6552e8e4758c57298d5ffc663727f99251f8c40013e793c2121b977e71faa,aff8cd107fc74f3dbc612b0bbc0b7092ca165767
writeups,Proving Grounds Practice/Linux/Intermediate/Marketing.md,cc44f026c6c83078dcb8efca200a1aa7f8b0a4b9,markdown,210,76c337546419be4961ecac62464d805cdac8bfa15569e1645479a0a854cca1a2,f2886d81963196b7ccc07ef5a82371594b73cef6
writeups,Proving Grounds Practice/Linux/Intermediate/Marshalled.md,cc44f026c6c83078dcb8efca200a1aa7f8b0a4b9,markdown,1619,ebd1575b84bb64e71d64a0bb62595d6576aed20e1be004f7be5f2e2ccb7db791,6a31c557c7c9beb5d1c52a843c443704d90501c4
writeups,Proving Grounds Practice/Linux/Intermediate/Nukem.md,cc44f026c6c83078dcb8efca200a1aa7f8b0a4b9,markdown,284,8376414b371bfe4730e3183bb2e3408d275cec75f2a2cef859297399276e105b,8b61af0d2e7631c40087a2d3bf5035b0e41338fc
writeups,Proving Grounds Practice/Linux/Intermediate/PC.md,cc44f026c6c83078dcb8efca200a1aa7f8b0a4b9,markdown,1193,48912c208ca2a532a810f5b1cdaf43a1287974cb24c2b2712d2a0ddca214200c,36badc0373ae0e3e5261ffd6815e84414581a240
writeups,Proving Grounds Practice/Linux/Intermediate/Payday.md,cc44f026c6c83078dcb8efca200a1aa7f8b0a4b9,markdown,1094,2f8d9840a5b99fb5ccbdbfa38783f67f0e8c16e8db5c96ab303c7be7676892d9,130625fab6af95371a0e2d74c464fd9e572624f7
writeups,Proving Grounds Practice/Linux/Intermediate/Pelican.md,cc44f026c6c83078dcb8efca200a1aa7f8b0a4b9,markdown,4280,ca08dec62db2057b21035e84d6e672c8506f7e4e53edf960e629d9d2da12e9f1,b71f7dbf9168be6b84bf9c7d4208861aedeb1786
writeups,Proving Grounds Practice/Linux/Intermediate/Plum.md,cc44f026c6c83078dcb8efca200a1aa7f8b0a4b9,markdown,948,93bb6feecfca89a8fe38e2032de63de44535c437d458b269fdff5c809805eee4,d30aea9d7b5401f460ca485c10adca44e81f9291
writeups,Proving Grounds Practice/Linux/Intermediate/Press.md,cc44f026c6c83078dcb8efca200a1aa7f8b0a4b9,markdown,1016,be6c663a6faca6e4427422b327d9a0724b2b248dcd7aaded96d2e63ad4809e20,b091b5d4dc2c1727b1b3fc2a8fb1cfb716ad70c1
writeups,Proving Grounds Practice/Linux/Intermediate/PyLoader.md,cc44f026c6c83078dcb8efca200a1aa7f8b0a4b9,markdown,1102,f43d6a71c4f363e7c817182ead698713f13a4a865489af9e854368e4399e7a84,d1fe85673834a55231c50a6cf07242349e4fea68
writeups,Proving Grounds Practice/Linux/Intermediate/Readys.md,cc44f026c6c83078dcb8efca200a1aa7f8b0a4b9,markdown,1782,5e222440852a015c78a518a308f861163b26a8651d1bcafeb70c028b1e0fca63,e6e5f6b619e9440a494a90b4778be910594e106b
writeups,Proving Grounds Practice/Linux/Intermediate/Snookums.md,cc44f026c6c83078dcb8efca200a1aa7f8b0a4b9,markdown,703,f69a147f2bd060ea62518d4029601c26f96103e3459893eefc1124a01bcc339c,46442dfc6aa756bcaec2d967e43421aca84bac2b
writeups,Proving Grounds Practice/Linux/Intermediate/Sorcerer.md,cc44f026c6c83078dcb8efca200a1aa7f8b0a4b9,markdown,153,cee4aaf33edf5aa66967fd601cd9e15d23693c39698ea1c11ca7d3d7010f39ac,0f58c166658708a2453bed8dab309b9386161dca
writeups,Proving Grounds Practice/Linux/Intermediate/Walla.md,cc44f026c6c83078dcb8efca200a1aa7f8b0a4b9,markdown,767,446b76f6bc99c1d02fb9cb7db5edfe1def2c4030924783250bde52fe63e67311,a17b9c74cfb7e375570c2ba6428de3c941b18d74
writeups,Proving Grounds Practice/Linux/Intermediate/ZenPhoto.md,cc44f026c6c83078dcb8efca200a1aa7f8b0a4b9,markdown,306,011e718d5d3e6a0e1dccef5579d6038a8fb4d86c0054297c561e8bf667a92f6e,dba17e9a4108f59aa6f8e538346b16523d991e92
writeups,Proving Grounds Practice/Linux/WriteUps/Astronaut.md,cc44f026c6c83078dcb8efca200a1aa7f8b0a4b9,markdown,5889,dbe89ea73268264a569b57ddaddd561fecb3b0ff2702cbb7ab02140644faa47d,cb01dbcd9d0df33d07465e51f6209a5923de84b0
writeups,Proving Grounds Practice/Linux/WriteUps/Boolean.md,cc44f026c6c83078dcb8efca200a1aa7f8b0a4b9,markdown,7667,1a9c1aa48faa83f360cd3a5d1d821e759298c3448c4eb0409ab3feebe6d0f7e7,7f3fd6acb2ff276b6c025623f8776e4e0a41f5a1
writeups,Proving Grounds Practice/Linux/WriteUps/ClamAV.md,cc44f026c6c83078dcb8efca200a1aa7f8b0a4b9,markdown,7588,6ef634029d7b60ad9a1129d510f7459bcee24c30351078e6ec64009303177909,0cab819146afc4fc55ff0395d46f5b39b9b5df85
writeups,Proving Grounds Practice/Linux/WriteUps/Cockpit.md,cc44f026c6c83078dcb8efca200a1aa7f8b0a4b9,markdown,11316,0ee94d85d4eacef70812d45c1b7c0f872b6067f71d6aeaca430fa506ee82bc38,3604cba701c058d27a3cd58fd9713bbec00a08ba
writeups,Proving Grounds Practice/Linux/WriteUps/Codo.md,cc44f026c6c83078dcb8efca200a1aa7f8b0a4b9,markdown,1541,d404ad5b92a7e981052e8005bc9df20a6a1cd2674559da4eb59214e5a4e66f6e,dc432d20fac05979cc2c44fd7c840f6113da7230
writeups,Proving Grounds Practice/Linux/WriteUps/Crane.md,cc44f026c6c83078dcb8efca200a1aa7f8b0a4b9,markdown,1843,4a40d3d0f61021cee76b573adbd5a1f5d8bb7ffc09e1bf840e2cf326b2707007,26d56484c3f70020c025aa8a82d066750ccc947a
writeups,Proving Grounds Practice/Linux/WriteUps/Educated.md,cc44f026c6c83078dcb8efca200a1aa7f8b0a4b9,markdown,12928,acc62402f594ecbc2befca5829ce063b5f6ed86a427b122991604fa7eeb4ea65,34866afb517eda604af3d2f8cd8628dff16abbe7
writeups,Proving Grounds Practice/Linux/WriteUps/Exfiltrated.md,cc44f026c6c83078dcb8efca200a1aa7f8b0a4b9,markdown,11118,b2530fef8064f99cc844a3f0042223052746b1fa430737519aebbb763c0ceb0b,adcf1fca1777c5904b27955ff7786b79669355cc
writeups,Proving Grounds Practice/Linux/WriteUps/Extplorer.md,cc44f026c6c83078dcb8efca200a1aa7f8b0a4b9,markdown,6684,a6ef05447264edf2ff98ae43dfbacf8d76aad654e3c6fcf5aa89a43d39396a07,c855c9ca49b1b2d4ae344721b06f0dbba134f13b
writeups,Proving Grounds Practice/Linux/WriteUps/Fail.md,cc44f026c6c83078dcb8efca200a1aa7f8b0a4b9,markdown,12355,274b4eb20ae6b02dbf3d3993ccba25694144cc94c9e708c0377e7b98799e1515,574ede8167b8b64d3432db1f18b7f4be8341f90f
writeups,Proving Grounds Practice/Linux/WriteUps/GLPI.md,cc44f026c6c83078dcb8efca200a1aa7f8b0a4b9,markdown,8046,5623f7c81125f6caabec80a38d70a4880d0a607cfc62e3fb3df1ec0dc1eb6604,5aaf2c679ce9a01014b3e6ab0cca9f7777a94eed
writeups,Proving Grounds Practice/Linux/WriteUps/Hawat.md,cc44f026c6c83078dcb8efca200a1aa7f8b0a4b9,markdown,12660,93234686754ecaf4f0e8e09d8afbe68efbfc32f77481bb742fe0bc738c845fac,ec3583745e15deb4fba48eb00eae948b9ce0fb6e
writeups,Proving Grounds Practice/Linux/WriteUps/Hetemit.md,cc44f026c6c83078dcb8efca200a1aa7f8b0a4b9,markdown,9477,01e59676f76e4df36b248471384c38e69a956d468f78b002c1fe123214a7325f,b28022e2d0f6c933b136e5078f493de4b1b718ca
writeups,Proving Grounds Practice/Linux/WriteUps/Hub.md,cc44f026c6c83078dcb8efca200a1aa7f8b0a4b9,markdown,2399,8d18dd54dccdc8588bcfe4011085b102db1f0f82d54abd81ffade9cd51d1697d,b182fbb6065d3e241297bd2a76d262aa9f87cebc
writeups,Proving Grounds Practice/Linux/WriteUps/Image.md,cc44f026c6c83078dcb8efca200a1aa7f8b0a4b9,markdown,1705,f4bfd868ebe37e10cc01d4f0b8bb21fcd251037169c1b97a429d95b7e80abc46,66daab8d4aae421f11e6fc643c44f1cfc9b00461
writeups,Proving Grounds Practice/Linux/WriteUps/Law.md,cc44f026c6c83078dcb8efca200a1aa7f8b0a4b9,markdown,2960,7b91c3946e1651adf6e4c40ab3d69443d4720f250d079daba1f95dbe02c8d329,a8a2f47249e2d9330dfff3a32b42d44a2e05ad18
writeups,Proving Grounds Practice/Linux/WriteUps/Nukem.md,cc44f026c6c83078dcb8efca200a1aa7f8b0a4b9,markdown,10102,e47dd68cc0dccbffd7fa6b7e6ec39a9787f2c9bfb5b70f58c46699beb43eea0f,9d89d12e84f6fb9ed50289bb59b60bfd54c8b095
writeups,Proving Grounds Practice/Linux/WriteUps/Payday.md,cc44f026c6c83078dcb8efca200a1aa7f8b0a4b9,markdown,19906,652565eb7b4577e21488abb9dd1a4e91f29a115dce069053c9ece981505c3bfa,34a1c1c15a68b540c64e79f3ac28d923f9f97650
writeups,Proving Grounds Practice/Linux/WriteUps/Pc.md,cc44f026c6c83078dcb8efca200a1aa7f8b0a4b9,markdown,2554,eb492c5b7c2670c9654272d6af52144bc6a8c0fb73afae6b786f138028d95f15,53cc8f22f1a8b2fbcb04dbca4a13343443959792
writeups,Proving Grounds Practice/Linux/WriteUps/Pelican.md,cc44f026c6c83078dcb8efca200a1aa7f8b0a4b9,markdown,5308,fbe47c7cfac8c48931b689dd3cf8d54122df2e8057dc1b65f6c5d70e32458a2f,e341da1cf1425f97c3f119eab8c03e9afe87bdff
writeups,Proving Grounds Practice/Linux/WriteUps/Plum.md,cc44f026c6c83078dcb8efca200a1aa7f8b0a4b9,markdown,2366,51316576aee6fe8094f067d7a4712d69efab26ca5e750509d53949215f4c6aa0,6652dc8e6c41308f2a3f59b010722d98f77cce51
writeups,Proving Grounds Practice/Linux/WriteUps/Press.md,cc44f026c6c83078dcb8efca200a1aa7f8b0a4b9,markdown,2187,5ae13c29fb982e2a3223f1128ad5aa60b136f3bf94daee8b241214c6b2c05cb6,cd7b82b19a34a3d83409603d7a3efbf2fe5e2e51
writeups,Proving Grounds Practice/Linux/WriteUps/PyLoader.md,cc44f026c6c83078dcb8efca200a1aa7f8b0a4b9,markdown,2119,21de12297e993156e27f74175d389c6e8a14ac2802e65422f44895528ae69cd8,ab0345ba77979a44b6d734c961a305b38a73499a
writeups,Proving Grounds Practice/Linux/WriteUps/Readys.md,cc44f026c6c83078dcb8efca200a1aa7f8b0a4b9,markdown,20777,4edccffc7835866e9712dcb416aee8958bd9a07178cd5340b2416667477774e2,1ab0a7992b3d7fa34cdb44e1d19e83a3ad7b4857
writeups,Proving Grounds Practice/Linux/WriteUps/RubyDome.md,cc44f026c6c83078dcb8efca200a1aa7f8b0a4b9,markdown,3252,484ad0a032fee4a974df5ecc6455e6a0c10a2662291193c258371fd25056037d,a1057eae10ca9fe22a2710173d534c7095d39e63
writeups,Proving Grounds Practice/Linux/WriteUps/Snookums.md,cc44f026c6c83078dcb8efca200a1aa7f8b0a4b9,markdown,9861,0a05038bc14412eb97dd3d326e8a0424fa21f6e49048c8184fdacc331cc6dfb0,9cb887a692255a8f67e0bd2bf38c9a4642ab7d30
writeups,Proving Grounds Practice/Linux/WriteUps/Twiggy.md,cc44f026c6c83078dcb8efca200a1aa7f8b0a4b9,markdown,4040,df555b9f06f2cebc60e3ca4bc6107332820868628cae17de19838222a5d00cc6,f0cc47344e8cef1a0d9d49fea17412d74a0b47db
writeups,Proving Grounds Practice/Linux/WriteUps/Walla.md,cc44f026c6c83078dcb8efca200a1aa7f8b0a4b9,markdown,9918,1cc7ab3966043da030969815e2f037329e507644da5545855b0c186b8432d567,7adb6dbc395875a217d8e560db27b0a6c89ff369
writeups,Proving Grounds Practice/Linux/WriteUps/ZenPhoto.md,cc44f026c6c83078dcb8efca200a1aa7f8b0a4b9,markdown,10887,dfc0a861b58502d57c534fd434b328e8f5856f482f13aca8b2a52481783c0c5f,b8b49e136bd8e232474a378b20054acca72def8d
writeups,Proving Grounds Practice/Windows/Easy/Algernon.md,cc44f026c6c83078dcb8efca200a1aa7f8b0a4b9,markdown,2654,9c3de7a14f4de7b77734ad9831ed03e3272296cbdd3e092a4d78dd6ce13e3b24,975a24f0ee944f48caa7288efb896934e0586b9f
writeups,Proving Grounds Practice/Windows/Easy/HelpDesk.md,cc44f026c6c83078dcb8efca200a1aa7f8b0a4b9,markdown,2183,7a229c378b1c05a91a45e739423c6d959066b174872126dc16eba9dd837d1917,fa0b87f022c8b8ddb80372fc18cd306899cd8840
writeups,Proving Grounds Practice/Windows/Easy/Internal.md,cc44f026c6c83078dcb8efca200a1aa7f8b0a4b9,markdown,2211,68cf586749d832dfbc7026351f0aed79a29f444257241710a166e8261d4ecaed,007abe8df0922fc54ce02e99f9e3a80b72e2230e
writeups,Proving Grounds Practice/Windows/Easy/Kevin.md,cc44f026c6c83078dcb8efca200a1aa7f8b0a4b9,markdown,2023,0914256acb83ffa0f1167dbaba1a16920d21d702891403fed53ff5dc1837dbb5,589e8df2bf7118ca65e9f120fa328174a12333a8
writeups,Proving Grounds Practice/Windows/Easy/Squid.md,cc44f026c6c83078dcb8efca200a1aa7f8b0a4b9,markdown,2056,ad96d556643ec11880985f7d1191e6a693b57f5074b6d42b7437dde1d49f2c80,650ad886d4e26539e27118707a395f74e178e3ba
writeups,Proving Grounds Practice/Windows/Hard/Heist.md,cc44f026c6c83078dcb8efca200a1aa7f8b0a4b9,markdown,2152,fdb3ec0625e2957357f165e16d0d032818c2b88fbe35c2b39e8fa19e550a3e6b,72e123ca7f96a40ccb18db16bc77a999bb8f645d
writeups,Proving Grounds Practice/Windows/Hard/Vault.md,cc44f026c6c83078dcb8efca200a1aa7f8b0a4b9,markdown,944,5a05a362b382a9324d1e43befb06ce5af1840a80a63f4d576e4df01b53bb45c2,0a70af995e8b008632928cecef6f3b088e2a3105
writeups,Proving Grounds Practice/Windows/Intermediate/Access.md,cc44f026c6c83078dcb8efca200a1aa7f8b0a4b9,markdown,3713,a1da825af3343a0fa530d5767300ac2dbe08ff10024ecfbdba852a39838616b6,430871017477f89b1596540268142ca4e30b33a5
writeups,Proving Grounds Practice/Windows/Intermediate/AuthBy.md,cc44f026c6c83078dcb8efca200a1aa7f8b0a4b9,markdown,2924,6ba9a2409208fd89508fc7f83714848fe666e19fe59c8fb37f6b1574b63924ab,03697aef4012714aa910ab72327bca9b92bed0c6
writeups,Proving Grounds Practice/Windows/Intermediate/Billyboss.md,cc44f026c6c83078dcb8efca200a1aa7f8b0a4b9,markdown,842,0b642e7d01e35a2b554e8f2a43270548cbcc59c48787c990dfad97f00609120d,be5ba63b4068e574f06d9e8d806504ec039e4663
writeups,Proving Grounds Practice/Windows/Intermediate/DVR4.md,cc44f026c6c83078dcb8efca200a1aa7f8b0a4b9,markdown,634,4fbca471cef20c384d812527a0bf7a48f7686396bc9eccee5b4571f77cc491e4,ab1543ce0267edded60e3a14444e341fed084800
writeups,Proving Grounds Practice/Windows/Intermediate/Hutch.md,cc44f026c6c83078dcb8efca200a1aa7f8b0a4b9,markdown,2558,123bf7e8b13bd637a697e60376303f3782c960a53df6db5b42875985b108b6dd,5442cfea1cabea044789c8a35b553a2bb1076e9a
writeups,Proving Grounds Practice/Windows/Intermediate/Jacko.md,cc44f026c6c83078dcb8efca200a1aa7f8b0a4b9,markdown,420,0a4eb7dceada632d614617ff8a1177ddb9fbca1c63122be3ada8e06eb720d23c,8b9a13fd079407f560fc4e99c4b75251c56c68b1
writeups,Proving Grounds Practice/Windows/Intermediate/Kyoto.md,cc44f026c6c83078dcb8efca200a1aa7f8b0a4b9,markdown,2774,1d0f6f2d966b8e67a2b84c9e1640f035ba8aab3c8965a8f60b5d44af49a9e0d5,9f98dc30247d33428b424334361fd1a13e69ad7b
writeups,Proving Grounds Practice/Windows/Intermediate/Nara.md,cc44f026c6c83078dcb8efca200a1aa7f8b0a4b9,markdown,1673,11d45db27d002444f944ce25c41a0371c20dc9ed7154325f7acea72a942b4b90,379cc9b3b74e08ebac65dc84b3f9d9c0b86e9742
writeups,Proving Grounds Practice/Windows/Intermediate/Resourced.md,cc44f026c6c83078dcb8efca200a1aa7f8b0a4b9,markdown,69,a50b58e6f3d95ce1687557f6c0d6e5b35ad4c3383701eb7624f21af296861737,43a81649832f27eb495d7d8e22d92c85d2ac0c31
writeups,Proving Grounds Practice/Windows/WriteUps/Access.md,cc44f026c6c83078dcb8efca200a1aa7f8b0a4b9,markdown,19018,70e7e3fdbb03fd1026d3ceb02f77e1ec09313b7c62dc9a602158a1803cfbe831,adb4a571517323d4745a2dc0a93123c90014a9bd
writeups,Proving Grounds Practice/Windows/WriteUps/Algernon.md,cc44f026c6c83078dcb8efca200a1aa7f8b0a4b9,markdown,2565,4b500ffd4699a25edc85174240f0d9230d5b0fece5cef61d171cb5dad4070424,83bf5697d829edd2b8cb89157f90a60444fd26c9
writeups,Proving Grounds Practice/Windows/WriteUps/AuthBy.md,cc44f026c6c83078dcb8efca200a1aa7f8b0a4b9,markdown,16768,1cf0b20aa0da13e96917db20b4546ec36e294ab17e14e1be69ffced76a378348,fdfd5c50841e10fae83337a05e612ffa3356d0c5
writeups,Proving Grounds Practice/Windows/WriteUps/BillyBoss.md,cc44f026c6c83078dcb8efca200a1aa7f8b0a4b9,markdown,9538,a72797674212d4d536e0d7f4b4605e0a12207a349db5a1345e3504122cd25c36,0007225a9a1a3255a99556797df8d17d84528cb6
writeups,Proving Grounds Practice/Windows/WriteUps/DVR4.md,cc44f026c6c83078dcb8efca200a1aa7f8b0a4b9,markdown,22458,89f06a6062215cd4d07b69ff620e8c69a084904bd8e5dcaaa51073793c7a1fd6,6c257e2cbac9c5607d07c143ee9fa54b99e04db3
writeups,Proving Grounds Practice/Windows/WriteUps/Heist.md,cc44f026c6c83078dcb8efca200a1aa7f8b0a4b9,markdown,22302,2247bead8af1e8b7a6a7179166a5ca52bf88963703ef97faad909b0b9a547310,214a829104bef55e9b4d66777127edca235954b6
writeups,Proving Grounds Practice/Windows/WriteUps/HelpDesk.md,cc44f026c6c83078dcb8efca200a1aa7f8b0a4b9,markdown,17632,a0eb632e62092fd7903eaed03814af15ea13b7a31deedad93f45016eb4d65703,6d3b0a0353579ad96e2dcdc83a4fdc36d7b877f2
writeups,Proving Grounds Practice/Windows/WriteUps/Hutch.md,cc44f026c6c83078dcb8efca200a1aa7f8b0a4b9,markdown,12383,4bb7e37ecd78fb6b9ac748bc9867698b45d82be2556a54f6147aef633b8ba3cf,fb9915d0d7da713c01511102a10a26fdee6147eb
writeups,Proving Grounds Practice/Windows/WriteUps/Internal.md,cc44f026c6c83078dcb8efca200a1aa7f8b0a4b9,markdown,9169,faaa23ddfbcd0ca37ca07a5ac29536f73c455e1bd2241e07cc5471ecfab1fd9c,823273ecd1aa079bada990aed2f3371f429bec7d
writeups,Proving Grounds Practice/Windows/WriteUps/Jacko.md,cc44f026c6c83078dcb8efca200a1aa7f8b0a4b9,markdown,8577,01e1958c426d36f485549a3717d42ce67834feae489ef41cddfd307f331a1600,dbb1fac4931657786295d308c122efc9dbcce0b5
writeups,Proving Grounds Practice/Windows/WriteUps/Kevin.md,cc44f026c6c83078dcb8efca200a1aa7f8b0a4b9,markdown,15931,4d03eed637c2c175ad3bbdb4392eac82a547990ea1ce5c6b8b04e7b46ae4f459,9f23efa5d48dbb0153d0dd032a91cd56da407403
writeups,Proving Grounds Practice/Windows/WriteUps/Kyoto.md,cc44f026c6c83078dcb8efca200a1aa7f8b0a4b9,markdown,9807,3a2cc131e7e0553fb5da85c6c8932543bc7d58b035970ae48a9a3a1c18774d24,b6b65e8abfe0c1782bca9e7428c9c95cf2edacb4
writeups,Proving Grounds Practice/Windows/WriteUps/Nara.md,cc44f026c6c83078dcb8efca200a1aa7f8b0a4b9,markdown,8735,1cba5cc797da088be6294796243c21215f33031adf689b4ff3f81ae5e5885fd0,411884ef0fd63d12506d9ebc3ad533be5297e3ab
writeups,Proving Grounds Practice/Windows/WriteUps/Resourced.md,cc44f026c6c83078dcb8efca200a1aa7f8b0a4b9,markdown,18098,3e1789ebc5916c034dea9f9bb1985c2e455d46f1c9e3a51e9ff4e1bbda4deb50,07783360572d7bd19f46cd35c3e69d4f6ee0c742
writeups,Proving Grounds Practice/Windows/WriteUps/Squid.md,cc44f026c6c83078dcb8efca200a1aa7f8b0a4b9,markdown,11093,378b69810c58b7d032288d71523a6bb5859e68be6c78dfd36b93fc98f57fae76,9169112c08ea05648cf81090d78b3d56c2457be8
writeups,Proving Grounds Practice/Windows/WriteUps/Vault.md,cc44f026c6c83078dcb8efca200a1aa7f8b0a4b9,markdown,15037,8dcd11b6aa6b7b62931ed9e756a11c52eb587d3186fdbf0a312e37dc383ff66e,5eae6db4efa1dec6b95f62eacdf14babb6ccd4c0
writeups,README.md,cc44f026c6c83078dcb8efca200a1aa7f8b0a4b9,markdown,124,922195d2731491093f8431cfa830ee2780ec157ad4ad04017818c6f31fb5e77d,9b319a5e5a3345b24706216f5eab922afbafbc60
web,.obsidian/app.json,782698d7776ac77daa42e454383ee8b185a0be23,editor,59,670275d1f89a5b28afc9a4b5e2adc150da98992e2deef957d6d0e75398d9a2a6,6fc18a511fd325e9f03d9b9081aca85e992a0e88
web,.obsidian/appearance.json,782698d7776ac77daa42e454383ee8b185a0be23,editor,2,44136fa355b3678a1146ad16f7e8649e94fb4fc21fe77e8310c060f61caaff8a,9e26dfeeb6e641a33dae4961196235bdb965b21b
web,.obsidian/community-plugins.json,782698d7776ac77daa42e454383ee8b185a0be23,editor,20,92d757d7d7ee44ca48f1103236c7657d836dd098140114e37696856ae29d205a,d3f66fab1da471158f6098814a494693541c1085
web,.obsidian/core-plugins-migration.json,782698d7776ac77daa42e454383ee8b185a0be23,editor,637,04fd7f1cb1421b9739547eb9cb67fdf86838ce0c4305908a55393fe1e421fac9,436f43cf561e4d8645a8612ddb5b0dee97f2fcc5
web,.obsidian/core-plugins.json,782698d7776ac77daa42e454383ee8b185a0be23,editor,296,da91757152e3a1c2c61bdc3c3e3a1346a3fe4f3f1a5a299e5ac82c3b5a24a854,9405bfdc224d3e5dfe9fe6116a4fd2955ab10a72
web,.obsidian/graph.json,782698d7776ac77daa42e454383ee8b185a0be23,editor,493,89b1b8c279c3229a13509a0fad866ef90a7a70a6536f78d542e9c0960aec3d77,42a46ecafa5be07ad794ed16685f35e44f55ad29
web,.obsidian/plugins/obsidian-git/data.json,782698d7776ac77daa42e454383ee8b185a0be23,editor,1622,e368d9e63af7d1c6f1d78eeb565a4269ec2816f4f4a7210718cae8b97bc4ce99,1c642faf1ea15096acf123bffa6d2f8bc54958d9
web,.obsidian/plugins/obsidian-git/main.js,782698d7776ac77daa42e454383ee8b185a0be23,editor,1504073,e3b7fc92d985e2718151de28b4c01e03b355d511c57658467040828f382e3340,d0d2c09d35ffa73288b23fc4f01b44e67acc7117
web,.obsidian/plugins/obsidian-git/manifest.json,782698d7776ac77daa42e454383ee8b185a0be23,editor,325,08437989d58a5b22fe3ba55a699767d06c969c53aae5a6c536114ce125985cf5,3179c1e6f53c5d1094feb1aa00fc3bee3e7290ef
web,.obsidian/plugins/obsidian-git/styles.css,782698d7776ac77daa42e454383ee8b185a0be23,editor,13916,6acafe54d5485dcb3716da08b97c3a90a4dd7de575d38d82ee389c949ec37b11,d5ad0cc44f5a8c45e4f130ab1b7f03b9ca54f209
web,.obsidian/workspace.json,782698d7776ac77daa42e454383ee8b185a0be23,editor,7600,5b5ef8edb4e6060a9741db621aeba216f52d94a66356a27090de89906d5cfad2,1b146748d86e53b3a1d2ef102aa4ff14cc41a642
web,1 - Foothold/Authentication/Authentication.md,782698d7776ac77daa42e454383ee8b185a0be23,markdown,2212,d5f3f1f21bb9b333c62548ca10b6845830f416b0eec3d9d971505f8db441d50a,4a10244a9aad14d285394814cc58c19cf19b3a39
web,1 - Foothold/DOM-based vulnerabilities/DOM-XSS.md,782698d7776ac77daa42e454383ee8b185a0be23,markdown,1118,1df71dba3efdbeeb62e21ae248f25262db13f0f147cdc499b70ead5e08a8db99,1fdeed294d5a0ed406f94e3223cacf55dc4b3cff
web,1 - Foothold/HTTP Smuggling/Examples.md,782698d7776ac77daa42e454383ee8b185a0be23,markdown,160,81c63b753350c1b79921e6c6a46405309f78d25deaf842808a4ba52c4d508d95,2610cef9c05e079387465cec7f8c4893f0f6a6db
web,1 - Foothold/HTTP Smuggling/HTTP Smuggling.md,782698d7776ac77daa42e454383ee8b185a0be23,markdown,1139,9d04f52154d1cb850e95144227ca0abe428ba40272d5eeb978aaa77e078b7cd9,459abb06c983b46f1a2d152e43263ef069436a7b
web,1 - Foothold/HTTP Smuggling/Practitioner.md,782698d7776ac77daa42e454383ee8b185a0be23,markdown,2487,5454aa06def2ba7cc36a247c811b12fc77502cac419d614cd8e302d123d20923,49d9e248b60815619bd10b3d8ece96bc7be92e99
web,1 - Foothold/Host header/Apprentice.md,782698d7776ac77daa42e454383ee8b185a0be23,markdown,493,69209ba8fba3116611c66c313eb190322da0ec59a287080fdbbf5735a575a5b1,39fb8f08d6ea1704d58051e7f5d9d46f1382ba0b
web,1 - Foothold/Host header/Practitioner.md,782698d7776ac77daa42e454383ee8b185a0be23,markdown,784,1e980cf54a6930080e8937f00b032cf720398ef1556bbde60b510ca7a263e6bf,adefe336f207cfb186ffe21627fd986a23aa171d
web,1 - Foothold/Web cache poisoning/Web cache poisoning.md,782698d7776ac77daa42e454383ee8b185a0be23,markdown,4131,7c10038bff650be5ba2a7607b24bcee1d0adafd686c2d2c4860e782a2dfadd9f,d2c6d4b528e09ae3319e8796629893e3bbd1bde5
web,1 - Foothold/XSS/Apprentice.md,782698d7776ac77daa42e454383ee8b185a0be23,markdown,2120,703e2aa99c0ba0cc555ec9a709715476cbd3a91e46520e96476a54054f45e61e,b63102f24bc234f0fa80fb687c6d3ecc6308c611
web,1 - Foothold/XSS/Practitioner.md,782698d7776ac77daa42e454383ee8b185a0be23,markdown,3446,914927eaa7cf2143959a9af97752f03dddf8c537dd5eacf37751532be40cd2ab,3f52ef165b68dfae65631ce770ef8259b4b15b13
web,2 - Privilege Escalation/API Testing/API Testing.md,782698d7776ac77daa42e454383ee8b185a0be23,markdown,1139,aa3b78d39c202bb0dd09122e28e9251fe95705323f5a643a7a1f54a454f5ff71,cfa8ee453af4ed54f7d1199d194e3a5f9da5c629
web,2 - Privilege Escalation/Access Control/Access Control.md,782698d7776ac77daa42e454383ee8b185a0be23,markdown,587,98a21f119b00eb3a4deb5b26233371199ec5ce17623269c394190b9844d182f6,83b3e81d292ed5e28e4c7803c2940871c06a35e8
web,2 - Privilege Escalation/CSRF/Cross-site request forgery.md,782698d7776ac77daa42e454383ee8b185a0be23,markdown,1417,2e8362718597f15a6aafbc7447610d449f264ae4f2102a17f6c5fe57b2b2c28e,c4b92509d3a05a5533e1dedb9d4b4d9ae80854f5
web,2 - Privilege Escalation/GraphQL API/GraphQL API.md,782698d7776ac77daa42e454383ee8b185a0be23,markdown,5422,d197160d43668e0530061a3fc657c3aa9bda431249a9764ec43b51659e3e9eab,e333c2f801f156c5e05c4e152e86ce79c02a2007
web,2 - Privilege Escalation/Json Web Tokens/JWT.md,782698d7776ac77daa42e454383ee8b185a0be23,markdown,2211,a0d85a74d3024a075870983239321ec1fdbed409c08ee10626fea2ad63024685,61ef556106d0f4ab2f9149cc2e70ff37eaa59400
web,2 - Privilege Escalation/SQL-Injection/SQL Injection.md,782698d7776ac77daa42e454383ee8b185a0be23,markdown,1851,1b811d307c29b9bd159e056accb507cdd65a97509f72ec58c3ffdc06d5df24a9,69d11049430b9115a4313c4d8eb1d11500afe150
web,3 - Data Exfiltration/File Upload/File Upload.md,782698d7776ac77daa42e454383ee8b185a0be23,markdown,2418,a595a9888269bf111c009d9a2cd45c8fe82aeb6f9d494bfdd9ce40076dc3bd06,f17db84203f94a40b6060d2835a6c5f6bce8f5d7
web,3 - Data Exfiltration/OS Command Injection/OS Command Injection.md,782698d7776ac77daa42e454383ee8b185a0be23,markdown,1359,d8371f1d75a1a7e88d01752b6ab59fc9bfde475410b815a45ea64654a234700e,0c0e7e015f0c3f866c583bde8df0356a77714af6
web,3 - Data Exfiltration/Path Traversal/Path Traversal.md,782698d7776ac77daa42e454383ee8b185a0be23,markdown,1937,dab52f418f44fbbbf1b9e11979f7b2692f9c18876052a554927cda71c9581611,123fbecd4d1ad35cfbbf57e6833861abf828741a
web,Burp scanner.md,782698d7776ac77daa42e454383ee8b185a0be23,markdown,368,4386c29d1bc0a1c6299508450112e859d3829c3a074030bbc0d38826583e0f0d,7a41f481d7ce615d93ff2aba9512eb9631f7f074
web,CBBH/File Upload.md,782698d7776ac77daa42e454383ee8b185a0be23,markdown,2564,234bbd6d333dcadd9f401c4f890541f29abeafb063aa8f595a944adca8487ff2,84060141292392b4d137aae34ba2f66e75018d18
web,CBBH/SQL Injection.md,782698d7776ac77daa42e454383ee8b185a0be23,markdown,452,a6c62eadec8f71080a64baaaf0a93f5aaa74e953b26183ab918e59c580f7ad9e,835a807aa1add568e93f2907a7545d55839db5e6
web,Imgs/Pasted image 20240802065951.png,782698d7776ac77daa42e454383ee8b185a0be23,image,52369,0c629eaaf2fc4b69254220a9d9a5bafe3bfd0300d95e39476d30ac2a7f6c3a83,9cf8eca442ee6cd26b36ec5827bdcd742ea352ae
web,Imgs/Pasted image 20240803072009.png,782698d7776ac77daa42e454383ee8b185a0be23,image,8100,7e1722397006a38688d038469ee1f36a7c963f3d257c5322492ee4b0360b39f1,a9595308c7e46d1b5a1f25b3178444392e4564c3
web,Imgs/Pasted image 20240803072133.png,782698d7776ac77daa42e454383ee8b185a0be23,image,6360,9ca7f6d1f1b0c8758c24c55ef2c9cc7532738bd3c86f9f39ec99b78d01ffed92,c5f31fc15af5ad3505aa40a152b7c92ee3494bc2
web,Imgs/Pasted image 20240803074347.png,782698d7776ac77daa42e454383ee8b185a0be23,image,14600,6b59cb9f7af8784aa57e92ac8c35d8a318d5b99b6d06cd160140cd23f4874d92,cf9a3e81bc12fe93b1cde0859759cc18d21d24d4
web,Imgs/Pasted image 20240804160039.png,782698d7776ac77daa42e454383ee8b185a0be23,image,9442,c054721d8841606e2f03f7b63b15464f086f4de5d36dda8b795bb84e93a36562,c55c22ae1c453fbcc9a9d4a5d41b9b68c22a746d
web,Imgs/Pasted image 20240804160323.png,782698d7776ac77daa42e454383ee8b185a0be23,image,6400,2b99986d9fb5a09371227de89488159a503bb5f9c177e4ed6ef16ae5ee26076f,e0c7669e339b550bfb0067fd8546d0accf156081
web,Imgs/Pasted image 20240804160512.png,782698d7776ac77daa42e454383ee8b185a0be23,image,10584,755cf26c3759fcbf4c7584c035b7230d4cf8054f2d3386561fa86d1e4fc38321,1c9ca0852aa12ba76b3eafc8cd6e4e639e43e38a
web,Imgs/Pasted image 20240804162601.png,782698d7776ac77daa42e454383ee8b185a0be23,image,7729,59820c22dca8c78af06a00a089a8db4545f8ec68f4b31a36234e44bffa1cdbc5,3600e18a348572237c3989a3c81dc7fe6077d003
web,Imgs/Pasted image 20240806115813.png,782698d7776ac77daa42e454383ee8b185a0be23,image,67953,de144e352e08bc8f2aee2a8da3fc9014ec512a7ebd5bea0debed8f33ce316388,9f5676da9448dc1a7af82e0ade5a1bf3b9c3de98
web,Imgs/Pasted image 20240806120249.png,782698d7776ac77daa42e454383ee8b185a0be23,image,12514,88b6a65533679760a1be6557e14beb3bc538fa72b31c311ac1611919be0f6918,6ed02f560e402c8f8dff13dee914bf6354c55718
web,Imgs/Pasted image 20240807114732.png,782698d7776ac77daa42e454383ee8b185a0be23,image,3781,7e380f991e2a6f9f1aec934dcd60c4fe44d7d84e312ced71da77e1d66a14c590,1cd4b6f79ae03b6f047e8c7ef00ec278f1e1b0a6
web,Imgs/Pasted image 20240807120853.png,782698d7776ac77daa42e454383ee8b185a0be23,image,22292,99667a903f3ddd82ec46cd7ffff3115812decb4b89e186e1b31d9ef63b63e83d,4e5cf0386fed9ca33123203a4a259dea6f62320b
web,Imgs/Pasted image 20240808045534.png,782698d7776ac77daa42e454383ee8b185a0be23,image,9683,4d5205f4bbe60d821d91e355e9c4b2dce2e40f334cf84b4651b74442e87e138b,8be35aea61d7fc77741381fc29c7ff6cc6795ff1
web,Imgs/Pasted image 20240808103007.png,782698d7776ac77daa42e454383ee8b185a0be23,image,207298,d3bfee95fe405d3e9eba8bcce034614c54a3a4d11b2a2a87443dd081c1044cbd,1c09924f41a51823fcd34e5489cbb2e7422fab61
web,Imgs/Pasted image 20240808103015.png,782698d7776ac77daa42e454383ee8b185a0be23,image,196228,b9672deb6cf9b0593029f66201e026700b531e377aecf839a4ecdf4536195e98,257c730581666de89004f8b329cf62569eb300f6
web,Imgs/Pasted image 20240808105803.png,782698d7776ac77daa42e454383ee8b185a0be23,image,33922,0b0fa06c9ffe0b80b1aa89433de9b61f8f36ad01c7b329b12b86a2a31a43724c,3549f6bab5c8407f3248d3e9bde05bb8abc14732
web,Imgs/Pasted image 20240808112148.png,782698d7776ac77daa42e454383ee8b185a0be23,image,51527,df69f46e8b90d1236b8bd0fa12cb2f3478abcb3c8d1b3fe693f4832afe3d14d2,4b2b423db216eb287667b65f4849199128ecc76c
web,Imgs/Pasted image 20240808152709.png,782698d7776ac77daa42e454383ee8b185a0be23,image,79635,c216002aee7c45607fdf39a919b9f9b5a2974642e2c5ac3605be51a69d390f8d,f7a778689c4d8eb045966fc6d916839053d6c4ca
web,Imgs/Pasted image 20240808152936.png,782698d7776ac77daa42e454383ee8b185a0be23,image,5714,7857964fb632f1725b9c8b4da40ed8b8db8cbcb04210795156037beafc8434c8,16e36434aa98113a696dacdd6663133e5ef34d1f
web,Imgs/Pasted image 20240809035334.png,782698d7776ac77daa42e454383ee8b185a0be23,image,63987,6932a08a7a8844e06a77b17812dc902c887fb90d5dd1e3db6cb9fa2a554398d5,90c043083e351946dcbab7097bc65db42c0ae5b6
web,Imgs/Pasted image 20240809035608.png,782698d7776ac77daa42e454383ee8b185a0be23,image,67525,782757a67ed7dc41e5ed6e7a53c180534b29b73832fb2aa4c678be1be4671e70,41d12b74eb8210e878f5f70a0fa57fff4749aea5
web,Imgs/Pasted image 20240809114403.png,782698d7776ac77daa42e454383ee8b185a0be23,image,39518,295268760526448ebe5bbedf887bf36e1a1e4c29f7115281cc376353d034fd0e,59160ef898dc240fc05eb8024bd6f9921eb0192e
web,Imgs/Pasted image 20240812072707.png,782698d7776ac77daa42e454383ee8b185a0be23,image,49645,f24e0bc3ba980172d3049ed5e620df4ef2bd62d674682fba5757a7e1b9705b65,9a2470fce893f68ede872f3de6ec9dc7992c4d81
web,Imgs/Pasted image 20240812073926.png,782698d7776ac77daa42e454383ee8b185a0be23,image,81685,f35ab0d78935f65c600efd01a38ce926d37068b569c291d169bc3ef608e92db4,b5899ceb7d72440294fdf0621fb111264aa68553
web,Imgs/Pasted image 20240812075430.png,782698d7776ac77daa42e454383ee8b185a0be23,image,66939,90c7a03d72034ec844322edff309f6dddf23397f731d3ea4c73962070d38ca13,15e92efcf94aaa893603f99eb4b44ca8b5b612aa
web,Imgs/Pasted image 20240813044414.png,782698d7776ac77daa42e454383ee8b185a0be23,image,63952,d29f73547ffc89aecf9adf11bd8e1a554cde87242b686be07864e94c578fd152,38e9526bc391dee8dd9f1d55b3cd2afc86629a5c
web,Imgs/Pasted image 20240813044439.png,782698d7776ac77daa42e454383ee8b185a0be23,image,22921,cdbba7d03790dee4310d0cb1fb8c40261a143e721f79c291a6ef2745eeafa4e8,0ee4b88726a88c189a5d37e4c1cf8db10693bf2c
web,Imgs/Pasted image 20240814045000.png,782698d7776ac77daa42e454383ee8b185a0be23,image,55703,9c4de563a165c9be74212edd6c08838e9ebee4d717795cd7033a60bbe4996c32,08e76e31ffaaaf0f5d738aed33e43411381858bf
web,Imgs/Pasted image 20240814045428.png,782698d7776ac77daa42e454383ee8b185a0be23,image,70269,66ba6b6bb61b6e5f1308aed08c036003d470a34e11e7dfe014ba8e8800127a3d,8ec7ffb334b968b1ee43c3635c8446e13387d97d
web,Imgs/Pasted image 20240814050832.png,782698d7776ac77daa42e454383ee8b185a0be23,image,9929,d90e98e70372602f59afbac41e4e0f7296c852041f0e8c8a40f83bdc4104267e,6783c534110da1049311441a55a9272645ae1b85
web,Imgs/Pasted image 20240814051104.png,782698d7776ac77daa42e454383ee8b185a0be23,image,40732,8e2abdb8a204231e6c2de8cd98c3df8c166a541ec2c73f5e1c0a083dbce07fd3,30b44f381ca079b80666cd7626fb1efdef34ea2a
web,Imgs/Pasted image 20240814051923.png,782698d7776ac77daa42e454383ee8b185a0be23,image,76323,ad42894891d234368128a17ca2c8120b5c04b40a2556865390b7c48ac2028247,5cb73535e5b4862bf9f95b8551db086644ffc6a6
web,Imgs/Pasted image 20240814054242.png,782698d7776ac77daa42e454383ee8b185a0be23,image,7524,23647692276024ed69aa88f097c0f043c433a997e428f6ed000873a73afbfcce,b4e06352d6656e4ec2ad25d78031ef8afd1cd9ef
web,Imgs/Pasted image 20240814132824.png,782698d7776ac77daa42e454383ee8b185a0be23,image,116260,61efcf4b0b93cef6e39cb259da61ed82e687e3b74907d242f3ac5d41d880d1c7,537da178c4f99cf0005ad382b642acdd274b257c
web,Imgs/Pasted image 20240814132925.png,782698d7776ac77daa42e454383ee8b185a0be23,image,20131,7f81d3b844cdb9de3f52a8c1bd3833f4fff55425ec7a8919ae527652e1a1683a,8e4aa2d889fab6ac1bbd3de85db4eab61b28d24c
web,Imgs/Pasted image 20240815043936.png,782698d7776ac77daa42e454383ee8b185a0be23,image,48206,bf2ec69b02af1828cb34c720c0fa41bb6df529cc4e559eac7a124817b05bc390,76349407c8308675ac8af00eb820efb1386007e3
web,Imgs/Pasted image 20240815060930.png,782698d7776ac77daa42e454383ee8b185a0be23,image,13281,9429dbf82eadce0e74ecd0cb81242b75af816d36e36718f2022df03dacaebdc8,d037ade7b01fd990305230c251591147fe6dfde2
web,Imgs/Pasted image 20240815063631.png,782698d7776ac77daa42e454383ee8b185a0be23,image,37058,3049f17f4f2b7fc9a4ac61ce6bc887456ed53b38d8f2ac93086fc5aedb06a8c3,914868981b3eaf623ddd237ecb92047ad5c5fae9
web,Imgs/Pasted image 20240815101327.png,782698d7776ac77daa42e454383ee8b185a0be23,image,281788,1c5ae6d03d035c6edcd3245adf906f7b42965f87bf1c61041ea6c3ed3358dc73,f49434ce432e094ec49fede006725cc465934527
web,Imgs/Pasted image 20240815101442.png,782698d7776ac77daa42e454383ee8b185a0be23,image,271880,191d4f7091bd622e497adfd1bb39cf53a4d90e66e44f65f5557cc87b88f1d614,e09884dd731e1a84dc0119db690ea1bfeb45caa7
web,Imgs/Pasted image 20240815101531.png,782698d7776ac77daa42e454383ee8b185a0be23,image,169571,dc6caa8b15acbdd33fc3329261724067ffe0b299abe8678767553b6168301a77,2d601ce2f9f82bb972c0f97281d48b41275d7236
web,Imgs/Pasted image 20240815102523.png,782698d7776ac77daa42e454383ee8b185a0be23,image,82500,adc0ad3fed82902656605ac7f7dbc4cd21d6394a817c8c08df130d12990125d6,53e10ee87d34b23c7d742db8ea0a59a2f21502a8
web,Imgs/Pasted image 20240815110132.png,782698d7776ac77daa42e454383ee8b185a0be23,image,28824,29baab73d3d4a9cfdecc613d9202eca7030b0826d0beeb486c6672feb2dbb8c6,a114ea9e872d6f537fbe7136aa7d77bd6ff95f8c
web,Imgs/Pasted image 20240815110239.png,782698d7776ac77daa42e454383ee8b185a0be23,image,10816,51225af1e8b2dadbeb29e031414f55705bedbd0e9ce957e64612f057f3c909a8,a587c03e17008f3def6597d50337cb25c5ee0450
web,Imgs/Pasted image 20240815110330.png,782698d7776ac77daa42e454383ee8b185a0be23,image,12139,586394cea347cac6e3d81ad28926077e251a1fab7205941bdd7c36a1d01e008b,57fa559eb4bd09a575657168baf5f888ccf23550
web,Imgs/Pasted image 20240815113502.png,782698d7776ac77daa42e454383ee8b185a0be23,image,110290,8e57f527769b350cde9c9ec6b4c55aa9dff81f8bd21572a5fc17969c1eec043c,6a24feea0abcc8b993b8a71c757e37c68083dc42
web,Imgs/Pasted image 20240815125835.png,782698d7776ac77daa42e454383ee8b185a0be23,image,17359,a42c322b75c33dc72d9d6381ad7d99fb6df0d244080fc2bd09fc32f1f1ac3670,4197b3f3d94f380ebdb164e6313c09e760fdee67
web,Imgs/Pasted image 20240815125933.png,782698d7776ac77daa42e454383ee8b185a0be23,image,19096,923190266e0b73e13625bccc7b431b247f3ff2edde878577a5e7f4ae956d664f,b979aa50def41b7fdb1cdcb800ed0d8b126a6508
web,Imgs/Pasted image 20240815130017.png,782698d7776ac77daa42e454383ee8b185a0be23,image,27528,6ec158edd79c43d5c08e265c98e43fff545bac9034bf9d766aa1ef83410606e4,20a37364999bfa13a3673d07d47248222f510f53
web,Imgs/Pasted image 20240815130100.png,782698d7776ac77daa42e454383ee8b185a0be23,image,61544,51219ad6121050ab0a53e0ee96b19e03135854f9831908e44ffd98d531ed1560,800a2c6153c961687bcb14c4e4b8461b9230b608
web,Imgs/Pasted image 20240815131026.png,782698d7776ac77daa42e454383ee8b185a0be23,image,21155,8657a4cae32f76a3a6587d6ae740e3ee97a97045cf912e675e3a7ff1e2a54542,dc6c8fe8041621cad6d92361229059d4d3ffb513
web,Imgs/Pasted image 20240815133129.png,782698d7776ac77daa42e454383ee8b185a0be23,image,68163,c5bbfc32cf1c05704e08947b7ac2844983326389fa73342836735d7dd2b13ef5,8df23ac0ce29fb8e8f61a6c263abbae216bb08af
web,Imgs/Pasted image 20240815133321.png,782698d7776ac77daa42e454383ee8b185a0be23,image,10848,a661c0ca3ebd1a071dd45788beeb7774095342d85f854b3e039e333c560533ad,721da596cc7f635b44dce4922f5821ee2f0e6cab
web,Imgs/Pasted image 20240816042904.png,782698d7776ac77daa42e454383ee8b185a0be23,image,35362,2065c2d94f688bc7de21b3957bf9d308e96199300d43576409b9250595f4b1b4,2629c41c98578d2c7391b8c69a29953706daf8ee
web,Imgs/Pasted image 20240816042916.png,782698d7776ac77daa42e454383ee8b185a0be23,image,18815,a294fd9a510cfcf095091ffd115abc7ee37527b235bbbca9d02b19dec81cef0b,f47bc5a4b418e68b27a73ef7ace48a0fd1ea0793
web,Imgs/Pasted image 20240816042931.png,782698d7776ac77daa42e454383ee8b185a0be23,image,16765,a5c0ed01dd735f5aca241bbaf74a38afce718076d299fffafe1f37f1eaa2d73f,a8b16e90e840cff87a1fde0d3234de1b91157c00
web,Imgs/Pasted image 20240816045156.png,782698d7776ac77daa42e454383ee8b185a0be23,image,31761,f79b87e9ac179cbdb7c0041fc99d847c158bd155404b4f449c169fe79cb26e33,200e7dfe4ade6aff6a2b74136e2a0b3fa057b3d2
web,Imgs/Pasted image 20240817051727.png,782698d7776ac77daa42e454383ee8b185a0be23,image,60189,4ef3b89dc06fb7e4ca0f5abc801632814c9973ca047f6527115c23e4faee36b2,062c77ebd0ff02fc1a729a5f98a2d0d57ca8d90f
web,Imgs/Pasted image 20240817070314.png,782698d7776ac77daa42e454383ee8b185a0be23,image,54122,fe91d886649e036e094e957b1fee64fb8edb6c27bf5568107202ca80c5c898c0,565f0c9782ca910b2006c2099765a543425bdfbf
web,Imgs/Pasted image 20240819055145.png,782698d7776ac77daa42e454383ee8b185a0be23,image,9201,e5afcef61fdd7818e12f8bcb2f4fa6da965d627fb30fe84ca19b363e169968ff,e6a8f095bfb13f27b1a2912bcd1c17e37b63b27d
web,Imgs/Pasted image 20240819060645.png,782698d7776ac77daa42e454383ee8b185a0be23,image,8816,9d26be365e159c275393e66c2b4e8c18a910647c3530ec35e7fd697a9bd6fd49,84d78b9cd6faedcd0863e9e4426cfbad5dfa3728
web,Imgs/Pasted image 20240819074802.png,782698d7776ac77daa42e454383ee8b185a0be23,image,37068,1d81e880a21f52e7ea488d2de9373ccf97a1667c79cceb10d9a5c56be3caa49e,5ab2342431581afe3f53f0d71bfa55fffae5d26d
web,Imgs/Pasted image 20240820125617.png,782698d7776ac77daa42e454383ee8b185a0be23,image,13190,13f1b6f3e19cc273336511ce1b48d8961afde9cd50ad9cc90ce60710c73bfb40,f7bc13fb7d5a9a39e68fe4fac85eadbc5bad1250
web,Imgs/Pasted image 20240820125651.png,782698d7776ac77daa42e454383ee8b185a0be23,image,66605,a2a5265d62710f00e06f50fd1f177e78e5f29624408ea7775c79570d16520be4,10d156d0ef2fd2de9c39b9381e2c158ae2b7ef60
web,Imgs/Pasted image 20240821042000.png,782698d7776ac77daa42e454383ee8b185a0be23,image,10072,ac9ecffd3b264c1fd06e9faf862e01e4d737dfc0b8b4ed4bbde6f19eca55f78f,2f920450894c4107f204140348a48260bdedf48b
web,Imgs/Pasted image 20240821043248.png,782698d7776ac77daa42e454383ee8b185a0be23,image,60747,d269f5dbb144dddc12829a0ea1c9dbd982e33d44e63ef994956cfcc3d449a823,d54d82169537ea7ef8dc1bac3082bd8619c8ba68
web,Imgs/Pasted image 20240821043325.png,782698d7776ac77daa42e454383ee8b185a0be23,image,20100,33d3b549e596d7325419d5f2d7a9ed3d5df34cdc1e83a68e81998533e703f0be,1326ff4ae2a1aa47caf7e01643e12c97aa1f3eec
web,Imgs/Pasted image 20240829123137.png,782698d7776ac77daa42e454383ee8b185a0be23,image,15808,0871c5bc12f7405bc51da24881a9a03029ecd929f5afad8942515bdc93c71b58,be47519cbb33bd3ac2af4e1b48e0c623d4c3fa44
web,Imgs/Pasted image 20240830065444.png,782698d7776ac77daa42e454383ee8b185a0be23,image,65899,2da9fe9deddb22084b6ae6070b1ce44eb728b1342b6b6054f89f5ca0aad75a53,48048fabde6f49533bd775f33cacd1ed73694349
web,Imgs/Pasted image 20240830070502.png,782698d7776ac77daa42e454383ee8b185a0be23,image,70052,d5750ce62d6b671885e4dd380da5e0794632243ccc107c351d7c8efa0b5a10f5,cd7b127aca35f7340f9131a2dd488413f2bec2f6
web,Imgs/Pasted image 20240904071816.png,782698d7776ac77daa42e454383ee8b185a0be23,image,36203,cc6a0a0cc3de91a22fa404bdba323a8b599836312d2436d824db372e079ac6b1,8bbf1f4c4e85207364770fa6ce7d95cce79aa812
web,Imgs/Pasted image 20240910070802.png,782698d7776ac77daa42e454383ee8b185a0be23,image,13699,00b7076f9ed2a2a568c1dbb4a9c226deabd06dccae289c8874ab91e3cf2c580f,fe9801e77fd19436983bda97995bc73c165d3851
web,Imgs/Pasted image 20240910071753.png,782698d7776ac77daa42e454383ee8b185a0be23,image,37000,302adcc2c0d8cf2ef6a182747d61306e2285e8ba93ecd922aeb71cec205bb158,c67c838fe2bf5bdb8dc67e61d354e1e96e985e24
web,Imgs/Pasted image 20240910111754.png,782698d7776ac77daa42e454383ee8b185a0be23,image,30882,ebf4e18c7428e12bef04e97cd0329882039eca95df0f62cdcf5d427ac626fc17,7359cc3f07657d4ad5b43852f4aedd68b17ca4f0
web,Imgs/Pasted image 20240911045910.png,782698d7776ac77daa42e454383ee8b185a0be23,image,22123,8a6df6a18ffddf45fba810d460797ee3abdfbafe3d578f7afb604d76a5e05b5e,d965e1562ed4e1282ef0d7b0dd44a6d4f21c005e
web,Imgs/Pasted image 20240911123945.png,782698d7776ac77daa42e454383ee8b185a0be23,image,24842,f5da6429bcdf2ea289e759e211d3472657ec11d1cbe133557e261f07540516ed,3002dc621acfcc69b65c49820a19ccf52b10190f
web,Imgs/Pasted image 20240911131800.png,782698d7776ac77daa42e454383ee8b185a0be23,image,43053,7e6d7e921efdd57cab0d151e16f20f6346d009e311f18264bd2c232a262acd7d,225a68599b139d22da204ac4e9ab1c776d150d23
web,Imgs/Pasted image 20240912095009.png,782698d7776ac77daa42e454383ee8b185a0be23,image,16973,cfcbf4eaf0f7368030e5e2d91e563cf139a63939afaacf1a9dd0d11c1128f4a7,5e6d4fa55fd3be7a5a1a7892b19c754d4b98d841
web,Imgs/Pasted image 20240913053720.png,782698d7776ac77daa42e454383ee8b185a0be23,image,6521,0e541fac4c99ed4bcb0d7b21c889226f577b5b823ca1f77caa5e5cb722a01f55,cd964b2628a8e389881877a326c4a81845a01345
web,Imgs/Pasted image 20240913070105.png,782698d7776ac77daa42e454383ee8b185a0be23,image,6233,791288b62cf4831d754e0ce9e4ec27ff85fc965becc2a17ee6fc784ac427179c,ac0bf6b8a1df493cdaa6bbdaaf20e0adcc87bba6
web,Imgs/Pasted image 20240913071725.png,782698d7776ac77daa42e454383ee8b185a0be23,image,4938,5193e8d8bc327aeffd21f67b51796071489725c63eb31f246cfb29fbd4a0ae8e,53410dfde12e599bfd0116db2aacf33618b5eb9a
web,Imgs/Pasted image 20240918044930.png,782698d7776ac77daa42e454383ee8b185a0be23,image,27549,0949d08b67a9de039a81a3d17cf9e6c83e8a060e56472462e1f2997edebb927f,515fc6742fea5a3d67bc0fae1e5289b31b1e35b4
