source_repo,source_path,bytes,source_sha256,status,destinations,ocr_status,review_types
CBBH,images/Pasted image 20240920054847.png,48810,ab6f3f70ef39ad102b84707c42c2586f3975fedba053c2e8af450a44f4014037,image-held-review,"[""Resources/Audit/media.csv""]",ocr-ok,email
CBBH,images/Pasted image 20240920054915.png,174353,54abc105470d48054a12f1ae0d122b061ef3a4249f0080610a9004fb4a8ee44e,image-preserved,"[""assets/images/54abc105470d48054a12.png""]",ocr-ok,
CBBH,images/Pasted image 20240920055622.png,226584,b3222d6c7c223b3b64a6cb1d4d3247c741d5a6bcaa01baa26f95300e5d6818f2,image-preserved,"[""assets/images/b3222d6c7c223b3b64a6.png""]",ocr-ok,
CBBH,images/Pasted image 20240920060131.png,205182,d8c2232a0dab2bbee571a32347b40ec62498a7f9695f5d1def15bda52238cf1e,image-preserved,"[""assets/images/d8c2232a0dab2bbee571.png""]",ocr-ok,
CBBH,images/Pasted image 20240920060145.png,266897,f7d2816f11b12c3927d34a10d6fbe921cc4b92a6113b00426d485c812f7bde8a,image-preserved,"[""assets/images/f7d2816f11b12c3927d3.png""]",ocr-ok,
CBBH,images/Pasted image 20240924131509.png,581415,2689b26d92b361f5bd54919fc2e57185700db2ceb55f5885526c532d39f2797a,image-preserved,"[""assets/images/2689b26d92b361f5bd54.png""]",ocr-ok,
CBBH,images/Pasted image 20240924131804.png,287567,2af682ab7f9525484eecd37be9e932e1e4fe0f51b96b1720db8181693154647a,image-preserved,"[""assets/images/2af682ab7f9525484eec.png""]",ocr-ok,
CBBH,images/Pasted image 20240924131818.png,258387,f91d2705b6a6c3e3c337a1f2a3c6831b994473f53f9f56ac6d71b25fc7cb6097,image-preserved,"[""assets/images/f91d2705b6a6c3e3c337.png""]",ocr-ok,
CBBH,images/Pasted image 20240924131845.png,536419,ad85fe4e1a491a84d5efbae0c6fc6bafb3dca30905657ab87bb25fd7ed43a155,image-preserved,"[""assets/images/ad85fe4e1a491a84d5ef.png""]",ocr-ok,
CBBH,images/Pasted image 20240924131859.png,700413,aba7feac227df69a9f805612461708c01ff35f8d5e53b9f462a37de187b9d56c,image-preserved,"[""assets/images/aba7feac227df69a9f80.png""]",ocr-ok,
CBBH,images/Pasted image 20240924132322.png,255355,6138317a2515eea2e834ca580a84d075f4147f36843331446d38c90407123b6e,image-preserved,"[""assets/images/6138317a2515eea2e834.png""]",ocr-ok,
CBBH,images/Pasted image 20240924132345.png,497205,b1d637dc2d16416dbbf233ebd626a5342ce3d656c8e9b3bd1b7d00364d29cb8b,image-preserved,"[""assets/images/b1d637dc2d16416dbbf2.png""]",ocr-ok,
CBBH,images/Pasted image 20240924165759.png,497205,b1d637dc2d16416dbbf233ebd626a5342ce3d656c8e9b3bd1b7d00364d29cb8b,image-preserved,"[""assets/images/b1d637dc2d16416dbbf2.png""]",ocr-ok,
CBBH,images/Pasted image 20240924170017.png,595932,945c5f714eed51ef0c2d9a2e736966c6705a8d253b7a6f0fa6d0a5639c68a464,image-preserved,"[""assets/images/945c5f714eed51ef0c2d.png""]",ocr-ok,
CBBH,images/Pasted image 20240924170151.png,167708,b21d09453981bfb3567478058bb7c5e2bc4e25eb5f5e6d409cdb90d2496a2682,image-preserved,"[""assets/images/b21d09453981bfb35674.png""]",ocr-ok,
CBBH,images/Pasted image 20240924170234.png,178456,10f6d16fbdf070bcd18e160658c768db751b65d971c9483b95e0ee4044f6c807,image-preserved,"[""assets/images/10f6d16fbdf070bcd18e.png""]",ocr-ok,
CBBH,images/Pasted image 20240925124701.png,39400,a5c5195bc4a2689735b0b76d5abc2194b847113be75e3f95237ab76715d410aa,image-preserved,"[""assets/images/a5c5195bc4a2689735b0.png""]",ocr-ok,
CBBH,images/Pasted image 20240925130423.png,43520,2a21ff8385c06c3f945d6657af1e54d143b3863e6322b41afccd209d9046e284,image-preserved,"[""assets/images/2a21ff8385c06c3f945d.png""]",ocr-ok,
CBBH,images/Pasted image 20240925130620.png,30259,474c2d1a61bdad6e6f53c234db0954d89eadacc2e5f123c2cc42bd1a56a9783f,image-preserved,"[""assets/images/474c2d1a61bdad6e6f53.png""]",ocr-ok,
CBBH,images/Pasted image 20240925131852.png,37514,4120d27aa247e82052db4840e7fc5a3a98876f843e2d557496a7f759ab82f3f7,image-preserved,"[""assets/images/4120d27aa247e82052db.png""]",ocr-ok,
CBBH,images/Pasted image 20240925131902.png,21648,12f45af034746b70805a0514174fcb6f2952658f5ebb6ff0eba7cc8dae7243df,image-preserved,"[""assets/images/12f45af034746b70805a.png""]",ocr-ok,
CBBH,images/Pasted image 20240925131922.png,32735,ba241363692c79abe8d8d1b6e28a6ba47b02cabd529143eb648a02b04ad97964,image-preserved,"[""assets/images/ba241363692c79abe8d8.png""]",ocr-ok,
CBBH,images/Pasted image 20240925132514.png,75721,8deaad5a467e6eb6e7164233e6f0a0f7ab3590718bfc2176228493a34c5248e7,image-preserved,"[""assets/images/8deaad5a467e6eb6e716.png""]",ocr-ok,
CBBH,images/Pasted image 20240925132609.png,20350,e09eba719b1c703e1e1cc06886e83a362a3c1b3ca242c61e1e95c7536e48574f,image-preserved,"[""assets/images/e09eba719b1c703e1e1c.png""]",ocr-ok,
CBBH,images/Pasted image 20240925133254.png,71228,44c9b47ff2a4fc8a997ac7a6d89b655bced38a886d327e6c694a0d550c823cb7,image-preserved,"[""assets/images/44c9b47ff2a4fc8a997a.png""]",ocr-ok,
CBBH,images/Pasted image 20240925134531.png,17682,de3a89a47aafd9efeff7608a5031aee7744de239a548e9a42241f0c13b61d52e,image-preserved,"[""assets/images/de3a89a47aafd9efeff7.png""]",ocr-ok,
CBBH,images/Pasted image 20240925134739.png,28679,2be7c4eaf0acad40a961b3fc2cb0fed978feffbdcb624a1576aee8128f4061fd,image-preserved,"[""assets/images/2be7c4eaf0acad40a961.png""]",ocr-ok,
CBBH,images/Pasted image 20240925135308.png,17730,eeba10adea238e6e68400e32b1a0eb2087607c934a654893ad0a325026371b3e,image-preserved,"[""assets/images/eeba10adea238e6e6840.png""]",ocr-ok,
CBBH,images/Pasted image 20240925140558.png,40638,535ff2fd20b3a0a9e11a99c04dc4e63a2002a13db2da824e5b26b324d8cc25f6,image-preserved,"[""assets/images/535ff2fd20b3a0a9e11a.png""]",ocr-ok,
CBBH,images/Pasted image 20240925141625.png,38567,4e733f6af07fe5ed1056a5275653913a0cc0e06ddec0d075cf5e668b08dcca7f,image-preserved,"[""assets/images/4e733f6af07fe5ed1056.png""]",ocr-ok,
CBBH,images/Pasted image 20240925141911.png,51145,293b5f2b2f753b7dbdb02c5932d71417bdcbb2ca0dfd3826756cac1a0ad6a2df,image-preserved,"[""assets/images/293b5f2b2f753b7dbdb0.png""]",ocr-ok,
CBBH,images/Pasted image 20240925174335.png,64210,846ee674cc85c462530e3eb2ece147ef404d7c105b9c2ad3f27d96ee663270f8,image-held-review,"[""Resources/Audit/media.csv""]",ocr-ok,email
CBBH,images/Pasted image 20240925174605.png,25495,3247ffa40fccb83631ad2c85b3d40b5ed6b035fc482e313c68c8143b1e7b32f9,image-preserved,"[""assets/images/3247ffa40fccb83631ad.png""]",ocr-ok,
CBBH,images/Pasted image 20240925175627.png,10133,8d5b8c5439a2254ae1d19e09679c09ebaf500f8b261f8394619a2e2e9ceca79f,image-preserved,"[""assets/images/8d5b8c5439a2254ae1d1.png""]",ocr-ok,
CBBH,images/Pasted image 20240925180027.png,82435,3c2c0112c419940b7c664e86df5cff0276245987332eae5c0406bc7ae47a161f,image-preserved,"[""assets/images/3c2c0112c419940b7c66.png""]",ocr-ok,
CBBH,images/Pasted image 20240925180140.png,66983,5c040e685b83626b4a25fc7f1a552a4530bf8b7454fc2a097a274ac886e206c7,image-preserved,"[""assets/images/5c040e685b83626b4a25.png""]",ocr-ok,
CBBH,images/Pasted image 20240925184319.png,155516,1ee2ce45a19d9bc76d63d0ef5218660a81078ef309c8e6d06c75eb7eaee1e7db,image-preserved,"[""assets/images/1ee2ce45a19d9bc76d63.png""]",ocr-ok,
CBBH,images/Pasted image 20240925184531.png,8091,1d4565b23d71295d5906cfdf77a86a618e11238beac2ba102743fd8f829768f4,image-preserved,"[""assets/images/1d4565b23d71295d5906.png""]",ocr-ok,
CBBH,images/Pasted image 20240925184612.png,6508,8b81ede9662f2d2aad97a4fa5ae7663bcca07cdc8a4f89299ee2c12d1be65855,image-preserved,"[""assets/images/8b81ede9662f2d2aad97.png""]",ocr-ok,
CBBH,images/Pasted image 20240926135013.png,60272,61b41523483cfb9e7d8a1e8b1dcd0b99a3316736c643e63c1e1d909f14eafd54,image-preserved,"[""assets/images/61b41523483cfb9e7d8a.png""]",ocr-ok,
CBBH,images/Pasted image 20240926135645.png,69064,4ea0ad4139453fa4cb4cc8df71310cde5cabc9c694da6b06a4c676990dc898f4,image-preserved,"[""assets/images/4ea0ad4139453fa4cb4c.png""]",ocr-ok,
CBBH,images/Pasted image 20240926135722.png,16764,c8017b164c08c5bef97197b7b36f3f6a6b468872e937a545536374431da1a144,image-preserved,"[""assets/images/c8017b164c08c5bef971.png""]",ocr-ok,
CBBH,images/Pasted image 20240926135907.png,4614,2b510234b056061a60abb5dc8416694f79db05a3da09d62831f851f11f9ce7d9,image-preserved,"[""assets/images/2b510234b056061a60ab.png""]",ocr-ok,
CBBH,images/Pasted image 20240926135929.png,40951,af0bdcd591bdc21b57061541f44861c9b6bd52a42fe6854bfceba2291173a9f6,image-preserved,"[""assets/images/af0bdcd591bdc21b5706.png""]",ocr-ok,
CBBH,images/Pasted image 20240926144659.png,24734,0560a5e145429d55b8029744d4c562de15a283697d96517b698010936ee2ac48,image-preserved,"[""assets/images/0560a5e145429d55b802.png""]",ocr-ok,
CBBH,images/Pasted image 20240926150202.png,11857,53487ef036f455bcec7fc6cc996159abfc95eb907a539bc6fb0ee534373b8096,image-preserved,"[""assets/images/53487ef036f455bcec7f.png""]",ocr-ok,
CBBH,images/Pasted image 20240926150255.png,64853,5e9609af9ab95ef27a03810777cc30f99a2565b55067fb935be2719584e032b6,image-preserved,"[""assets/images/5e9609af9ab95ef27a03.png""]",ocr-ok,
CBBH,images/Pasted image 20240926150311.png,12442,e5758e1ea03f1457464e824afeb837475053461c7ebb29ba4a7fbd369e7bf580,image-preserved,"[""assets/images/e5758e1ea03f1457464e.png""]",ocr-ok,
CBBH,images/Pasted image 20240926183811.png,17131,025e53a474dbca3e8a2ec82ec51510b196de58ac93b37df34801822d914e68c2,image-preserved,"[""assets/images/025e53a474dbca3e8a2e.png""]",ocr-ok,
CBBH,images/Pasted image 20240926184026.png,24268,e333beb110976dc07a9ca21c65d754b7d4104417d232432b0c059b6bc82dcb7a,image-preserved,"[""assets/images/e333beb110976dc07a9c.png""]",ocr-ok,
CBBH,images/Pasted image 20240926184858.png,20207,7de620e0538cb3b60ed21ac0b3e4af7068daa81b7721a615162ba2ebacfad080,image-preserved,"[""assets/images/7de620e0538cb3b60ed2.png""]",ocr-ok,
CBBH,images/Pasted image 20240926185150.png,14917,7ca02ab53f94b106fe2d9790d828934aac3fa331457e1c242a7d04354665d196,image-preserved,"[""assets/images/7ca02ab53f94b106fe2d.png""]",ocr-ok,
CBBH,images/Pasted image 20240926185907.png,15224,4252abafbfea31d2f37afa6e43c4be5f4cb8ee30536957a728c8ad4efbd72b71,image-preserved,"[""assets/images/4252abafbfea31d2f37a.png""]",ocr-ok,
CBBH,images/Pasted image 20240926190202.png,24396,1f9f146e2d731388071ee444046e919c03cfd7d12609fdcb76765f27e337cc30,image-preserved,"[""assets/images/1f9f146e2d731388071e.png""]",ocr-ok,
CBBH,images/Pasted image 20240926190935.png,11321,55596ed8cbbba895ff99e67d8062be3967d0e51d3d779834e80982937cd88c47,image-preserved,"[""assets/images/55596ed8cbbba895ff99.png""]",ocr-ok,
CBBH,images/Pasted image 20240927122612.png,51058,293acb4541e0a8d8af5d4b79e3fb760fabe48652e62d2168f474e1367e868ac3,image-preserved,"[""assets/images/293acb4541e0a8d8af5d.png""]",ocr-ok,
CBBH,images/Pasted image 20240927133629.png,31870,4f0d4c02be4de575bb622ba188f8cf240a8087e7657c5a99dca6d42c199fc9dc,image-preserved,"[""assets/images/4f0d4c02be4de575bb62.png""]",ocr-ok,
CBBH,images/Pasted image 20240927140045.png,21322,7b062628e484fdd6ad97e1657594a7caa1f5067104047190fbf71dd681687095,image-preserved,"[""assets/images/7b062628e484fdd6ad97.png""]",ocr-ok,
CBBH,images/Pasted image 20240927140239.png,34824,10e25e207e278525284cb3713438be4646e3f5da4cd54414bd518c17c1c4247d,image-preserved,"[""assets/images/10e25e207e278525284c.png""]",ocr-ok,
CBBH,images/Pasted image 20240927141007.png,27374,583e31101a7093c58749a2cdcaf999c3432ae3c34f92d7f72dfe9498197128ab,image-preserved,"[""assets/images/583e31101a7093c58749.png""]",ocr-ok,
CBBH,images/Pasted image 20240927141612.png,58159,1f169d6d2fa2aa57ef8a7e3c4f223e63fca3033397f0d533737f070b74462dc3,image-preserved,"[""assets/images/1f169d6d2fa2aa57ef8a.png""]",ocr-ok,
CBBH,images/Pasted image 20240927141922.png,22794,49d416128e38e4218afb5a3b5a6757a898e0d0ac453b798860b4ee63b9c69f39,image-preserved,"[""assets/images/49d416128e38e4218afb.png""]",ocr-ok,
CBBH,images/Pasted image 20240927143922.png,23428,41083e59bf3822a09ef5acb05dccedf72e8c720d13e5b9c12f07d8dc5cc9ef1b,image-preserved,"[""assets/images/41083e59bf3822a09ef5.png""]",ocr-ok,
CBBH,images/Pasted image 20240927144017.png,28908,ca6b240d702b4a9e6f30af5ac6dd31bed42618a584e3c5101f17434d46bc39af,image-preserved,"[""assets/images/ca6b240d702b4a9e6f30.png""]",ocr-ok,
CBBH,images/Pasted image 20240927165928.png,83099,63dd329c94e3007bb27c49c6a61eee67690492bec554bfb1ccf7555e7ebbd57e,image-preserved,"[""assets/images/63dd329c94e3007bb27c.png""]",ocr-ok,
CBBH,images/Pasted image 20240927170222.png,12538,89a91a9ae94652a732ab9afdfc63521a01dc54f4743306777770946c111aed43,image-preserved,"[""assets/images/89a91a9ae94652a732ab.png""]",ocr-ok,
CBBH,images/Pasted image 20240927170517.png,12335,787949745443009a447c9373e416157eccf8ed11a4cc57b508b09e5ffb416b2a,image-preserved,"[""assets/images/787949745443009a447c.png""]",ocr-ok,
CBBH,images/Pasted image 20240927172309.png,30782,f760422f6c364a826de36707a48478baf6dbac91a6b8e6a00849ec6b71650707,image-preserved,"[""assets/images/f760422f6c364a826de3.png""]",ocr-ok,
CBBH,images/Pasted image 20240927172607.png,21219,f2d060ee89c1b6a68b7a0b3ee7c60063febe619a46b5d52899232a588ed7f7db,image-preserved,"[""assets/images/f2d060ee89c1b6a68b7a.png""]",ocr-ok,
CBBH,images/Pasted image 20240927172636.png,55252,f776d8605dd6b2e70b75c2a084d9a6bb41e95becf6c21773429f982713ececed,image-preserved,"[""assets/images/f776d8605dd6b2e70b75.png""]",ocr-ok,
CBBH,images/Pasted image 20240927175051.png,68583,53150a7c6388d639497ff8909496b26eae1534c04151fd32d94c54daf7eca7ae,image-held-review,"[""Resources/Audit/media.csv""]",ocr-ok,credential-candidate
CBBH,images/Pasted image 20240927184620.png,4770,5ddb1923680cae9ce7c4748a03ecf87b06c59862031921f9e41bfd25e42aeaa0,image-preserved,"[""assets/images/5ddb1923680cae9ce7c4.png""]",ocr-ok,
CBBH,images/Pasted image 20240927185229.png,63012,4e2ef65f3c52b8acbe43f4c69db4e0d6ef48892cb77b1454479ddc122f3b9829,image-preserved,"[""assets/images/4e2ef65f3c52b8acbe43.png""]",ocr-ok,
CBBH,images/Pasted image 20240928120027.png,32918,988695e7f53c7067a1bd02be3b19caac03ecf0307350291fd67b60556f5ec3ac,image-preserved,"[""assets/images/988695e7f53c7067a1bd.png""]",ocr-ok,
CBBH,images/Pasted image 20240928120156.png,7795,f83cee9faac25d80c6e7ba8d706136cd0aad3ec54acd0323d906507deddcebe6,image-preserved,"[""assets/images/f83cee9faac25d80c6e7.png""]",ocr-ok,
CBBH,images/Pasted image 20240928120748.png,58484,513f955152cecdf5a8c9c1d679146a0e32a6afc43c9bbf81af2987a525757dc3,image-held-review,"[""Resources/Audit/media.csv""]",ocr-ok,email
CBBH,images/Pasted image 20240928120807.png,20255,d57f4f812783c3e663007056c2508018c27db9b7ff619a99ed1a71354fc5be60,image-preserved,"[""assets/images/d57f4f812783c3e66300.png""]",ocr-ok,
CBBH,images/Pasted image 20240928120925.png,22103,981292019c968bd96ec8b1c8f2ea18b9287034bbc00e8e86a02a6047e09962c1,image-preserved,"[""assets/images/981292019c968bd96ec8.png""]",ocr-ok,
CBBH,images/Pasted image 20240928125412.png,13434,32bd11f10168505d8dbfd0bdfde63908b1cebabb7ecfef83a88993416f3356f3,image-preserved,"[""assets/images/32bd11f10168505d8dbf.png""]",ocr-ok,
CBBH,images/Pasted image 20240928125529.png,14924,a87fd100f2d55b661b95cd67eff43fcb87393e02a96601855bae3c4f6dfa4ed4,image-preserved,"[""assets/images/a87fd100f2d55b661b95.png""]",ocr-ok,
CBBH,images/Pasted image 20240928125812.png,9613,7bc1c351f25a49ef7866f671a71d4604336a2e4dfc5368b274a0ff76b40ac889,image-preserved,"[""assets/images/7bc1c351f25a49ef7866.png""]",ocr-ok,
CBBH,images/Pasted image 20240928125855.png,17784,97efede0565b14287278b89d23ca862b966c51cf127ad6ef5038f376403dc2db,image-preserved,"[""assets/images/97efede0565b14287278.png""]",ocr-ok,
CBBH,images/Pasted image 20240928130056.png,16382,f4c15c8ea0991edaabe85efb18d8664304c41e4e9b63b318e0ad43db97fc229b,image-preserved,"[""assets/images/f4c15c8ea0991edaabe8.png""]",ocr-ok,
CBBH,images/Pasted image 20240928130408.png,7238,f627434bea3f196d754ede1549f3b45c67fbc6e347da3ae7e5d059afa3bbdf8e,image-preserved,"[""assets/images/f627434bea3f196d754e.png""]",ocr-ok,
CBBH,images/Pasted image 20240928130438.png,5678,b2e0e35044c8ab6b21765413d8b1704fadd2b1f1ec386daf1a2b0ac7a28d4399,image-preserved,"[""assets/images/b2e0e35044c8ab6b2176.png""]",ocr-ok,
CBBH,images/Pasted image 20240928131305.png,12534,fd5559d8720629ebc6f6e6d369882d8297929882b7a66172a0b9188f5c59e948,image-preserved,"[""assets/images/fd5559d8720629ebc6f6.png""]",ocr-ok,
CBBH,images/Pasted image 20240928131523.png,8449,2820cf945b0b1f4f5d72da70b6dc3e5971bd19a8bce4fc810057da74b9123ebb,image-preserved,"[""assets/images/2820cf945b0b1f4f5d72.png""]",ocr-ok,
CBBH,images/Pasted image 20240928132338.png,16452,273fc01ec93ef48bbf7686b538df166d37e6711e84d3f369c66afac0fb39685b,image-preserved,"[""assets/images/273fc01ec93ef48bbf76.png""]",ocr-ok,
CBBH,images/Pasted image 20240928132722.png,14171,3be07ecd1c752d56ff9a33ba8e9e6a0bb4133b5af41dae592d676166b1b98b22,image-preserved,"[""assets/images/3be07ecd1c752d56ff9a.png""]",ocr-ok,
CBBH,images/Pasted image 20240928132821.png,4969,f06b71a521522749e3bc2263f5fa421c1a97a8c8ef860ed9a25d7f6948c32433,image-preserved,"[""assets/images/f06b71a521522749e3bc.png""]",ocr-ok,
CBBH,images/Pasted image 20240928195054.png,16648,14663555c23893bc1fdf1a9d050b9aacefaf35e47f6bb0fb968bce5b8b606936,image-preserved,"[""assets/images/14663555c23893bc1fdf.png""]",ocr-ok,
CBBH,images/Pasted image 20240928195102.png,33119,a18041644080b207ff08a64781d9f977bf528bb2f7d398cb950a94328c7dc8c2,image-preserved,"[""assets/images/a18041644080b207ff08.png""]",ocr-ok,
CBBH,images/Pasted image 20240929200616.png,37899,0b49916ac683e8db6ba4497c87459fd467aea63d957d8dd4125d9f6a8f239c02,image-preserved,"[""assets/images/0b49916ac683e8db6ba4.png""]",ocr-ok,
CBBH,images/Pasted image 20240930183703.png,42713,0a8ed193688f3006da2b117a2a7258696a578f4d3e4313520b6fc4b15501cdb5,image-held-review,"[""Resources/Audit/media.csv""]",ocr-ok,email
CBBH,images/Pasted image 20241001194701.png,17007,d1c4b7601da2121f24486e476093d06a9745d31de587adf97a1295dfdb374e20,image-preserved,"[""assets/images/d1c4b7601da2121f2448.png""]",ocr-ok,
CBBH,images/Pasted image 20241001194859.png,18532,d0d2616e82ac5b5453ad7dd5c1f43dc599bdd20b144cdb20516154c91b8b9c3e,image-preserved,"[""assets/images/d0d2616e82ac5b5453ad.png""]",ocr-ok,
CBBH,images/Pasted image 20241001213955.png,21225,db5f683e9cfaae14a0741f26186cdeffbada2aab9eb985e490c436731bd35c77,image-preserved,"[""assets/images/db5f683e9cfaae14a074.png""]",ocr-ok,
CBBH,images/Pasted image 20241002183413.png,9794,7daaaa16d677d504be96ca7b240c55c6434a3c958f778fc286f119850e1c5090,image-preserved,"[""assets/images/7daaaa16d677d504be96.png""]",ocr-ok,
CBBH,images/Pasted image 20241002183717.png,10451,fc5da8fa8e5d260c308468453157720b9ee263230f7d01a7d15cc8e65c1579c2,image-preserved,"[""assets/images/fc5da8fa8e5d260c3084.png""]",ocr-ok,
CBBH,images/Pasted image 20241002183732.png,15308,d3e240f25a3ea4b5a6d3001ae185dc2e67f47624b60618c5e2c809700b524f08,image-preserved,"[""assets/images/d3e240f25a3ea4b5a6d3.png""]",ocr-ok,
CBBH,images/Pasted image 20241002185744.png,29451,fdbac345a2a05033d2a5fd0d3d6b180afa808efacc9b08f291bc6cc984dd7d60,image-preserved,"[""assets/images/fdbac345a2a05033d2a5.png""]",ocr-ok,
CBBH,images/Pasted image 20241002191159.png,29520,a083dab5c11895e632fe887f5ff044864134c79c99a7d689fbae6cf91c47716e,image-preserved,"[""assets/images/a083dab5c11895e632fe.png""]",ocr-ok,
CBBH,images/Pasted image 20241002191215.png,37456,3c3ababa5f91932a933207f0e7961e06e075f4c48bac5db655379084d355f685,image-preserved,"[""assets/images/3c3ababa5f91932a9332.png""]",ocr-ok,
CBBH,images/Pasted image 20241002191501.png,39253,f006a086ead9fe05a7340072aecd81aeb7ac8c8c741c423c5ca47a1faa5f8f6f,image-preserved,"[""assets/images/f006a086ead9fe05a734.png""]",ocr-ok,
CBBH,images/Pasted image 20241002191534.png,22992,34dc6200b5b89f0dcd40ef10323b3f8efe15dcceed24930c9ce8f5cc93dec182,image-preserved,"[""assets/images/34dc6200b5b89f0dcd40.png""]",ocr-ok,
CBBH,images/Pasted image 20241002192224.png,25830,2673fc195c090f64d00b4828d41b59d6ae052ad701445ab5903f21d128f7d153,image-preserved,"[""assets/images/2673fc195c090f64d00b.png""]",ocr-ok,
CBBH,images/Pasted image 20241003104105.png,52339,8bebe134159b0312b5b14cd4366c5640ab29e7a2ce1bd307801fe1bce0912575,image-preserved,"[""assets/images/8bebe134159b0312b5b1.png""]",ocr-ok,
CBBH,images/Pasted image 20241003104545.png,21581,0486f1ed53d2e82abc394987570cb033d885b022be0988de1da1d2522d5056ef,image-preserved,"[""assets/images/0486f1ed53d2e82abc39.png""]",ocr-ok,
CBBH,images/Pasted image 20241003105447.png,15457,710044155224589a33f258d911cfcf8edf82741dae560a5019805f6a10615730,image-preserved,"[""assets/images/710044155224589a33f2.png""]",ocr-ok,
CBBH,images/Pasted image 20241003105606.png,7522,aaa8d44eea44e96d7964bd2ac7d5d318ab7074c8e02cbcfcf4df3fed66faaa71,image-preserved,"[""assets/images/aaa8d44eea44e96d7964.png""]",ocr-ok,
CBBH,images/Pasted image 20241003110343.png,10563,5a1fd1a6cf899f98437cc0685067bab7e6561442683558f547e7f5fe4e930054,image-preserved,"[""assets/images/5a1fd1a6cf899f98437c.png""]",ocr-ok,
CBBH,images/Pasted image 20241003110412.png,17044,2b86893e66b6741fac17e4e67a0ae5381996fa326ea9436de19c184a7fc203a3,image-preserved,"[""assets/images/2b86893e66b6741fac17.png""]",ocr-ok,
CBBH,images/Pasted image 20241003121851.png,28390,379513eef1a9b87500f31baec960598b35cb85fe6bf78ee9c1d01d1ee3db6d5e,image-preserved,"[""assets/images/379513eef1a9b87500f3.png""]",ocr-ok,
CBBH,images/Pasted image 20241004104444.png,39926,6d855ff9d9c776f5624f2ef0b2da1c610cd9e37af2a6049472472a2284aa7752,image-preserved,"[""assets/images/6d855ff9d9c776f5624f.png""]",ocr-ok,
CBBH,images/Pasted image 20241004105211.png,46338,52402612b226284d0f351b0e56a86950f612c7b8524beb9f3171f62861aba265,image-preserved,"[""assets/images/52402612b226284d0f35.png""]",ocr-ok,
CBBH,images/Pasted image 20241004110914.png,79572,fa68eca53d091d358540913fbab94458b08a11d8500b761e0f0b2d074b9cbfa8,image-preserved,"[""assets/images/fa68eca53d091d358540.png""]",ocr-ok,
CBBH,images/Pasted image 20241004123012.png,27703,b01a849dc686f83b7eca1542dda90b545f00e8cac6ebe5378aee276f0cf6399f,image-preserved,"[""assets/images/b01a849dc686f83b7eca.png""]",ocr-ok,
CBBH,images/Pasted image 20241004123022.png,19966,d99f0b1840b3ddb420eba3457596158459307c389fdb123eccaa4b9d52caf60b,image-preserved,"[""assets/images/d99f0b1840b3ddb420eb.png""]",ocr-ok,
CBBH,images/Pasted image 20241004130532.png,87805,056b8c82e9b95039db4e0373bc3dc62e9924ee08b9a006a98623b8401c7e0e6b,image-held-review,"[""Resources/Audit/media.csv""]",ocr-ok,credential-candidate
CBBH,images/Pasted image 20241004131226.png,11469,a6fbc61716f8b3053089df8e482f50790af879b0c4eb87254ec72cbfd7250c2b,image-preserved,"[""assets/images/a6fbc61716f8b3053089.png""]",ocr-ok,
CBBH,images/Pasted image 20241004131402.png,24318,a0a8cb52fa503d2ea978e2fd7817b646e497c0e9983e6d4cc0741315426bae8e,image-preserved,"[""assets/images/a0a8cb52fa503d2ea978.png""]",ocr-ok,
CBBH,images/Pasted image 20241004131415.png,9157,f22ded1bcb8ab3a460726fa78ab34759bb450393be47bec537f2ff5572baecb3,image-preserved,"[""assets/images/f22ded1bcb8ab3a46072.png""]",ocr-ok,
CBBH,images/Pasted image 20241004131840.png,47279,5a179e6030db562c97ec2c1886f79c9d9dddec52bb758a72d0bbd49f99bb316e,image-held-review,"[""Resources/Audit/media.csv""]",ocr-ok,credential-candidate
CBBH,images/Pasted image 20241004132934.png,67272,49c24c3f33cdfb29f4a0b13841499654e4e8d2d91ac8e16cd571287fcf7d4a23,image-preserved,"[""assets/images/49c24c3f33cdfb29f4a0.png""]",ocr-ok,
CBBH,images/Pasted image 20241004134542.png,29116,131fe4618f805d636687fef5a2ef7e19dbe1445bde311c682e72932103311e32,image-preserved,"[""assets/images/131fe4618f805d636687.png""]",ocr-ok,
CBBH,images/Pasted image 20241004134603.png,3082,93a82657fa02ceca32df7524ea0a37de060e7dd774ade1c77ae11e3fcf83c3b7,image-preserved,"[""assets/images/93a82657fa02ceca32df.png""]",ocr-ok,
CBBH,images/Pasted image 20241004134809.png,52622,b33294561f93fd84f396ef132eed289aa2a4facdf2aa5cfa24543cd9d27aa6c1,image-held-review,"[""Resources/Audit/media.csv""]",ocr-ok,credential-candidate
CBBH,images/Pasted image 20241004150612.png,59179,94cc0b472118a03a695becc54d7b4cf19cab67d07b5c47072bfcb2584fa511f0,image-held-review,"[""Resources/Audit/media.csv""]",ocr-ok,credential-candidate
CBBH,images/Pasted image 20241004152202.png,28354,13f919e01365a030fb3ceb65303987536a4dbdb77bd59f268910f1bdaad9fe6b,image-held-review,"[""Resources/Audit/media.csv""]",ocr-ok,credential-candidate
CBBH,images/Pasted image 20241007182941.png,110709,243de8a798fdf79a183dfe81809a98111996c33d5ae27f9c0167fb6ca8be614c,image-preserved,"[""assets/images/243de8a798fdf79a183d.png""]",ocr-ok,
CBBH,images/Pasted image 20241007183017.png,222263,ca1195b9dd161c261d91260e319fefb72e0b704c2adf08dd1c51dd749e345c4d,image-preserved,"[""assets/images/ca1195b9dd161c261d91.png""]",ocr-ok,
CBBH,images/Pasted image 20241007183158.png,44870,fd6fbb50a151048ef9e487687ceef9129cf42962a8d2282c12aa90c8bf2a9bea,image-preserved,"[""assets/images/fd6fbb50a151048ef9e4.png""]",ocr-ok,
CBBH,images/Pasted image 20241007184247.png,32825,83451e168094587616f464dec82cee5a3a426fd528b72be26acaacec261bf599,image-preserved,"[""assets/images/83451e168094587616f4.png""]",ocr-ok,
CBBH,images/Pasted image 20241007184802.png,80268,71906201de87707d2cbcd19debf815495dfe4572de5579a90afbaf144e399c96,image-preserved,"[""assets/images/71906201de87707d2cbc.png""]",ocr-ok,
CBBH,images/Pasted image 20241008181705.png,35588,251939b0c154111844453468dcf256ccd44bcda5b3a030e45113069bf7e3d535,image-preserved,"[""assets/images/251939b0c15411184445.png""]",ocr-ok,
CBBH,images/Pasted image 20241008181809.png,12902,1233507e78d5f5bc6d8dc1233812633e9919281167e54545e9ce7f0ace1634f8,image-preserved,"[""assets/images/1233507e78d5f5bc6d8d.png""]",ocr-ok,
CBBH,images/Pasted image 20241008183808.png,25298,05a936a1ee9f6caae1d081e5dec90d3ade878c963e9cbbb9d9c90ddda6f8b9bb,image-preserved,"[""assets/images/05a936a1ee9f6caae1d0.png""]",ocr-ok,
CBBH,images/Pasted image 20241008193221.png,25046,fa8a373f12bf237592d3e87ca4e36dfa23c73304cab07fc5e6f2ba2c1632e1ad,image-preserved,"[""assets/images/fa8a373f12bf237592d3.png""]",ocr-ok,
CBBH,images/Pasted image 20241009182804.png,17779,473a6ad4e86c3179090a62b106d0bb82cf9211f93172abf69d7f20d9ec71dc9c,image-preserved,"[""assets/images/473a6ad4e86c3179090a.png""]",ocr-ok,
CBBH,images/Pasted image 20241009182913.png,28951,1c720cbb4c7c36f22128794574ef08ee45c30beab50b1b52beeb10eb84d9a8a8,image-preserved,"[""assets/images/1c720cbb4c7c36f22128.png""]",ocr-ok,
CBBH,images/Pasted image 20241009183717.png,103832,8c28f60acfffd0bdda38d142ff005753e3e36ff450994743b9ed056c4195618c,image-preserved,"[""assets/images/8c28f60acfffd0bdda38.png""]",ocr-ok,
CBBH,images/Pasted image 20241009184106.png,8583,d6b11702bc31e60e75a8bb8b5f724fe2616fddd8f8f09aaea5b059a53a5bba77,image-preserved,"[""assets/images/d6b11702bc31e60e75a8.png""]",ocr-ok,
CBBH,images/Pasted image 20241009184432.png,29713,0fc08137006eb7075aaecb4cb9ea66c8d031c5954d87dca2ad5df69d4a0019ce,image-preserved,"[""assets/images/0fc08137006eb7075aae.png""]",ocr-ok,
CBBH,images/Pasted image 20241009184607.png,26925,839991955f53e594a11a323d12540dce5b63c2df5c31ae7386233e9950714ecb,image-preserved,"[""assets/images/839991955f53e594a11a.png""]",ocr-ok,
CBBH,images/Pasted image 20241009184635.png,29664,ae159dd2874d62d144a551053a7ca3db6ae37299b0ae23134133eeb25499f34e,image-preserved,"[""assets/images/ae159dd2874d62d144a5.png""]",ocr-ok,
CBBH,images/Pasted image 20241009185527.png,52113,9bea572461d98a35f402ce483d3a2ab087ca75bf9cf2c4dab832811861da032f,image-preserved,"[""assets/images/9bea572461d98a35f402.png""]",ocr-ok,
CBBH,images/Pasted image 20241009185945.png,45915,2b98d1c31f73e5cadbef1589f25aecc3d88c23a125cbc2ca76502a1ec33ef626,image-held-review,"[""Resources/Audit/media.csv""]",ocr-ok,email
CBBH,images/Pasted image 20241009203307.png,43296,ca6a841bcdb42b0c50e827e668404f46e3e80d07b344c87e0435cc0d981d44b3,image-preserved,"[""assets/images/ca6a841bcdb42b0c50e8.png""]",ocr-ok,
CBBH,images/Pasted image 20241010100416.png,33162,fd20aa1c9b3210e28a232c1e5e5115ba2798de00ddb5dc9a2e8bfbbfd71555f3,image-preserved,"[""assets/images/fd20aa1c9b3210e28a23.png""]",ocr-ok,
CBBH,images/Pasted image 20241010101222.png,29333,eb717275ea5df54d1a5e3b4bf4cdce22c1742853b37d734327024c5f6331c7df,image-preserved,"[""assets/images/eb717275ea5df54d1a5e.png""]",ocr-ok,
CBBH,images/Pasted image 20241010102301.png,45824,699b47010654e11ed90804107f3afae18c6cf196b1b6d63a3da8690dc00a58a9,image-preserved,"[""assets/images/699b47010654e11ed908.png""]",ocr-ok,
CBBH,images/Pasted image 20241010102349.png,36829,7099c339eb8fbc4949e28bedc23bc326d324470ecfc5debdab9a5f2138b4dfaf,image-held-review,"[""Resources/Audit/media.csv""]",ocr-ok,credential-candidate
CBBH,images/Pasted image 20241010103108.png,140896,6d6bd979f7b29f4422a3504039116acbc07977667083e6e537b9cb0c8b9e826d,image-preserved,"[""assets/images/6d6bd979f7b29f4422a3.png""]",ocr-ok,
CBBH,images/Pasted image 20241010103514.png,37292,fb9daa33b688e9741b54c19b54b3cd161a72dc896b7ffe34ec7dafe45452acaf,image-preserved,"[""assets/images/fb9daa33b688e9741b54.png""]",ocr-ok,
CBBH,images/Pasted image 20241010133640.png,16616,763ba585eb62ad3f16342d7b44f961971a03b813b8abdf0ac1b9a0ccd31e656e,image-preserved,"[""assets/images/763ba585eb62ad3f1634.png""]",ocr-ok,
CBBH,images/Pasted image 20241011131524.png,115862,0f6ac78ef9753b12dcdd32b030e125a3c6adac4f69400acad1aa3a0e4b964bc8,image-preserved,"[""assets/images/0f6ac78ef9753b12dcdd.png""]",ocr-ok,
CBBH,images/Pasted image 20241011132046.png,6044,ea5f277b6233666b522750693f30e40b38ed58079f9e3399bcb7685f4a2f7ec6,image-preserved,"[""assets/images/ea5f277b6233666b5227.png""]",ocr-ok,
CBBH,images/Pasted image 20241011133107.png,101315,3174191ad3d207fe0be5bd96a4efcdf0172e7ab3a2cf29dc207e65429afb374d,image-preserved,"[""assets/images/3174191ad3d207fe0be5.png""]",ocr-ok,
CBBH,images/Pasted image 20241011171812.png,20187,b0a19baf3e99edf4ee9cd7da2e2d8025fd9e1586073020aac5ec06a820250106,image-preserved,"[""assets/images/b0a19baf3e99edf4ee9c.png""]",ocr-ok,
CBBH,images/Pasted image 20241011172218.png,39185,10c325a4506d35d2b027e4e97c59c00b557cfc4b668421bac92b5e0c9f6e1d96,image-preserved,"[""assets/images/10c325a4506d35d2b027.png""]",ocr-ok,
CBBH,images/Pasted image 20241012104359.png,11864,d098bfa389a97bc917d06ca8db31d52652da0d2a9b9afa44f7779ae677be4752,image-preserved,"[""assets/images/d098bfa389a97bc917d0.png""]",ocr-ok,
CBBH,images/Pasted image 20241012104931.png,37251,4a6da78e70cc268c763969b218f57a3d9992aeb8df89b8d324430c0f3c89d024,image-held-review,"[""Resources/Audit/media.csv""]",ocr-ok,email
CBBH,images/Pasted image 20241012110824.png,24115,b5029c716f2e80ac2fde8ac3aefdc7d349253e740467aac74cc3d9e70d318894,image-preserved,"[""assets/images/b5029c716f2e80ac2fde.png""]",ocr-ok,
CBBH,images/Pasted image 20241012110926.png,18636,22bc5abeed83963b3e9e89e06470408c0eca71499f8d0346d9e4d95817691f86,image-preserved,"[""assets/images/22bc5abeed83963b3e9e.png""]",ocr-ok,
CBBH,images/Pasted image 20241012112815.png,69359,da79f5629d585973e93db49de1cc9ab81b2c197e641f3a76aeee3f5b1000c9cc,image-held-review,"[""Resources/Audit/media.csv""]",ocr-ok,credential-candidate
CBBH,images/Pasted image 20241012120106.png,10830,f5cb1557891b639fdef1475b13691db4a05b34d89fe194ade626e4840d0fe97f,image-preserved,"[""assets/images/f5cb1557891b639fdef1.png""]",ocr-ok,
CBBH,images/Pasted image 20241012120124.png,43730,e5c3c2752fd2fda0e67b74d774b8294a9bedbe9bbe3730eb94ff1e737adfb13c,image-preserved,"[""assets/images/e5c3c2752fd2fda0e67b.png""]",ocr-ok,
CBBH,images/Pasted image 20241012120426.png,71739,0c595cf0b12102fbc4b4757c14bfc4636b2f1ac13ed5f38b396f9bc656d78427,image-preserved,"[""assets/images/0c595cf0b12102fbc4b4.png""]",ocr-ok,
CBBH,images/Pasted image 20241012124444.png,31088,8adc11637f53cce3a6132f7fb8707367b26945ecf773e121b4550d115c8d1351,image-preserved,"[""assets/images/8adc11637f53cce3a613.png""]",ocr-ok,
CBBH,images/Pasted image 20241012125809.png,76127,d38bf14eb4904d78a9c246fcab282028629d2da76f3ba8ead9b4b6ef175c8222,image-preserved,"[""assets/images/d38bf14eb4904d78a9c2.png""]",ocr-ok,
CBBH,images/Pasted image 20241012184451.png,25590,f9f21fb3c578ec361c6d671e28b433f768303beca9e151e0513d4ebdbdc240c2,image-preserved,"[""assets/images/f9f21fb3c578ec361c6d.png""]",ocr-ok,
CBBH,images/Pasted image 20241014184714.png,22323,7d0b7c17d99ebca8d851b206edbe22df1892b2176da29564e85c8e85702f6e15,image-preserved,"[""assets/images/7d0b7c17d99ebca8d851.png""]",ocr-ok,
CBBH,images/Pasted image 20241014190816.png,16134,d5b2128143d2b430b1724c1dbb549ab2254bf6ea4c964006e3bc561d094e494d,image-preserved,"[""assets/images/d5b2128143d2b430b172.png""]",ocr-ok,
CBBH,images/Pasted image 20241014190952.png,45771,abf6b16ca83af2f4a9b3297d9b6b1b9803a92169dd4e5775482dbd3cb758060e,image-preserved,"[""assets/images/abf6b16ca83af2f4a9b3.png""]",ocr-ok,
CBBH,images/Pasted image 20241014192444.png,18750,797ffe315e5d929c04e5b0f79a0973f08882874e3fddfda22e42eb86bf69ef8e,image-held-review,"[""Resources/Audit/media.csv""]",ocr-ok,email
CBBH,images/Pasted image 20241016100458.png,11166,b43f2cfd78ffc0719d80741c784a12f31cdfcdc52bb8b04154b1d28b317ed2fc,image-preserved,"[""assets/images/b43f2cfd78ffc0719d80.png""]",ocr-ok,
CBBH,images/Pasted image 20241016101047.png,5798,295e774a162d1836f5e614d5727d18142016aadd30721dcc7877c88c0ce510a7,image-preserved,"[""assets/images/295e774a162d1836f5e6.png""]",ocr-ok,
CBBH,images/Pasted image 20241016101242.png,10186,dc119b5465fcb540661d022fc35688cfb9eca309b3d62b771307f1445402bb8a,image-preserved,"[""assets/images/dc119b5465fcb540661d.png""]",ocr-ok,
CBBH,images/Pasted image 20241016101644.png,22341,09c3be594ea11aacde913ea7b45a786edc5fd9c6ee8213f7924cb57733dffc38,image-preserved,"[""assets/images/09c3be594ea11aacde91.png""]",ocr-ok,
CBBH,images/Pasted image 20241016103113.png,40197,819dbac71e46aeacc3e40dfb660ab81842c6f083aed5329c6cc6018574339184,image-preserved,"[""assets/images/819dbac71e46aeacc3e4.png""]",ocr-ok,
CBBH,images/Pasted image 20241016103522.png,29639,ff98324fa8d9241a1b96442c078a0c5ed26b2da6b85af129e7c97d4d7b044f3d,image-preserved,"[""assets/images/ff98324fa8d9241a1b96.png""]",ocr-ok,
CBBH,images/Pasted image 20241016131835.png,38107,1baf831b427a0c98fddc4ccca9e1510d0d511a0cbd580e11a3ba2f117a5143e6,image-preserved,"[""assets/images/1baf831b427a0c98fddc.png""]",ocr-ok,
CBBH,images/Pasted image 20241016173354.png,11753,659d5688ff3da2a5c0938cc4d3a54d2e4879fd40960c24098e2724eb06a17456,image-preserved,"[""assets/images/659d5688ff3da2a5c093.png""]",ocr-ok,
CBBH,images/Pasted image 20241026131255.png,110389,23a015f0d4204c4ec287fca8b944e99ae791395f07e1b65ae464f11e7257b9ce,image-preserved,"[""assets/images/23a015f0d4204c4ec287.png""]",ocr-ok,
CBBH,images/Pasted image 20241026133728.png,19203,b629e0aa8bb7ea9d7129af4b836b4c9c63facc093bccf2273049bf114a6b0562,image-preserved,"[""assets/images/b629e0aa8bb7ea9d7129.png""]",ocr-ok,
CBBH,images/Pasted image 20241026161341.png,16378,95da5f9aa201fd90ab9df9c5ee765621b04dabf8859e8baf5b694903ef818a42,image-preserved,"[""assets/images/95da5f9aa201fd90ab9d.png""]",ocr-ok,
CBBH,images/Pasted image 20241027114753.png,14632,04d278c80baf19cab8213d36f22c937d3b37a8e232744ce82006b79fe9e39385,image-preserved,"[""assets/images/04d278c80baf19cab821.png""]",ocr-ok,
CBBH,images/Pasted image 20241027114806.png,13834,1cf6b2d4c24d7a524f39002c0595e87ee8b3abc1d8f0ef7d9c6a98893607e2c6,image-preserved,"[""assets/images/1cf6b2d4c24d7a524f39.png""]",ocr-ok,
CBBH,images/Pasted image 20241027120734.png,28255,681cf5484f59dacd359ef2ba1c32245d7e1dbbfba15c47626126ae16822728f4,image-preserved,"[""assets/images/681cf5484f59dacd359e.png""]",ocr-ok,
CBBH,images/Pasted image 20241027121208.png,10545,ee0a4350ca56c679b4b31e96c3ef498e71ed1ae6c9b381180c9065cbed375453,image-preserved,"[""assets/images/ee0a4350ca56c679b4b3.png""]",ocr-ok,
CBBH,images/Pasted image 20241027203649.png,131211,9b33fdf50c8a4afaabde17a0ed3e6d7fbeb9ae190df4f607226eb919d1fee930,image-preserved,"[""assets/images/9b33fdf50c8a4afaabde.png""]",ocr-ok,
CBBH,images/Pasted image 20241028181353.png,34658,af0b2ff1874779332a580d46492ffd67d742c47d70a170247c75607add15a88c,image-held-review,"[""Resources/Audit/media.csv""]",ocr-ok,credential-candidate
CBBH,images/Pasted image 20241028181449.png,25374,b6bb3de8d9296771f5e883d0e75865fda2d830e697aed1b3b6d767d4a34b3aae,image-held-review,"[""Resources/Audit/media.csv""]",ocr-ok,credential-candidate
CBBH,images/Pasted image 20241028182745.png,99414,90cd49bed4aa7fcb1a45ef6e0f68f4b26d3a43273d02877a4cb6d3591c63f8cb,image-preserved,"[""assets/images/90cd49bed4aa7fcb1a45.png""]",ocr-ok,
CBBH,images/Pasted image 20241028182937.png,57571,8832bf4c0360414434016db5ed5bcd76f97d4e049df93c63e97ba8068f66d2fa,image-preserved,"[""assets/images/8832bf4c036041443401.png""]",ocr-ok,
CBBH,images/Pasted image 20241029175340.png,14723,64bfcdb841ffbac6c0d942ea9e07ae68c8365308aa82c2595f3957350abb1265,image-preserved,"[""assets/images/64bfcdb841ffbac6c0d9.png""]",ocr-ok,
CBBH,images/Pasted image 20241030185659.png,60616,82f25edf78a416cf46aeaf2f7fe0ed8b723e53936e90513cb4338d85b325b71e,image-preserved,"[""assets/images/82f25edf78a416cf46ae.png""]",ocr-ok,
CBBH,images/Pasted image 20241112194651.png,24476,323cc26916d70a51d38ed12cc1dbfa0293938d15070c6912ee7359a536c4850b,image-preserved,"[""assets/images/323cc26916d70a51d38e.png""]",ocr-ok,
CBBH,images/Pasted image 20241112194720.png,30803,da679c40103dcecf6c7b493fdb324313618c02e92fde773f284c2e6f2d024a59,image-preserved,"[""assets/images/da679c40103dcecf6c7b.png""]",ocr-ok,
CBBH,images/Pasted image 20241112200423.png,31561,941791e1bf2e7b1ab4ddbf20abd0a44382cd4ae2712e9edf01ccdeda16ac1ce4,image-preserved,"[""assets/images/941791e1bf2e7b1ab4dd.png""]",ocr-ok,
CBBH,images/Pasted image 20241112200641.png,21552,d9717cd2cadd6162487bbff8cdc2ed63399fec82807da5365a9f487f45ae9920,image-preserved,"[""assets/images/d9717cd2cadd6162487b.png""]",ocr-ok,
CBBH,images/Pasted image 20241112200815.png,30713,6ae81d1aa5bb22981141ae58eea6199de38ef71a164890f62576eda18dc6aab2,image-preserved,"[""assets/images/6ae81d1aa5bb22981141.png""]",ocr-ok,
CBBH,images/Pasted image 20241114192816.png,21519,c346e99cd2884990a8fff4818675c74f9b2045ceb3e02b918b07bdd1e0a381cf,image-preserved,"[""assets/images/c346e99cd2884990a8ff.png""]",ocr-ok,
CBBH,images/Pasted image 20241114193326.png,10039,33824e9a87a92f1d81fd31d527e731b0e79b3774d89bd145ff3ab31915269c4a,image-preserved,"[""assets/images/33824e9a87a92f1d81fd.png""]",ocr-ok,
CBBH,images/Pasted image 20241114193731.png,10185,9e5ea40f8e5e6b00531ae237eedb0183c50c48a92919479a2875c0f33aec2f3a,image-preserved,"[""assets/images/9e5ea40f8e5e6b00531a.png""]",ocr-ok,
CBBH,images/Pasted image 20241116183200.png,31213,c3bcf5b6b5c38a65678f32abc411d8ad649785df1ac94cb0de39e0b8ab8735b4,image-preserved,"[""assets/images/c3bcf5b6b5c38a65678f.png""]",ocr-ok,
CBBH,images/Pasted image 20241117165345.png,10151,979f3734e9360ad6b2894233d82ad5138a50432595d95355037bb14f930c4d23,image-preserved,"[""assets/images/979f3734e9360ad6b289.png""]",ocr-ok,
CBBH,images/Pasted image 20241119174142.png,40496,d2d6d25ccf7323f09ba5c43a3f73d71fbdfda2cfc6c2e71b39759e9e24caef34,image-preserved,"[""assets/images/d2d6d25ccf7323f09ba5.png""]",ocr-ok,
CBBH,images/Pasted image 20241120122749.png,21894,26d0a62d67cb08e7a4ebd4d21befb01d5b76bd5995f31ba44b0ed15b9c3fa5d5,image-preserved,"[""assets/images/26d0a62d67cb08e7a4eb.png""]",ocr-ok,
CBBH,images/Pasted image 20241120122949.png,25080,6d42fa5a899d2f3ac0812e0a32c58fb093725b930346018938a407e520ed76ef,image-preserved,"[""assets/images/6d42fa5a899d2f3ac081.png""]",ocr-ok,
CBBH,images/Pasted image 20241120124025.png,34030,7e761abc2c296e9248ae113c5964acdf0dbb834d2b443ed00a1ee863c9b0ecef,image-preserved,"[""assets/images/7e761abc2c296e9248ae.png""]",ocr-ok,
CBBH,images/Pasted image 20241120125055.png,5389,53181543f70e98801586296383410813f19f8432c1eb7ea57cd2fa2236fe0cb1,image-preserved,"[""assets/images/53181543f70e98801586.png""]",ocr-ok,
CBBH,images/Pasted image 20241120125551.png,5320,b10684d67f0defc376ef5e9de22fbd6c606db2ca9889c76f3a1399c2421bb5de,image-preserved,"[""assets/images/b10684d67f0defc376ef.png""]",ocr-ok,
CBBH,images/Pasted image 20241120131231.png,5149,8b6ad8218c14a2f92a0978aea795d9b59c1e4316b831aa84094eeff85a53660b,image-preserved,"[""assets/images/8b6ad8218c14a2f92a09.png""]",ocr-ok,
CBBH,images/Pasted image 20241120133508.png,6949,cce560c255708f432ff5e5c4d71e7abbcb86e71eb405e9580274a51b9d7599cb,image-preserved,"[""assets/images/cce560c255708f432ff5.png""]",ocr-ok,
CBBH,images/Pasted image 20241122125841.png,19022,bc0eb0fff7e61d940dfbc0f5d297f6dfc6e4203fdd1a1b3ca0e6173d381c795e,image-preserved,"[""assets/images/bc0eb0fff7e61d940dfb.png""]",ocr-ok,
CBBH,images/Pasted image 20241122130236.png,8627,6d83f84c2722f2f06a3ec45098e8a9937632ac58c862778af7db72be7e45b9fd,image-preserved,"[""assets/images/6d83f84c2722f2f06a3e.png""]",ocr-ok,
CBBH,images/Pasted image 20241123134534.png,3065,711842a45407e17ab9267d65c4eca8bfd5d72697e93013ebe3e9164bc403094a,image-preserved,"[""assets/images/711842a45407e17ab926.png""]",ocr-ok,
CBBH,images/Pasted image 20241129164644.png,6517,7a462b0c6f9151a428f823d38e55da84c8858b0461aed342db00b847ea3ccac3,image-preserved,"[""assets/images/7a462b0c6f9151a428f8.png""]",ocr-ok,
CBBH,images/Pasted image 20241129165328.png,14845,f47da5b6d45f61a22d24758284585ca29b89186d2ea3c43fe6c7ac49faf3fd79,image-preserved,"[""assets/images/f47da5b6d45f61a22d24.png""]",ocr-ok,
CBBH,images/Pasted image 20241129165809.png,11471,d3bc49575b26205ee34f304902a2c65252547b38b3f464acab52475eb1978db0,image-held-review,"[""Resources/Audit/media.csv""]",ocr-ok,credential-candidate
CBBH,images/Pasted image 20241130123503.png,11005,99ae6bd43d77eb871e6c9c1f8698b50c88f6cec4664a8a1f2387530a37c421c7,image-preserved,"[""assets/images/99ae6bd43d77eb871e6c.png""]",ocr-ok,
CBBH,images/Pasted image 20241130124246.png,22022,d0248baf2df83fc629f688de5412767c971b6d08f41fb7ca92abf0241756b008,image-preserved,"[""assets/images/d0248baf2df83fc629f6.png""]",ocr-ok,
CBBH,images/Pasted image 20241130124308.png,13930,9ac3cf45580c74777807771224a9a9a37e516b396611fed5d820c550f2fe9feb,image-preserved,"[""assets/images/9ac3cf45580c74777807.png""]",ocr-ok,
CBBH,images/Pasted image 20241130131636.png,289706,f8ce2076724a051ad31ed703d73ac5096e8cd6e96425448a8951e4c348164b97,image-preserved,"[""assets/images/f8ce2076724a051ad31e.png""]",ocr-ok,
CBBH,images/Pasted image 20241203124306.png,53011,0bdb2aff3b9217437a87519153d9df0cf7d464eaf2569690427ab86a3c9465fe,image-preserved,"[""assets/images/0bdb2aff3b9217437a87.png""]",ocr-ok,
CBBH,images/Pasted image 20241203125113.png,50685,ae59d8a3961f7401a9fc008a8b22d5bb0d811f5c7a33996f2c55de6f060a0e4d,image-held-review,"[""Resources/Audit/media.csv""]",ocr-ok,email
CBBH,images/Pasted image 20241203125146.png,49582,89aadbb2b5e7f6e0473c047986732d8c71c72dd4f18921f95600d3fc19c032a4,image-preserved,"[""assets/images/89aadbb2b5e7f6e0473c.png""]",ocr-ok,
CBBH,images/Pasted image 20241203125821.png,81292,9d7bd538bcdcf395e6fb522b6f71f182e66b5b92741716fa9abf9c6dce1960d0,image-preserved,"[""assets/images/9d7bd538bcdcf395e6fb.png""]",ocr-ok,
CBBH,images/Pasted image 20241203130043.png,46694,18140a3ca6a1911bad69da71bc00bf5e2778d32c29b3fc6f8f4bb996a1d63181,image-preserved,"[""assets/images/18140a3ca6a1911bad69.png""]",ocr-ok,
CBBH,images/Pasted image 20241214123720.png,24728,a4c9a84e885ff0d31f7c10926c26b1c36c204b2dcd4582026f8708cd5778cbe1,image-preserved,"[""assets/images/a4c9a84e885ff0d31f7c.png""]",ocr-ok,
CBBH,images/Pasted image 20241215161216.png,57961,0da8107a81363ea4ef47f0fe65df23bcbb551270ea577cf4c6879614c131ccd8,image-preserved,"[""assets/images/0da8107a81363ea4ef47.png""]",ocr-ok,
CBBH,images/Pasted image 20241215162646.png,46622,a7509f7d96252c2169fd9c60e93878a8a3b674c4ee26be656eaea9a49f4f7e38,image-preserved,"[""assets/images/a7509f7d96252c2169fd.png""]",ocr-ok,
CBBH,images/Pasted image 20241215201548.png,52072,330b876ffd4994e63273f9a21e79747ecc769935997cd736f46c143f67e2922f,image-preserved,"[""assets/images/330b876ffd4994e63273.png""]",ocr-ok,
CBBH,images/Pasted image 20241215202307.png,6257,b4cc56e3406f2666302dde0532973896fbec765d2fb9aca1a24ef467ec10029e,image-preserved,"[""assets/images/b4cc56e3406f2666302d.png""]",ocr-ok,
CBBH,images/Pasted image 20241215204332.png,11831,b0df4f4ac8710e3df6beaefc49564346547e1b1b46b503c378091c945a084b81,image-preserved,"[""assets/images/b0df4f4ac8710e3df6be.png""]",ocr-ok,
CBBH,images/Pasted image 20241216124813.png,14337,569d45ad9359bc7593fc5d11526b0de8e1e4938335cbfa1396d5e3af494d7c48,image-preserved,"[""assets/images/569d45ad9359bc7593fc.png""]",ocr-ok,
CBBH,images/Pasted image 20241216124839.png,29885,49447ecd0bba2be3b33007697cfdc890bc645b06f32988b9e2ae3301fc8ec301,image-preserved,"[""assets/images/49447ecd0bba2be3b330.png""]",ocr-ok,
CBBH,images/Pasted image 20241216124958.png,65694,41d7a59882716866373711541e1e0662bdcf0d47c1ab346eb913e8fb4a15cf3e,image-preserved,"[""assets/images/41d7a598827168663737.png""]",ocr-ok,
CBBH,images/Pasted image 20241216125006.png,65694,41d7a59882716866373711541e1e0662bdcf0d47c1ab346eb913e8fb4a15cf3e,image-preserved,"[""assets/images/41d7a598827168663737.png""]",ocr-ok,
CBBH,images/Pasted image 20241216131947.png,40318,5ed1521f75757ed6ad7f2f460f08522573d392461cba8b938a7c75d024393697,image-held-review,"[""Resources/Audit/media.csv""]",ocr-ok,email
CBBH,images/Pasted image 20241216132847.png,52350,2ac1ea40afb2cff4813cebe8fade571d696b1f22cfd83f42913d3095929ddadc,image-held-review,"[""Resources/Audit/media.csv""]",ocr-ok,credential-candidate
CBBH,images/Pasted image 20241216133932.png,53060,b142727abf0b4f0531dbc88f31afbc4f9ad23784d59f018933cbc119bf6ac1ba,image-held-review,"[""Resources/Audit/media.csv""]",ocr-ok,email
CBBH,images/Pasted image 20241216134846.png,12876,f5c572860cdaa21887b1d8d0e154ae68d8f3a0e366ef31b8fa3267d73b17463d,image-preserved,"[""assets/images/f5c572860cdaa21887b1.png""]",ocr-ok,
CBBH,images/Pasted image 20241216134956.png,10078,a874dc2d2aa94ee6e48d06c179d1af77528edd5168042b14b0c4499f1340871a,image-preserved,"[""assets/images/a874dc2d2aa94ee6e48d.png""]",ocr-ok,
CBBH,images/Pasted image 20241217114441.png,70820,4bb80d6fa0aafbb777d3fb4c8e79bc825e84e84a1f92a447fb94371af90636ae,image-held-review,"[""Resources/Audit/media.csv""]",ocr-ok,credential-candidate
CBBH,images/Pasted image 20241217120440.png,50407,46ffdb11a35ccdde66dfc0fba6da50da53c25c5102013a48ac3a4ebd483bc0c0,image-preserved,"[""assets/images/46ffdb11a35ccdde66df.png""]",ocr-ok,
CBBH,images/Pasted image 20241217122422.png,75179,eb2211749eeafc42031098b0aab77e3ef33e85a987960232d1becb5378ee34a1,image-preserved,"[""assets/images/eb2211749eeafc420310.png""]",ocr-ok,
CBBH,images/Pasted image 20241217123723.png,16383,6dd3a751f3556b9c429d8ee338c50992f16be9310f7d714c4c8ffaeba4e6289d,image-preserved,"[""assets/images/6dd3a751f3556b9c429d.png""]",ocr-ok,
CBBH,images/Pasted image 20241217123935.png,37880,33c476dde63f33c02cc386f2a2374fe1e2db32837393c31abce25819a9c5595a,image-preserved,"[""assets/images/33c476dde63f33c02cc3.png""]",ocr-ok,
CBBH,images/Pasted image 20241217124748.png,61199,0934c974823347a9dd3df10c99ea29480b7e274647f898859df1f145f0dac467,image-preserved,"[""assets/images/0934c974823347a9dd3d.png""]",ocr-ok,
CBBH,images/Pasted image 20241217125652.png,80956,517c1f62d2eb2098a0e808e5b0bb5f2fd38514688f77c4fbec7072bafd467de6,image-preserved,"[""assets/images/517c1f62d2eb2098a0e8.png""]",ocr-ok,
CBBH,images/Pasted image 20241217131421.png,66092,842af3ae24ba0572b6efb25373bdef761e07a0f9d7ed729dbc40ee9347ff99f3,image-preserved,"[""assets/images/842af3ae24ba0572b6ef.png""]",ocr-ok,
CBBH,images/Pasted image 20241217131733.png,22632,658b58f79cab53b7532a13c93317755c26ce659aa382c7927655f4d5b0d8342e,image-preserved,"[""assets/images/658b58f79cab53b7532a.png""]",ocr-ok,
CBBH,images/Pasted image 20241217131757.png,3084,acb48b139823956d9f5c59c405fd836e4e1c3ed4029e3c9b8c03fb1721047ab1,image-preserved,"[""assets/images/acb48b139823956d9f5c.png""]",ocr-ok,
CBBH,images/Pasted image 20241217131922.png,25497,d3999201783308ea7ac10754df6b651e2e0816b2f52acfbae99b6badd1b26f77,image-preserved,"[""assets/images/d3999201783308ea7ac1.png""]",ocr-ok,
CBBH,images/Pasted image 20241217133540.png,17550,01d07025608c93ba08241efb49ab00ab1a19a720958ff525ee156c6643615b86,image-preserved,"[""assets/images/01d07025608c93ba0824.png""]",ocr-ok,
CBBH,images/Pasted image 20241217134424.png,96663,5b489a56f44f135845a7aef9c3322ecf87ca723e32ecde331881b816589d2259,image-held-review,"[""Resources/Audit/media.csv""]",ocr-ok,email
CBBH,images/Pasted image 20241217134850.png,17237,e4f2852f8b247ee82bb52087e939926269a72c18c1a4d026643b7499401009eb,image-preserved,"[""assets/images/e4f2852f8b247ee82bb5.png""]",ocr-ok,
CBBH,images/Pasted image 20241217135113.png,59541,a959b0ad8f7e8aacdb1f45a09129749a45f5a855fa066f27c4056c50236fdedd,image-preserved,"[""assets/images/a959b0ad8f7e8aacdb1f.png""]",ocr-ok,
CBBH,images/Pasted image 20241217135449.png,37447,a3272057e6bcab28f62d67741121192c6599205cf41799fdd8e41d0092f911b4,image-preserved,"[""assets/images/a3272057e6bcab28f62d.png""]",ocr-ok,
CBBH,images/Pasted image 20241217135702.png,62643,edcd52335a7e0b344a7cb8fdcd69324ed072b02779c197c89a15bab89bb6bea7,image-preserved,"[""assets/images/edcd52335a7e0b344a7c.png""]",ocr-ok,
CBBH,images/Pasted image 20241217135826.png,60858,970824f95a01839383dee73e87aadc7a748dd221f7c50357b7f954e0560d70b4,image-preserved,"[""assets/images/970824f95a01839383de.png""]",ocr-ok,
CBBH,images/Pasted image 20241217154708.png,61262,858016950f316258440168231d4951899a8018a98a564cc41608a79f233b4d22,image-held-review,"[""Resources/Audit/media.csv""]",ocr-ok,credential-candidate
CBBH,images/Pasted image 20241217154902.png,37789,d126a51c750b249599b27cc2fb487faf51c0ef236009c212a2d3ae30ba5c9376,image-held-review,"[""Resources/Audit/media.csv""]",ocr-ok,credential-candidate
CBBH,images/Pasted image 20241217154932.png,61881,0a576b032a3187a81cdab2b43969d0fcc3dd65e191511dca12279df51165545e,image-preserved,"[""assets/images/0a576b032a3187a81cda.png""]",ocr-ok,
CBBH,images/Pasted image 20241217171151.png,16363,041e04e6e1b11cddb79254fb6d04256a404451e76fa68ce73c77f3cab6b593a1,image-preserved,"[""assets/images/041e04e6e1b11cddb792.png""]",ocr-ok,
CBBH,images/Pasted image 20241217171523.png,26090,67c009569667e45e047cb407bec72722aaa95c3a150d3064d0daf283437f6baa,image-held-review,"[""Resources/Audit/media.csv""]",ocr-ok,credential-candidate
CBBH,images/Pasted image 20241217172150.png,16973,82f51a1a263bc00809e13fce3db1ed9d1f0f7b2b38b120de2958809c4ac927d2,image-preserved,"[""assets/images/82f51a1a263bc00809e1.png""]",ocr-ok,
CBBH,images/Pasted image 20241217172208.png,15837,9dd871cb015e397ec1f566acab02739946c0909822c51e67eda02ded59bfd5bd,image-preserved,"[""assets/images/9dd871cb015e397ec1f5.png""]",ocr-ok,
CBBH,images/Pasted image 20241217172546.png,13939,92dba689eb30942040d7e45930178553a3d1c7010f2a77e4e03c60321bf30a1d,image-preserved,"[""assets/images/92dba689eb30942040d7.png""]",ocr-ok,
CBBH,images/Pasted image 20241217172642.png,29092,e3be59224004fe0c42dcdc45a00c0bbd147fd4e5a5435c469d65ded22b7e271e,image-held-review,"[""Resources/Audit/media.csv""]",ocr-ok,credential-candidate
CBBH,images/Pasted image 20241217175156.png,31232,f953e169b90172f5698aec96d8582589d18cb4be69543e08fcf3a524c80da83a,image-held-review,"[""Resources/Audit/media.csv""]",ocr-ok,credential-candidate
CBBH,images/Pasted image 20241217180517.png,16582,3a4bdaaf008e970b92bf9e690154517fb00758115506996378e25b4351209a88,image-preserved,"[""assets/images/3a4bdaaf008e970b92bf.png""]",ocr-ok,
CBBH,images/Pasted image 20241217185744.png,27097,5383a1457452ed9471b3262993e6d99247f503592ed002c415172ad79d3ee2b4,image-preserved,"[""assets/images/5383a1457452ed9471b3.png""]",ocr-ok,
CBBH,images/Pasted image 20241219130847.png,41292,1fd150d0b9970538577131eee4aef152d601b1342f4c2db7b13ff6ca754d7745,image-held-review,"[""Resources/Audit/media.csv""]",ocr-ok,credential-candidate
CBBH,images/Pasted image 20241219130918.png,9427,783f306e06e3e8550c28a321b2ee126a3216ba6d985ad275e6530ada05e99fdd,image-preserved,"[""assets/images/783f306e06e3e8550c28.png""]",ocr-ok,
CBBH,images/Pasted image 20241219131422.png,58750,7a2c2874ccf661550640820f734ca5d8d4138b9ad36d3723beeecd5449c154f0,image-preserved,"[""assets/images/7a2c2874ccf661550640.png""]",ocr-ok,
CBBH,images/Pasted image 20250115173954.png,18944,f868373c85ed6426808a1431549110a05e14e96ee0b3d906cdf90d46f034556c,image-preserved,"[""assets/images/f868373c85ed6426808a.png""]",ocr-ok,
CBBH,images/Pasted image 20250115174453.png,32413,55d3795350862e0fa3761967844b46eed175dc1394282a26eff9e9679ad24c85,image-preserved,"[""assets/images/55d3795350862e0fa376.png""]",ocr-ok,
CBBH,images/Pasted image 20250123184928.png,103989,125988e98b040c2635be9d478af7c3b9a6bc3b18084a70242fe78dd5ddb6c674,image-preserved,"[""assets/images/125988e98b040c2635be.png""]",ocr-ok,
CBBH,images/Pasted image 20250123185101.png,102803,01c1f2fac1f617fb67412aec1cd67f5f375a17ff005afa25b52d60e3db4838af,image-preserved,"[""assets/images/01c1f2fac1f617fb6741.png""]",ocr-ok,
CBBH,images/Pasted image 20250123185534.png,111507,2120817a9aba02ed46be3a7433733dc94b4f72cb394f19cb111f022e33e74ed5,image-preserved,"[""assets/images/2120817a9aba02ed46be.png""]",ocr-ok,
CBBH,images/Pasted image 20250124190634.png,36599,ef91599e6c91a0f5d8a4462e64ffdfc66ac46c3bac620e322242ef66e65f3a18,image-preserved,"[""assets/images/ef91599e6c91a0f5d8a4.png""]",ocr-ok,
CBBH,images/Pasted image 20250124191855.png,7373,becbaa485cf79dc46d70e86b5fcde4458f5c19bccd80aa383096fa1821105cc0,image-preserved,"[""assets/images/becbaa485cf79dc46d70.png""]",ocr-ok,
CBBH,images/Pasted image 20250124191926.png,6862,33f643b13b17d0db756a30f978e2cd560dbf8934b246c0c6be5321492bce191d,image-preserved,"[""assets/images/33f643b13b17d0db756a.png""]",ocr-ok,
CBBH,images/Pasted image 20250124192136.png,42955,20eeaa4801c7f454b7121048125503802e9f2ccf82eee5b58c8f936f43f20fa4,image-preserved,"[""assets/images/20eeaa4801c7f454b712.png""]",ocr-ok,
CBBH,images/Pasted image 20250125125915.png,130818,f87ec30540c27d6787917eb2c53b10908c680391b41690a507b30ad5a4327f51,image-preserved,"[""assets/images/f87ec30540c27d678791.png""]",ocr-ok,
CBBH,images/Pasted image 20250127181547.png,66217,06e6b5f57d03ef5dcb6333b831c2fedfae245d0f60928f0b1cbc492c28e50367,image-preserved,"[""assets/images/06e6b5f57d03ef5dcb63.png""]",ocr-ok,
CBBH,images/Pasted image 20250127181648.png,67659,bf7a3d2a1310b1698018a431fe8df689349f3ca6f98bb23d14732ca3b4373411,image-preserved,"[""assets/images/bf7a3d2a1310b1698018.png""]",ocr-ok,
CBBH,images/Pasted image 20250129105731.png,71739,f26fe9398d247fb2e9076b23eb7bc380f2fe71b71ae5d51ba954ed63cf368e91,image-preserved,"[""assets/images/f26fe9398d247fb2e907.png""]",ocr-ok,
CBBH,images/Pasted image 20250129113045.png,7799,edf1599ae9ec76c66020ada099d05137ff8904246bfbdfd9357fef65c3c0a039,image-preserved,"[""assets/images/edf1599ae9ec76c66020.png""]",ocr-ok,
CBBH,images/Pasted image 20250129113438.png,12004,8d6f501061cade8475af415caa1387f56e8f16b2e56780e1347dba5a1900801f,image-preserved,"[""assets/images/8d6f501061cade8475af.png""]",ocr-ok,
pentestNotes,Images/Pasted image 20240415182839.png,24177,ca0518afdc67c87cb79291147543f708e139b474605d469040a0f83f97dcf25e,image-catalogued-only,"[""Resources/Audit/media.csv""]",ocr-ok,
pentestNotes,Images/Pasted image 20240415185635.png,9507,4109fe9e21e80571938d19632927269ca0c7516e16a21bdbbf79c1d0f77de82c,image-catalogued-only,"[""Resources/Audit/media.csv""]",ocr-ok,
pentestNotes,Images/Pasted image 20240415192705.png,7040,6566c3d16539bce957b8f0868ac7988b2a22d77a4afb8116676dd1881019e96e,image-catalogued-only,"[""Resources/Audit/media.csv""]",ocr-ok,
pentestNotes,Images/Pasted image 20240415194836.png,15296,e1494f8bc3acfdedcb3bf88fcd3a665ee4a974321aca0c9f0a85de243d174fa8,image-held-review,"[""Resources/Audit/media.csv""]",ocr-ok,credential-candidate
pentestNotes,Images/Pasted image 20240416213636.png,352932,0ff667c50296964d9155ebe2d84bdd93f2b99e02539e0081146e5f36c321b2f0,image-catalogued-only,"[""Resources/Audit/media.csv""]",ocr-ok,
pentestNotes,Images/Pasted image 20240418183513.png,34907,b714ce2973ffe60d2f71c5ac69736e79201da4d9508d16ccbcb4cb71575621ac,image-catalogued-only,"[""Resources/Audit/media.csv""]",ocr-ok,
pentestNotes,Images/Pasted image 20240418185733.png,36189,e9007240074aaf6d1130b8348cfaaf05e8597a4455564fa4c8ebe46730153ec3,image-catalogued-only,"[""Resources/Audit/media.csv""]",ocr-ok,
pentestNotes,Images/Pasted image 20240419145721.png,39318,04d9a29dfaa90692b7571c4cde0abed399166289d00ee2cc725e0790ee2e2312,image-catalogued-only,"[""Resources/Audit/media.csv""]",ocr-ok,
pentestNotes,Images/Pasted image 20240422190034.png,44936,566d2067e0e56303e576c453850d388a2340beefab70b691d3a628e17d1a11b5,image-held-review,"[""Resources/Audit/media.csv""]",ocr-ok,credential-candidate
pentestNotes,Images/Pasted image 20240422191710.png,27830,3653e50413023a8d32d5792661d0ded36854238125b8ba377eaa2ad96670d9a9,image-catalogued-only,"[""Resources/Audit/media.csv""]",ocr-ok,
pentestNotes,Images/Pasted image 20240422191731.png,22251,0dbc11879caa489e14e5fc251f7c9cc63bc88ea6b915064cc8a73d328f1c6031,image-catalogued-only,"[""Resources/Audit/media.csv""]",ocr-ok,
pentestNotes,Images/Pasted image 20240425181850.png,35868,dee80e2f7df204d36848d9e10331ca0b27e579030de57766b62983122d18ec62,image-catalogued-only,"[""Resources/Audit/media.csv""]",ocr-ok,
pentestNotes,Images/Pasted image 20240426112741.png,68685,4c7e97ba69847e76cea5964b7675f81ffcf611c49673bb18244652aa5482f90d,image-catalogued-only,"[""Resources/Audit/media.csv""]",ocr-ok,
pentestNotes,Images/Pasted image 20240426113124.png,96431,737a3f384e076f5f92552cfb32b92d7fcee275de5d1d43b28fa57d918005e74f,image-held-review,"[""Resources/Audit/media.csv""]",ocr-ok,email
pentestNotes,Images/Pasted image 20240426114915.png,35430,fb6f5472182e73f383da996e3908c76aa2561dbe9f91469c1a39d4e63f7cf62f,image-catalogued-only,"[""Resources/Audit/media.csv""]",ocr-ok,
pentestNotes,Images/Pasted image 20240508202940.png,64239,bf8a7cc2fc7c31613fb7f1ff2f5269ead3d7dd6165600a605c245aa9289c5663,image-catalogued-only,"[""Resources/Audit/media.csv""]",ocr-ok,
pentestNotes,Images/Pasted image 20240514181525.png,54918,9ff26c9777a4d9b8d61a148392630099860e0a17f2bbb55f504dd828dda39405,image-held-review,"[""Resources/Audit/media.csv""]",ocr-ok,email
pentestNotes,Images/Pasted image 20240514181721.png,45724,3daeac467e8c1ed19b71929ef0b3e63ec3780a76488f9f98f3672a73111d252a,image-held-review,"[""Resources/Audit/media.csv""]",ocr-ok,email
pentestNotes,Images/Pasted image 20240514184104.png,74039,6b9c9da7b527f2a03e52cae7551bf7588d0ceeb74117c9a51f91082e5cc39aaf,image-held-review,"[""Resources/Audit/media.csv""]",ocr-ok,email
pentestNotes,Images/Pasted image 20240514184233.png,66173,501010366c0a5ea842cdb0956f50f9f76bf281835f642ebbda7ebdb93826653b,image-held-review,"[""Resources/Audit/media.csv""]",ocr-ok,email
pentestNotes,Images/Pasted image 20240514184824.png,73940,45ec3188d0543f88725f4a2dc8fbbe71eaf8932beb3bd62bfc406da3c03dc736,image-catalogued-only,"[""Resources/Audit/media.csv""]",ocr-ok,
pentestNotes,Images/Pasted image 20240514190932.png,61237,8422fd6a7e84779e760d91e198059b81fc4b812491311bc4d6932542d6c60d39,image-held-review,"[""Resources/Audit/media.csv""]",ocr-ok,credential-candidate
pentestNotes,Images/Pasted image 20240516175723.png,58901,b787325e89405c14bf95db9fec8f98078f7d79e3eb80e63455dbbaa28519a41b,image-catalogued-only,"[""Resources/Audit/media.csv""]",ocr-ok,
pentestNotes,Images/Pasted image 20240517191923.png,112756,0b5310d6fe06be6666c6071a79f0e2740a52335f3cd5ec29ba18cccf57fc9a44,image-catalogued-only,"[""Resources/Audit/media.csv""]",ocr-ok,
pentestNotes,Images/Pasted image 20240517192422.png,15196,71c8871548523550f26a0498bc30fece7c3a04a0f9b1c5ef73a3f26f4fd8bcda,image-catalogued-only,"[""Resources/Audit/media.csv""]",ocr-ok,
pentestNotes,Images/Pasted image 20240520103939.png,45812,da725b66e2a6be75eca3c513d9cd8d8af067ca1ef3864d91adbd2b0244e354ec,image-catalogued-only,"[""Resources/Audit/media.csv""]",ocr-ok,
pentestNotes,Images/Pasted image 20240520104928.png,333563,9419226efc5a13176e07cafcdfd7b010f3bf121e4a96269deef3a6f5dbf53ea3,image-held-review,"[""Resources/Audit/media.csv""]",ocr-ok,credential-candidate
pentestNotes,Images/Pasted image 20240520105114.png,102056,a9934f952ffec55bd7de405af3f5cdcd5c10110a5badaa685c16d461e883af0e,image-catalogued-only,"[""Resources/Audit/media.csv""]",ocr-ok,
pentestNotes,Images/Pasted image 20240520183228.png,15446,2859da481215f17fa5d943a15c844e27dfd019e790e1417ddea73b3860a39c6a,image-catalogued-only,"[""Resources/Audit/media.csv""]",ocr-ok,
pentestNotes,Images/Pasted image 20240522191414.png,32785,eddf9c0317bd1fe6680f41ce8e5933356746697246fbdc6698bc4e46fa329e66,image-catalogued-only,"[""Resources/Audit/media.csv""]",ocr-ok,
pentestNotes,Images/Pasted image 20240523104024.png,52279,cea33e195b6a1a534f99598231ecef0f4d7e47d4d6836b3d315ec5468dda163c,image-catalogued-only,"[""Resources/Audit/media.csv""]",ocr-ok,
pentestNotes,Images/Pasted image 20240523104316.png,39177,1980d922c7ccf265572360c9a3af68d3e314bcde9d127d6993abf387bfcbd5f8,image-catalogued-only,"[""Resources/Audit/media.csv""]",ocr-ok,
pentestNotes,Images/Pasted image 20240523104345.png,39484,a7670ac4dc3ef840b2463989ecbeccae7fdadaedf3f3839ab07515f891b64632,image-catalogued-only,"[""Resources/Audit/media.csv""]",ocr-ok,
pentestNotes,Images/Pasted image 20240523120905.png,42816,bfe047d0bb457764be16c74937db1cd394c8420728243b03e476de46478aaabd,image-catalogued-only,"[""Resources/Audit/media.csv""]",ocr-ok,
pentestNotes,Images/Pasted image 20240524103230.png,17929,bc72ab9a55ba49829d5447e166b1377e7f71af868818711c183baee3dab2f724,image-catalogued-only,"[""Resources/Audit/media.csv""]",ocr-ok,
pentestNotes,Images/Pasted image 20240524104238.png,17666,0ffd028bda504d2ac1212f38bbb0fbbeee1dcfe0ad95eb8f295158ac35cef1ab,image-catalogued-only,"[""Resources/Audit/media.csv""]",ocr-ok,
pentestNotes,Images/Pasted image 20240524105450.png,12136,8422650f3fe3921bd9d28c029f2248d72fad428be2cef8e04830e465887ca1ec,image-catalogued-only,"[""Resources/Audit/media.csv""]",ocr-ok,
pentestNotes,Images/Pasted image 20240526133512.png,23735,901e66d3085dfea5dbf63af8751b99dcf6f9f9b2ce8f0809d9d2588d2d9c25f6,image-catalogued-only,"[""Resources/Audit/media.csv""]",ocr-ok,
pentestNotes,Images/Pasted image 20240526134443.png,83692,228a2c6cac1367bf2122c615f53fa5380586db24dcbc13f803a64f19685e5b4b,image-catalogued-only,"[""Resources/Audit/media.csv""]",ocr-ok,
pentestNotes,Images/Pasted image 20240528180842.png,39393,7d082fcfccf37a5e1ac32b47564eb988c08f006ad36b579415a43f6d4082afd3,image-catalogued-only,"[""Resources/Audit/media.csv""]",ocr-ok,
pentestNotes,Images/Pasted image 20240528182244.png,14772,8389dab7f5919f455bac02fe2505ff11e52b088c28661edcdde3fd962e55c4a4,image-catalogued-only,"[""Resources/Audit/media.csv""]",ocr-ok,
pentestNotes,Images/Pasted image 20240528182341.png,84098,ce0dcabe9540908ffbff0ecd5ff181114734048d955006836588be9ec185bf9d,image-catalogued-only,"[""Resources/Audit/media.csv""]",ocr-ok,
pentestNotes,Images/Pasted image 20240528182741.png,24471,12c663c22089ad7c6748a9756e32ae19fa0b6b2a3df4cf09dee99348fe55f8bb,image-catalogued-only,"[""Resources/Audit/media.csv""]",ocr-ok,
pentestNotes,Images/Pasted image 20240528182802.png,20263,74e0060d5e8d39b2ee34eddea404ccf58a4c61666e6b6173c5196f782b3b3197,image-catalogued-only,"[""Resources/Audit/media.csv""]",ocr-ok,
pentestNotes,Images/Pasted image 20240528182825.png,8709,ebd6c533096b99f0b9b1214bf7aaacccf36975123e0b065cb5edd7f07f431564,image-catalogued-only,"[""Resources/Audit/media.csv""]",ocr-ok,
pentestNotes,Images/Pasted image 20240528185428.png,44337,f7e968d073850ef3cf373a84f5fe99789bfffb78383eae633a93b160566f5c5a,image-catalogued-only,"[""Resources/Audit/media.csv""]",ocr-ok,
pentestNotes,Images/Pasted image 20240528185607.png,15748,19bbbe2ad0422c0c5004750381b9bf46924f7337548edebb6cbe1b17e9017349,image-catalogued-only,"[""Resources/Audit/media.csv""]",ocr-ok,
pentestNotes,Images/Pasted image 20240530182106.png,87714,1af0c948e7f78a48913567b84408e95aca70cde9aea8184a209340b1c9a14d5b,image-catalogued-only,"[""Resources/Audit/media.csv""]",ocr-ok,
pentestNotes,Images/Pasted image 20240530182321.png,58867,7b099fd6d2580f3b12dbd68f42adca86487751bd63454a8bf8f74830665dc479,image-held-review,"[""Resources/Audit/media.csv""]",ocr-ok,credential-candidate
pentestNotes,Images/Pasted image 20240530183234.png,50264,3e67052690324b7ec0a91cc5e9739ee2b1a564929bdf70cca398a59e3d1088e6,image-catalogued-only,"[""Resources/Audit/media.csv""]",ocr-ok,
pentestNotes,Images/Pasted image 20240530183538.png,29878,bbbf8d42bb45ffb7de09e6678103bca3d37e68eec88b8838a4caada060e5a863,image-catalogued-only,"[""Resources/Audit/media.csv""]",ocr-ok,
pentestNotes,Images/Pasted image 20240531105209.png,38819,0a1dec3e704a96caa1a3ede9f10f6ed0a854e721cb3619ad55e7b6b36865797c,image-catalogued-only,"[""Resources/Audit/media.csv""]",ocr-ok,
pentestNotes,Images/Pasted image 20240605144041.png,16397,74a9e2379d1b524ac4b08dcdff77980b85a01d36950b2961df61875ab6f4541d,image-catalogued-only,"[""Resources/Audit/media.csv""]",ocr-ok,
pentestNotes,Images/Pasted image 20240614183052.png,23034,7a49cacea68e966b2f12ddd61f2d3b5030f5626cc2a399c29cd7cb4f0ebb76c4,image-catalogued-only,"[""Resources/Audit/media.csv""]",ocr-ok,
pentestNotes,Images/Pasted image 20240614183303.png,24988,aa5ea0e9f0b387fca3c8ab84c4a726919e1a67a9cda3869c620023793639d2cb,image-catalogued-only,"[""Resources/Audit/media.csv""]",ocr-ok,
pentestNotes,Images/Pasted image 20240617123658.png,37181,97933521e5dae5c289feb6499db2498a370a1cf0c982ac09adf8bb18fa5c24b0,image-catalogued-only,"[""Resources/Audit/media.csv""]",ocr-ok,
pentestNotes,Images/Pasted image 20240702121135.png,22204,e77cd249f0c59085ffc15088f0e0f995944767a75b713540d46d9754a14fd78f,image-catalogued-only,"[""Resources/Audit/media.csv""]",ocr-ok,
pentestNotes,Images/Pasted image 20240702121619.png,11984,112f52150c7f689f50d1d8f2672912eb0793d69baab77aef39ac2727fbbaa045,image-catalogued-only,"[""Resources/Audit/media.csv""]",ocr-ok,
pentestNotes,Images/Pasted image 20240702122445.png,28758,fece57619f1c8615614b942e80a3a924d2d84f41449aaf2154f8c46d3f459fb6,image-catalogued-only,"[""Resources/Audit/media.csv""]",ocr-ok,
pentestNotes,Images/Pasted image 20240703132858.png,22529,6df733f029d0ac80cd70916ccd083c035d8ab16efc1d70501507af83fd1ab4ad,image-catalogued-only,"[""Resources/Audit/media.csv""]",ocr-ok,
pentestNotes,Images/Pasted image 20240703132915.png,20568,5f7aa9b8cb5c9e6aa4e42968c299a7c0cdab83a054ed6cad252b246903decfef,image-catalogued-only,"[""Resources/Audit/media.csv""]",ocr-ok,
pentestNotes,Images/Pasted image 20240703164455.png,8441,8d9232ab2efc84fe9ad07a01fd08ecc0208dd9edf792d997ee8267d1207f5115,image-catalogued-only,"[""Resources/Audit/media.csv""]",ocr-ok,
pentestNotes,Images/Pasted image 20240703164623.png,23170,e562ac76c4572b280997aa061a14813b8912ab2619d6d20ccd4abb585471eee7,image-catalogued-only,"[""Resources/Audit/media.csv""]",ocr-ok,
pentestNotes,Images/Pasted image 20240704073405.png,147033,286d6c5093dc3015d7acafd43097f100bbc7cd95ddfdfd1f69b484830c6aa340,image-catalogued-only,"[""Resources/Audit/media.csv""]",ocr-ok,
pentestNotes,Images/Pasted image 20240705045849.png,40410,a7cb072d70b96890c8ebbaf4be684e49769b03c0fd5608e966f9552ce521f4b6,image-catalogued-only,"[""Resources/Audit/media.csv""]",ocr-ok,
pentestNotes,Images/Pasted image 20240705053505.png,26667,be0da8303264b4e59e09c74490268704d6e311b1462ee0d55dc5386d6e4780a5,image-catalogued-only,"[""Resources/Audit/media.csv""]",ocr-ok,
pentestNotes,Images/Pasted image 20240705054750.png,256004,84d129dda0f1a17cdecbd3da0cd63fb3c31c109bcfe37fdfa104e39db7df8958,image-catalogued-only,"[""Resources/Audit/media.csv""]",ocr-ok,
pentestNotes,Images/Pasted image 20240705055623.png,101894,f42f26ebd88602d3b5a0a44d866a2f194aca2766c179d8642988451e6d7590d7,image-catalogued-only,"[""Resources/Audit/media.csv""]",ocr-ok,
pentestNotes,Images/Pasted image 20240707121411.png,43225,208686280908e2394d89d2945c86869f8330399b83da70428344b364ca59c471,image-catalogued-only,"[""Resources/Audit/media.csv""]",ocr-ok,
pentestNotes,Images/Pasted image 20240707154848.png,33636,86c50980b4edd1a937dec4f9fb4d7619da6a4ec742faadd16772b9e7c856507a,image-catalogued-only,"[""Resources/Audit/media.csv""]",ocr-ok,
pentestNotes,Images/Pasted image 20240707155021.png,13802,d84ee28ce8f1b2aaf9327a3c97ce3069340b1efc9d8434d314a10716b33d9394,image-catalogued-only,"[""Resources/Audit/media.csv""]",ocr-ok,
notes,.gitbook/assets/Pasted image 20231019215400.png,370683,895ea700792815718d84c31da0a20f6cbdb425d3fff40ba0339bc5c176acf6c0,image-catalogued-only,"[""Resources/Audit/media.csv""]",ocr-ok,
notes,.gitbook/assets/Pasted image 20231019215417.png,3448,cd99b2929aeb16f1b671b06ad73f868e00a778e74294d513b24007fea8a15293,image-catalogued-only,"[""Resources/Audit/media.csv""]",ocr-ok,
notes,.gitbook/assets/Pasted image 20231020170811.png,33689,5a8ff003834eae817c201dbcee7bd51cd7f664a5eeccb1bf52dfa544ad25cc76,image-catalogued-only,"[""Resources/Audit/media.csv""]",ocr-ok,
notes,.gitbook/assets/Pasted image 20231020172828.png,44570,a52163d1241e54606f358e0cc7a031bb64493bb4adb8a7a47146a399f98e9e20,image-catalogued-only,"[""Resources/Audit/media.csv""]",ocr-ok,
notes,.gitbook/assets/Pasted image 20231020184147.png,19613,85aa01f18eb3605ff85705e582988d39a2720d8a9054bab2f537fb0b142f791c,image-catalogued-only,"[""Resources/Audit/media.csv""]",ocr-ok,
notes,.gitbook/assets/Pasted image 20231021122436.png,12600,1cc34ff956e676bcc161c34f7fe43369b3f3c8bab4f517d1461839f435db20c2,image-catalogued-only,"[""Resources/Audit/media.csv""]",ocr-ok,
notes,.gitbook/assets/Pasted image 20231021124122.png,42942,a85c4bf6e470ab93b6bcc1dd6440c24fde0fa95d66e476148ebc0f2113b2a78c,image-catalogued-only,"[""Resources/Audit/media.csv""]",ocr-ok,
notes,.gitbook/assets/Pasted image 20231021130748.png,25176,0992780dd7a2b17633ca94e4346ec45c5db77e96f695605fe769e7a2c96e7b88,image-catalogued-only,"[""Resources/Audit/media.csv""]",ocr-ok,
notes,.gitbook/assets/Pasted image 20231021182901.png,16980,f0de1d1e6784d2eb5def163d82bf5a82d7791090ac90a7452bf6a92e2869ee2a,image-catalogued-only,"[""Resources/Audit/media.csv""]",ocr-ok,
notes,.gitbook/assets/Pasted image 20231021183720.png,144275,5b166c724332bfebc4c489eee8c8680c2f195e3fc0325e99cb505eacbdfbd47b,image-catalogued-only,"[""Resources/Audit/media.csv""]",ocr-ok,
notes,.gitbook/assets/Pasted image 20231022130312 (1).png,48596,7ff18b67cb409a2e32ad133b4fc4d2d31b4363c886b31d49666853081a9b90aa,image-catalogued-only,"[""Resources/Audit/media.csv""]",ocr-ok,
notes,.gitbook/assets/Pasted image 20231022130312.png,48596,7ff18b67cb409a2e32ad133b4fc4d2d31b4363c886b31d49666853081a9b90aa,image-catalogued-only,"[""Resources/Audit/media.csv""]",ocr-ok,
notes,.gitbook/assets/Pasted image 20231022131717.png,5040,e06f2b72531930a9fc6ad86d3fe99514f19b818202e43d932d7eb3d76f3a46a7,image-catalogued-only,"[""Resources/Audit/media.csv""]",ocr-ok,
notes,.gitbook/assets/Pasted image 20231022180245.png,31573,d2f7f35f07e32badeb74d8d38425c4c3a12326f79ffbeee27c65c95965586253,image-catalogued-only,"[""Resources/Audit/media.csv""]",ocr-ok,
notes,.gitbook/assets/Pasted image 20231022222314.png,39323,9275dbd135f8f120589728b4e6d5d97b89e7c0ea80a9c4774442d1210bd7f6ff,image-catalogued-only,"[""Resources/Audit/media.csv""]",ocr-ok,
notes,.gitbook/assets/Pasted image 20231023190517.png,13184,24a489a4edb54f8cc5cb7a4909e22545e01ac8b0bfadddb520993f8683fee4e1,image-catalogued-only,"[""Resources/Audit/media.csv""]",ocr-ok,
notes,.gitbook/assets/Pasted image 20231023193507.png,34848,5008d40906e042302999b2cd4fc996b2394d49f067a00db5b114d1d25a2ddf0a,image-catalogued-only,"[""Resources/Audit/media.csv""]",ocr-ok,
notes,.gitbook/assets/Pasted image 20231023220428.png,62177,3549d6c4f8efba5bb3b6096e8e5111557b999479140cf931a0e03037936c25a7,image-catalogued-only,"[""Resources/Audit/media.csv""]",ocr-ok,
notes,.gitbook/assets/Pasted image 20231024215530.png,33934,f5f42b87e7c43e7cd6b75c963c5e5591f476f4b8d221847265bf496dcbea54a8,image-catalogued-only,"[""Resources/Audit/media.csv""]",ocr-ok,
notes,.gitbook/assets/Pasted image 20231102182052.png,18997,94aa0dc5afdaff314cfa0690a4a112144b78f2c22067606dc730d4af6d0f0f7e,image-catalogued-only,"[""Resources/Audit/media.csv""]",ocr-ok,
notes,.gitbook/assets/Pasted image 20231102182609.png,30278,312037281b8ad56ebbb790b6ba037ebdcf44bb623bf1d2a27349ec444f9bc6bd,image-catalogued-only,"[""Resources/Audit/media.csv""]",ocr-ok,
notes,.gitbook/assets/Pasted image 20231102184906.png,20645,65fc7d3bfe04324260b3407c89f17565ee7c832dcf9ddd17a2f7ec0b1b449b54,image-held-review,"[""Resources/Audit/media.csv""]",ocr-ok,email
notes,.gitbook/assets/Pasted image 20231102184936.png,33129,f0cd5da48bcd506f2a85a31c9b4c334518cb23b454fa0333111299c2655e1ab4,image-catalogued-only,"[""Resources/Audit/media.csv""]",ocr-ok,
notes,.gitbook/assets/Pasted image 20231102185447.png,19995,748f21e01cec86786bf55a488fd69fa6f580c243ce38b36e67bfef22cad6b005,image-catalogued-only,"[""Resources/Audit/media.csv""]",ocr-ok,
notes,.gitbook/assets/Pasted image 20231102185541.png,6539,b01e5c488657bbb018bfae20aadd2a29a70563df049e8428cc6a74d31ef92859,image-catalogued-only,"[""Resources/Audit/media.csv""]",ocr-ok,
notes,.gitbook/assets/Pasted image 20231102185733.png,38656,4097b79163d42b116f03e012a58d38003a84758663922c85eec1770d84cb1916,image-catalogued-only,"[""Resources/Audit/media.csv""]",ocr-ok,
notes,.gitbook/assets/Pasted image 20231102191002.png,11530,f25b10d8d645f74ce2227137779bd8238bb641e7f883b0f020be5c9924b25e64,image-catalogued-only,"[""Resources/Audit/media.csv""]",ocr-ok,
notes,.gitbook/assets/Pasted image 20231102191130.png,21414,e70a39b4728cb1b933d651eaa096a88b83377ed55695e97500819e0d717d59dd,image-catalogued-only,"[""Resources/Audit/media.csv""]",ocr-ok,
notes,.gitbook/assets/Pasted image 20231102191250.png,23363,b9c89b82a88b3dfd93241bd2ab386560905657d4d9a04bd49c59e91f16e02b52,image-catalogued-only,"[""Resources/Audit/media.csv""]",ocr-ok,
notes,.gitbook/assets/Pasted image 20231102192307.png,28245,d4cdd300d292fae10112320ebee09435fc09cbbf38189830a102b267b4585084,image-catalogued-only,"[""Resources/Audit/media.csv""]",ocr-ok,
notes,.gitbook/assets/Pasted image 20231102192854.png,25616,227432c92b74a8500144eeac857094e45e04a374afad613ace32f74b7b4b74bb,image-catalogued-only,"[""Resources/Audit/media.csv""]",ocr-ok,
notes,.gitbook/assets/Pasted image 20231102192952.png,37046,03b4af970bf6fde7d5dbe256ccd329955b59837601501a87d1be5aa627318e3c,image-catalogued-only,"[""Resources/Audit/media.csv""]",ocr-ok,
notes,.gitbook/assets/Pasted image 20231102195439.png,49465,5002abe631fe0a1a9e2c9b9ef61f8b3cf03937857bc94deb765356de1c03adc1,image-held-review,"[""Resources/Audit/media.csv""]",ocr-ok,credential-candidate
notes,.gitbook/assets/Pasted image 20231103183849.png,854025,05ca354f08f6490770eaa28621c2b1819d3e3a996fccb0f869406938c1eb2864,image-catalogued-only,"[""Resources/Audit/media.csv""]",ocr-ok,
notes,.gitbook/assets/Pasted image 20231103185323.png,571794,28608c1cd939fe6709e700b4ecc0e70c9ec87b0f32a81de72f8df500c2e81552,image-catalogued-only,"[""Resources/Audit/media.csv""]",ocr-ok,
notes,.gitbook/assets/Pasted image 20231103185404.png,20421,99d10d0cf58bf2f6f4e68942b039a083b5a5339946abf9ca3f29ccf914e54fa4,image-catalogued-only,"[""Resources/Audit/media.csv""]",ocr-ok,
notes,.gitbook/assets/Pasted image 20231103190600.png,62986,ec0622d4f72fae7365c8b8af326b526dfced7272644ab9dac98670e0e5926bb4,image-catalogued-only,"[""Resources/Audit/media.csv""]",ocr-ok,
notes,.gitbook/assets/Pasted image 20231103194325.png,13901,f282165916410cd804cfaa141881a46d65953c4e325114a0af8eb1551c4f9956,image-catalogued-only,"[""Resources/Audit/media.csv""]",ocr-ok,
notes,.gitbook/assets/Pasted image 20231103194433.png,42540,58d22ed6dfee924ef2dedc4f9e607fdf0c94d9264826d74e9292f4e8652d41f9,image-catalogued-only,"[""Resources/Audit/media.csv""]",ocr-ok,
notes,.gitbook/assets/Pasted image 20231103195134.png,8189,2f2348e5c02524b305653b47284a7c0f85d276e28844aceba0b80c208a0abc85,image-catalogued-only,"[""Resources/Audit/media.csv""]",ocr-ok,
notes,.gitbook/assets/Pasted image 20231103195156.png,11673,a59ac5239e7083b0c9a8b345b1f55aec04d787b78b5d3e52b736630449ec121e,image-catalogued-only,"[""Resources/Audit/media.csv""]",ocr-ok,
notes,.gitbook/assets/Pasted image 20231124175800.png,214465,0651a4dcd392931cd1ddd21f7c99da24f445f8483217a84f793033729aa76d9c,image-catalogued-only,"[""Resources/Audit/media.csv""]",ocr-ok,
writeups,Images/Pasted image 20240131195929.png,61510,b81ea94235400664ebd820e75c0fc19fae5efa778bdac80126f57d331ac670cc,image-catalogued-only,"[""Resources/Audit/media.csv""]",ocr-ok,
writeups,Images/Pasted image 20240131195951.png,26087,bae240a92825a9644c0fdf595e87bfc851deccfbc80f82d579dbc25c38753e0c,image-catalogued-only,"[""Resources/Audit/media.csv""]",ocr-ok,
writeups,Images/Pasted image 20240131200009.png,17336,a9c9c0d2a925d1c4fc2a3da1a0f13126a6422fc83b1a8875f091091365c5b61d,image-catalogued-only,"[""Resources/Audit/media.csv""]",ocr-ok,
writeups,Images/Pasted image 20240131214151.png,66601,1cb2dc267d2a39590f7c011551215a475952bf1c64fca9c43b51a2480900f4d2,image-catalogued-only,"[""Resources/Audit/media.csv""]",ocr-ok,
writeups,Images/Pasted image 20240131215339.png,44507,90a700ad1326f5e2dd0e65338375480d368c31ab400c9c21b48ae0ce2603598c,image-catalogued-only,"[""Resources/Audit/media.csv""]",ocr-ok,
writeups,Images/Pasted image 20240131215552.png,64150,56673f64c9d49397d75e98c2869778df0e50a54106c00b21301810a122b97122,image-catalogued-only,"[""Resources/Audit/media.csv""]",ocr-ok,
writeups,Images/Pasted image 20240131221434.png,37554,38434891562316631c88003ac80dac18abad0c9e0a5d76ca9668cbe64fe52f3c,image-catalogued-only,"[""Resources/Audit/media.csv""]",ocr-ok,
writeups,Images/Pasted image 20240131222435.png,19188,59fbafd4751a537005e097fd9bc8c6fc00674ba834f5716ba9b83226a30c9a18,image-catalogued-only,"[""Resources/Audit/media.csv""]",ocr-ok,
writeups,Images/Pasted image 20240131223538.png,18855,028f53d7d9b6f72479420681322699d19c6a7d29afb0d9172fa9d963fa784bcb,image-catalogued-only,"[""Resources/Audit/media.csv""]",ocr-ok,
writeups,Images/Pasted image 20240201103535.png,23493,fb0cd8175311ea9e473f604b84c3bdc7a17c7c32f85c7b4556ddbeed4e7f930f,image-catalogued-only,"[""Resources/Audit/media.csv""]",ocr-ok,
writeups,Images/Pasted image 20240201103751.png,24539,342658cae6a2a48fd50479b7555be19545c3d2459dd5bb85453016e2c272ab33,image-catalogued-only,"[""Resources/Audit/media.csv""]",ocr-ok,
writeups,Images/Pasted image 20240201104626.png,35960,39639939aa163cff6bb9c720b0d3a0e8275c86f2b8268cc36bf245ee2d31aa29,image-catalogued-only,"[""Resources/Audit/media.csv""]",ocr-ok,
writeups,Images/Pasted image 20240201110641.png,50445,b4c2a9d60ac572b351588ebae097b738e96cebfcfa5eb369d82a731f482160b8,image-catalogued-only,"[""Resources/Audit/media.csv""]",ocr-ok,
writeups,Images/Pasted image 20240201115645.png,47738,f8110d88cbe6a82cf3de41ac918820c78a79649a0b49feeca03b761623c47898,image-catalogued-only,"[""Resources/Audit/media.csv""]",ocr-ok,
writeups,Images/Pasted image 20240201115852.png,5519,be88d5eb749b58c6885f633e6d5539f6eaa0f0295167bf80be7658cc1aeb9030,image-catalogued-only,"[""Resources/Audit/media.csv""]",ocr-ok,
writeups,Images/Pasted image 20240201132151.png,26873,e69c1500d93f11d2ee975023a8d2b387c49559d45447afadcbe0ae8f8db08de6,image-catalogued-only,"[""Resources/Audit/media.csv""]",ocr-ok,
writeups,Images/Pasted image 20240201153441.png,18548,fcbf36669f02bb36a7a0ec6256f008ffccae3aafd5ce0675c735e321ea77ecf1,image-catalogued-only,"[""Resources/Audit/media.csv""]",ocr-ok,
writeups,Images/Pasted image 20240201153811.png,18062,a4897796a32131dc104a896866246eac57a8933eb9a4d12948d21b9353de8745,image-catalogued-only,"[""Resources/Audit/media.csv""]",ocr-ok,
writeups,Images/Pasted image 20240201155957.png,25800,c2b2b3faca26de78858ac8e74bffca2fe24e04027eb1ffa695298fb4725d0615,image-catalogued-only,"[""Resources/Audit/media.csv""]",ocr-ok,
writeups,Images/Pasted image 20240201160249.png,1870248,891abc30a911946095520637e3aed032011842ae1ffef0f7b2070ea1e12eb739,image-catalogued-only,"[""Resources/Audit/media.csv""]",ocr-ok,
writeups,Images/Pasted image 20240201184612.png,35216,f185a4b8fe25bc98a79db33c172680bfd120b73b5ea51fa99ebc5df731f14c0c,image-catalogued-only,"[""Resources/Audit/media.csv""]",ocr-ok,
writeups,Images/Pasted image 20240201184745.png,29477,b1429c7d43850d0195ff7d691c087aa5f1cee178f75a09866afc4006d06b155c,image-catalogued-only,"[""Resources/Audit/media.csv""]",ocr-ok,
writeups,Images/Pasted image 20240201194354.png,13198,fc330e194e8d2f50376fbb0472367fce166c2825dd3d80eeba76789e478dd985,image-catalogued-only,"[""Resources/Audit/media.csv""]",ocr-ok,
writeups,Images/Pasted image 20240201194410.png,11171,9ce2f13609343829459f105f991257c7538ae2dd800c163d4db37204bd1059c1,image-catalogued-only,"[""Resources/Audit/media.csv""]",ocr-ok,
writeups,Images/Pasted image 20240201221517.png,13201,955a2d6d752c0e8bca6e0529a99aacb684af60215ff2da990b9947689eb63cca,image-catalogued-only,"[""Resources/Audit/media.csv""]",ocr-ok,
writeups,Images/Pasted image 20240202104521.png,47623,7ea1d7b464b174e8cf46c8ebf02ca2fc8ee5b08bd9e21327914b9bd2e421ed10,image-catalogued-only,"[""Resources/Audit/media.csv""]",ocr-ok,
writeups,Images/Pasted image 20240202104542.png,77210,8d1f6ccf8abf5f984d8c792d79dd03b4ad7dfcb6d347cfef1974d1083219a1df,image-catalogued-only,"[""Resources/Audit/media.csv""]",ocr-ok,
writeups,Images/Pasted image 20240202104549.png,32512,20411e6b3b4025b455a5eb20d26dc73e6910f43283f3ddf82e584d4148493085,image-catalogued-only,"[""Resources/Audit/media.csv""]",ocr-ok,
writeups,Images/Pasted image 20240202105117.png,38157,f83ff168e9d53797ff8f6e0477878f356d3d48a623ce2c3ba0c2a68af9fa602e,image-catalogued-only,"[""Resources/Audit/media.csv""]",ocr-ok,
writeups,Images/Pasted image 20240202110251.png,31025,e5c34d52cb0b6ddb7b417e4fa47bc155b217c0ddbe1a86fbab3f990e9f8a0317,image-catalogued-only,"[""Resources/Audit/media.csv""]",ocr-ok,
writeups,Images/Pasted image 20240202112855.png,7728,9c0a749ec583269f53b87cd949461f189b0c0d071ef696df8bf0dfb3efc4cc7e,image-catalogued-only,"[""Resources/Audit/media.csv""]",ocr-ok,
writeups,Images/Pasted image 20240202113637.png,28154,1dc3cad3545738be30b87bb78840488898940ea7c2bd117d830435e0e1a403a6,image-catalogued-only,"[""Resources/Audit/media.csv""]",ocr-ok,
writeups,Images/Pasted image 20240202122811.png,14450,29e0dadd46a94aa9f9403cd0d601742ceb9b15db57844897aca252feced512f0,image-catalogued-only,"[""Resources/Audit/media.csv""]",ocr-ok,
writeups,Images/Pasted image 20240202131112.png,24505,08f514e481875993cf5a23fae24cfa99e67b89d546d7cb6498b774e5d18184ec,image-catalogued-only,"[""Resources/Audit/media.csv""]",ocr-ok,
writeups,Images/Pasted image 20240203191223.png,20146,a640ef1af0e21d1bdaf0570ec57cf38021c88ba5a956afbbfc583953274ebad3,image-catalogued-only,"[""Resources/Audit/media.csv""]",ocr-ok,
writeups,Images/Pasted image 20240203191419.png,7796,d2f96ebc89f2ebcff1d0e081d688619968c4402cd90cadf288104e047243837c,image-catalogued-only,"[""Resources/Audit/media.csv""]",ocr-ok,
writeups,Images/Pasted image 20240203191546.png,15835,36464a21c0f2c063941f41ec6e25f834cc8631f43cfbe3b86f6ed20b039a38c4,image-catalogued-only,"[""Resources/Audit/media.csv""]",ocr-ok,
writeups,Images/Pasted image 20240203192324.png,35073,52cff37a9637e90805abbf644e8e0bd85897446a23042e3e7aa0ae935ea249e4,image-catalogued-only,"[""Resources/Audit/media.csv""]",ocr-ok,
writeups,Images/Pasted image 20240203193740.png,33261,9f7ed5e753b6bd8fd5c044ce98cace1fe1f7d1c9c20dc71e99a1f55c8fcbf80c,image-catalogued-only,"[""Resources/Audit/media.csv""]",ocr-ok,
writeups,Images/Pasted image 20240203194014.png,5526,98029afb80e23b72e35c81ec6498ec2c078522367309295bd42fa205cd1ab1f4,image-held-review,"[""Resources/Audit/media.csv""]",ocr-ok,credential-candidate
writeups,Images/Pasted image 20240204153354.png,23538,ed3fe1867e38a73019847cced9abd16fc3e6ef9cedab51467cf209c51bb5f64d,image-held-review,"[""Resources/Audit/media.csv""]",ocr-ok,email
writeups,Images/Pasted image 20240204155328.png,11466,7bb49fbbfa50f40a2c016c60443e95c33afd836163fe27c272b0722094ec905a,image-held-review,"[""Resources/Audit/media.csv""]",ocr-ok,credential-candidate
writeups,Images/Pasted image 20240204155335.png,7004,79622d5182021d36296280cf3a92429d617ba4fd8f179249324c696be5a757bf,image-held-review,"[""Resources/Audit/media.csv""]",ocr-ok,email
writeups,Images/Pasted image 20240204155557.png,19551,af8bf90218f82d99db900ebe8422327ca7105fcdfbb44972bad33b5853f373d9,image-catalogued-only,"[""Resources/Audit/media.csv""]",ocr-ok,
writeups,Images/Pasted image 20240204155737.png,79977,01cabbc39279f35f687575bc4e43fdaa3404004c37a0520269684ef797156267,image-catalogued-only,"[""Resources/Audit/media.csv""]",ocr-ok,
writeups,Images/Pasted image 20240204160606.png,36637,c68f02e2f4c4c9f5c898cb1caf4fa632d515e3ef8d6db6d521406d0b1bce2e21,image-catalogued-only,"[""Resources/Audit/media.csv""]",ocr-ok,
writeups,Images/Pasted image 20240204160724.png,30413,f72845d7c8d5b08cb1e59e25be030d43a3e25a23bfe423a696ddbbd49fa9d945,image-catalogued-only,"[""Resources/Audit/media.csv""]",ocr-ok,
writeups,Images/Pasted image 20240204161121.png,29878,1315023a2c745a9e40912220eca25c7430c6b43ce40da008ed622a31d7bfd8b9,image-catalogued-only,"[""Resources/Audit/media.csv""]",ocr-ok,
writeups,Images/Pasted image 20240204161238.png,11261,e847b36cb21dc0f9d36c7ab2805f5a1527840ceab777ebcc20586f88786a0948,image-catalogued-only,"[""Resources/Audit/media.csv""]",ocr-ok,
writeups,Images/Pasted image 20240204185128.png,195485,6f6a341f581fba7791029976c7844cf725ea94674a2fc700fe9725451371404c,image-catalogued-only,"[""Resources/Audit/media.csv""]",ocr-ok,
writeups,Images/Pasted image 20240204190254.png,30896,b273affe90670a55a81cc5f2137e7eaca19ca3af46a3fe3ab179212cbc03617f,image-catalogued-only,"[""Resources/Audit/media.csv""]",ocr-ok,
writeups,Images/Pasted image 20240204191951.png,42971,6ec2b453d8d9ed58ebf7bfaa6dd124fd5e38c3e711e7cba73203d8c539f4702b,image-catalogued-only,"[""Resources/Audit/media.csv""]",ocr-ok,
writeups,Images/Pasted image 20240204200002.png,13996,c4f6bb03b35f78e96023b579d6aad1e854c62d26a0ca40134cb8bf60b58b1b9c,image-catalogued-only,"[""Resources/Audit/media.csv""]",ocr-ok,
writeups,Images/Pasted image 20240204200947.png,30576,b837c2e902ac8f538863e2166c31b3afb5dbf3d10407391b447effc5fd564f4b,image-catalogued-only,"[""Resources/Audit/media.csv""]",ocr-ok,
writeups,Images/Pasted image 20240204214945.png,10833,405ee1e31f1ec45f42b3c867b408866ee38890ce87be004b45e31b6b04c8df8b,image-catalogued-only,"[""Resources/Audit/media.csv""]",ocr-ok,
writeups,Images/Pasted image 20240204220146.png,54334,7088df198c25d910b991ae3f84613ad10d1d788cf22017a12fd5bf25c0ae95e0,image-catalogued-only,"[""Resources/Audit/media.csv""]",ocr-ok,
writeups,Images/Pasted image 20240205192257.png,99777,0410aec034e0c5284f033fa75271c31d12e7c06e5bf5e3e292ff2e0b4710440e,image-catalogued-only,"[""Resources/Audit/media.csv""]",ocr-ok,
writeups,Images/Pasted image 20240206220512.png,585394,f3e5a8da2f61608a093b0b3fc25fd841e7f8eb4b91de8843b9161731f3dd0a48,image-catalogued-only,"[""Resources/Audit/media.csv""]",ocr-ok,
writeups,Images/Pasted image 20240208115009.png,20431,88bf37f33418982794028cf6bf17e34d6a6fe017bf3d0f41de508c1cf515e3ce,image-catalogued-only,"[""Resources/Audit/media.csv""]",ocr-ok,
writeups,Images/Pasted image 20240208120142.png,15296,8f869ab67b309f00b4b690744ddcd713ef4faed12ef1ebe42fe98e5462620f1f,image-catalogued-only,"[""Resources/Audit/media.csv""]",ocr-ok,
writeups,Images/Pasted image 20240208120850.png,29439,9d6f056054b13319e0378d5a800586b468f8e9e8fa1f45280fcaa0f07c230bdf,image-catalogued-only,"[""Resources/Audit/media.csv""]",ocr-ok,
writeups,Images/Pasted image 20240208125532.png,54331,cf349f41ad18e54287d66dbbfd838f6b3848fd8db228612b844ceeed5b3fa5c5,image-catalogued-only,"[""Resources/Audit/media.csv""]",ocr-ok,
writeups,Images/Pasted image 20240208160637.png,37997,d42ded7b74fc3fab3e14a6af3c98c6632182b9e187f76fd10c64c741fb3ffbf9,image-catalogued-only,"[""Resources/Audit/media.csv""]",ocr-ok,
writeups,Images/Pasted image 20240208193837.png,29924,bad06ec35a6532ac58074b4cf14fe046f20757dcbbfd2b422cdafe3f181e6f03,image-catalogued-only,"[""Resources/Audit/media.csv""]",ocr-ok,
writeups,Images/Pasted image 20240210123719.png,35688,f88a76e2df8c1a781022e95c9bb1ffa07f8a334690d9e7033a8c63649f2f5452,image-catalogued-only,"[""Resources/Audit/media.csv""]",ocr-ok,
writeups,Images/Pasted image 20240210123743.png,18103,c599d922e1ee71cedff8c4e861bbcd539a163b1d42687fa67877d4a4387e63af,image-catalogued-only,"[""Resources/Audit/media.csv""]",ocr-ok,
writeups,Images/Pasted image 20240212182115.png,14559,831f8bd764d50c2fa3c797cfcc0a2aae5ceb5e30c1d4f7dd4e944d36536f777a,image-catalogued-only,"[""Resources/Audit/media.csv""]",ocr-ok,
writeups,Images/Pasted image 20240212182146.png,12509,30e7c69494a3350e99578cec13d57c2d47db4644088bcbf541064fea98ef1384,image-catalogued-only,"[""Resources/Audit/media.csv""]",ocr-ok,
writeups,Images/Pasted image 20240212182553.png,40231,30bc8cbca14cd951981d956da75fb540e87af68730187f96ab69e009dbb26bb0,image-catalogued-only,"[""Resources/Audit/media.csv""]",ocr-ok,
writeups,Images/Pasted image 20240213214803.png,35026,3cb486c0df35d729f2ddd7c9a6b50b8812823f7bb12f9f4e76121ba6d7c12f0e,image-catalogued-only,"[""Resources/Audit/media.csv""]",ocr-ok,
writeups,Images/Pasted image 20240213215049.png,12842,87b2ef043f306522e19d97c183b7252d20b06b091070bda66937581110c802e5,image-catalogued-only,"[""Resources/Audit/media.csv""]",ocr-ok,
writeups,Images/Pasted image 20240215103640.png,167873,a8d0cc2d8c2638443f8fd47e68f4923d752c9df4397760604df6d05f2d3614fc,image-catalogued-only,"[""Resources/Audit/media.csv""]",ocr-ok,
writeups,Images/Pasted image 20240215112422.png,17710,96ca1aa49ab0fb863efa043c05902da0d8c9cc710635af949c1b07dc14e53a3b,image-catalogued-only,"[""Resources/Audit/media.csv""]",ocr-ok,
writeups,Images/Pasted image 20240216090146.png,19343,dc3181bfca78217b7998f6f3a1e1bd61ad1e54d1d149b737cd4fcf5871c6ff6c,image-catalogued-only,"[""Resources/Audit/media.csv""]",ocr-ok,
writeups,Images/Pasted image 20240216091131.png,45004,89d62db9aadb351dcb10bd10d4b572ebb13e0fa118111f6c4533fc4f2afb3546,image-catalogued-only,"[""Resources/Audit/media.csv""]",ocr-ok,
writeups,Images/Pasted image 20240216091208.png,10199,97d48468dedd276722b90a471ec83d220cfc9da3fed7d3e70e1aceb0631b9ee2,image-catalogued-only,"[""Resources/Audit/media.csv""]",ocr-ok,
writeups,Images/Pasted image 20240219201545.png,31971,0a977b3b215e0efa480da5d934352a1a043535105422c7bcab303c0b56eca43c,image-catalogued-only,"[""Resources/Audit/media.csv""]",ocr-ok,
writeups,Images/Pasted image 20240219201602.png,18640,5fdd7b7890c75d4e3a2e14a9e3f1f736371470a7cd5e776a108f0ad7832ead2a,image-catalogued-only,"[""Resources/Audit/media.csv""]",ocr-ok,
writeups,Images/Pasted image 20240219202551.png,43061,904975bd9e6d84ffe6debb287996dc38020019a13cd05b2d6fd908f0142b3767,image-catalogued-only,"[""Resources/Audit/media.csv""]",ocr-ok,
writeups,Images/Pasted image 20240220223020.png,4550,6aeda187a9120ddcfac3c6eda5568688254e5a32fb3854c12b7274f1a3a17909,image-catalogued-only,"[""Resources/Audit/media.csv""]",ocr-ok,
writeups,Images/Pasted image 20240221184457.png,49701,ce2383a0a68bbdb93ff34f4249cb1c9ad2e2741d8e4b19c7cb4c14d3c08bb9e4,image-catalogued-only,"[""Resources/Audit/media.csv""]",ocr-ok,
writeups,Images/Pasted image 20240221185835.png,33530,b8ff21b964bd9e2517e9a51d5ae11e0d9f92a23ebe8f4ff7f6bdbdb314097cce,image-held-review,"[""Resources/Audit/media.csv""]",ocr-ok,email
writeups,Images/Pasted image 20240221185915.png,12362,24ec01150f3fb96c5acc7b7c0aee525483b0b768d1a7691044e95db3a4d2a004,image-catalogued-only,"[""Resources/Audit/media.csv""]",ocr-ok,
writeups,Images/Pasted image 20240221185935.png,29268,62bfcf53c23135d4f87875d23efa0ab081912beeb6e04367ed5ec63f042e5efb,image-held-review,"[""Resources/Audit/media.csv""]",ocr-ok,email
writeups,Images/Pasted image 20240221191150.png,42341,6601fb0724f245f1366d67579f4ad41f23bffb7e4651577ab07ec37b4e5cfadf,image-catalogued-only,"[""Resources/Audit/media.csv""]",ocr-ok,
writeups,Images/Pasted image 20240221191653.png,66810,91897cb10e45eee90cd88f940063e6295d963697b249ed09ed3254048fc932e5,image-catalogued-only,"[""Resources/Audit/media.csv""]",ocr-ok,
writeups,Images/Pasted image 20240221223515.png,10285,2d571a80f311e4d190fddc781c25ac5318befd1176f4b682bf50ab9e28b70c57,image-catalogued-only,"[""Resources/Audit/media.csv""]",ocr-ok,
writeups,Images/Pasted image 20240222114839.png,42071,5946384af492f4e57e466ec64e5becc8398e0ba7863126f7424207c29f5cfa63,image-held-review,"[""Resources/Audit/media.csv""]",ocr-ok,credential-candidate
writeups,Images/Pasted image 20240222120107.png,28893,90274d3df8e85cedbbea03f056b4ffc85fc65d0e1d0fe1d196f0416473202b12,image-catalogued-only,"[""Resources/Audit/media.csv""]",ocr-ok,
writeups,Images/Pasted image 20240222120125.png,13882,b1d9875bdf6f463d05a996c1135496f4212b3d27a2ca57c29be3540e2c377f12,image-catalogued-only,"[""Resources/Audit/media.csv""]",ocr-ok,
writeups,Images/Pasted image 20240222161441.png,31845,dc72b0b9f6e0fd94cabf077f14420bc3c20faedb47580a7afee7fac9611c9748,image-catalogued-only,"[""Resources/Audit/media.csv""]",ocr-ok,
writeups,Images/Pasted image 20240222162759.png,30137,97b98e9fdab6f432af033770ed3704b3daacbc5ef30ec76d4d0f253381da1223,image-catalogued-only,"[""Resources/Audit/media.csv""]",ocr-ok,
writeups,Images/Pasted image 20240223094201.png,33512,4adc8287b0b0aa5e08d7b1fd512474ab6ff876bdfd5101b24d47a3536fe4d98a,image-catalogued-only,"[""Resources/Audit/media.csv""]",ocr-ok,
writeups,Images/Pasted image 20240223130206.png,25189,d8d8040c7ad582643080eb9e7d9e10c0d563c8b119a06c478833b8c21be80572,image-catalogued-only,"[""Resources/Audit/media.csv""]",ocr-ok,
writeups,Images/Pasted image 20240223182926.png,29342,f6ad87c9fc048878c2ea7b75e7a27112b4ad791ed03f6027e8d2640bee0e9e9a,image-catalogued-only,"[""Resources/Audit/media.csv""]",ocr-ok,
writeups,Images/Pasted image 20240223183026.png,30344,5e6fd1e91028e294946189a10b79b178e5a92e78ff8a2f2338263e32651faef5,image-catalogued-only,"[""Resources/Audit/media.csv""]",ocr-ok,
writeups,Images/Pasted image 20240223184125.png,56427,97e40d0c9c96fbf28015b492048aea681d09e644bfe5fd625afbdd91d2de144d,image-catalogued-only,"[""Resources/Audit/media.csv""]",ocr-ok,
writeups,Images/Pasted image 20240223215211.png,23263,3b7969bace845fe465e982ec7ebcac9f59dd16de816115522fedd86701a33036,image-catalogued-only,"[""Resources/Audit/media.csv""]",ocr-ok,
web,Imgs/Pasted image 20240802065951.png,52369,0c629eaaf2fc4b69254220a9d9a5bafe3bfd0300d95e39476d30ac2a7f6c3a83,image-catalogued-only,"[""Resources/Audit/media.csv""]",ocr-ok,
web,Imgs/Pasted image 20240803072009.png,8100,7e1722397006a38688d038469ee1f36a7c963f3d257c5322492ee4b0360b39f1,image-catalogued-only,"[""Resources/Audit/media.csv""]",ocr-ok,
web,Imgs/Pasted image 20240803072133.png,6360,9ca7f6d1f1b0c8758c24c55ef2c9cc7532738bd3c86f9f39ec99b78d01ffed92,image-catalogued-only,"[""Resources/Audit/media.csv""]",ocr-ok,
web,Imgs/Pasted image 20240803074347.png,14600,6b59cb9f7af8784aa57e92ac8c35d8a318d5b99b6d06cd160140cd23f4874d92,image-catalogued-only,"[""Resources/Audit/media.csv""]",ocr-ok,
web,Imgs/Pasted image 20240804160039.png,9442,c054721d8841606e2f03f7b63b15464f086f4de5d36dda8b795bb84e93a36562,image-catalogued-only,"[""Resources/Audit/media.csv""]",ocr-ok,
web,Imgs/Pasted image 20240804160323.png,6400,2b99986d9fb5a09371227de89488159a503bb5f9c177e4ed6ef16ae5ee26076f,image-catalogued-only,"[""Resources/Audit/media.csv""]",ocr-ok,
web,Imgs/Pasted image 20240804160512.png,10584,755cf26c3759fcbf4c7584c035b7230d4cf8054f2d3386561fa86d1e4fc38321,image-catalogued-only,"[""Resources/Audit/media.csv""]",ocr-ok,
web,Imgs/Pasted image 20240804162601.png,7729,59820c22dca8c78af06a00a089a8db4545f8ec68f4b31a36234e44bffa1cdbc5,image-catalogued-only,"[""Resources/Audit/media.csv""]",ocr-ok,
web,Imgs/Pasted image 20240806115813.png,67953,de144e352e08bc8f2aee2a8da3fc9014ec512a7ebd5bea0debed8f33ce316388,image-catalogued-only,"[""Resources/Audit/media.csv""]",ocr-ok,
web,Imgs/Pasted image 20240806120249.png,12514,88b6a65533679760a1be6557e14beb3bc538fa72b31c311ac1611919be0f6918,image-catalogued-only,"[""Resources/Audit/media.csv""]",ocr-ok,
web,Imgs/Pasted image 20240807114732.png,3781,7e380f991e2a6f9f1aec934dcd60c4fe44d7d84e312ced71da77e1d66a14c590,image-catalogued-only,"[""Resources/Audit/media.csv""]",ocr-ok,
web,Imgs/Pasted image 20240807120853.png,22292,99667a903f3ddd82ec46cd7ffff3115812decb4b89e186e1b31d9ef63b63e83d,image-catalogued-only,"[""Resources/Audit/media.csv""]",ocr-ok,
web,Imgs/Pasted image 20240808045534.png,9683,4d5205f4bbe60d821d91e355e9c4b2dce2e40f334cf84b4651b74442e87e138b,image-catalogued-only,"[""Resources/Audit/media.csv""]",ocr-ok,
web,Imgs/Pasted image 20240808103007.png,207298,d3bfee95fe405d3e9eba8bcce034614c54a3a4d11b2a2a87443dd081c1044cbd,image-catalogued-only,"[""Resources/Audit/media.csv""]",ocr-ok,
web,Imgs/Pasted image 20240808103015.png,196228,b9672deb6cf9b0593029f66201e026700b531e377aecf839a4ecdf4536195e98,image-catalogued-only,"[""Resources/Audit/media.csv""]",ocr-ok,
web,Imgs/Pasted image 20240808105803.png,33922,0b0fa06c9ffe0b80b1aa89433de9b61f8f36ad01c7b329b12b86a2a31a43724c,image-catalogued-only,"[""Resources/Audit/media.csv""]",ocr-ok,
web,Imgs/Pasted image 20240808112148.png,51527,df69f46e8b90d1236b8bd0fa12cb2f3478abcb3c8d1b3fe693f4832afe3d14d2,image-catalogued-only,"[""Resources/Audit/media.csv""]",ocr-ok,
web,Imgs/Pasted image 20240808152709.png,79635,c216002aee7c45607fdf39a919b9f9b5a2974642e2c5ac3605be51a69d390f8d,image-catalogued-only,"[""Resources/Audit/media.csv""]",ocr-ok,
web,Imgs/Pasted image 20240808152936.png,5714,7857964fb632f1725b9c8b4da40ed8b8db8cbcb04210795156037beafc8434c8,image-catalogued-only,"[""Resources/Audit/media.csv""]",ocr-ok,
web,Imgs/Pasted image 20240809035334.png,63987,6932a08a7a8844e06a77b17812dc902c887fb90d5dd1e3db6cb9fa2a554398d5,image-catalogued-only,"[""Resources/Audit/media.csv""]",ocr-ok,
web,Imgs/Pasted image 20240809035608.png,67525,782757a67ed7dc41e5ed6e7a53c180534b29b73832fb2aa4c678be1be4671e70,image-catalogued-only,"[""Resources/Audit/media.csv""]",ocr-ok,
web,Imgs/Pasted image 20240809114403.png,39518,295268760526448ebe5bbedf887bf36e1a1e4c29f7115281cc376353d034fd0e,image-catalogued-only,"[""Resources/Audit/media.csv""]",ocr-ok,
web,Imgs/Pasted image 20240812072707.png,49645,f24e0bc3ba980172d3049ed5e620df4ef2bd62d674682fba5757a7e1b9705b65,image-catalogued-only,"[""Resources/Audit/media.csv""]",ocr-ok,
web,Imgs/Pasted image 20240812073926.png,81685,f35ab0d78935f65c600efd01a38ce926d37068b569c291d169bc3ef608e92db4,image-catalogued-only,"[""Resources/Audit/media.csv""]",ocr-ok,
web,Imgs/Pasted image 20240812075430.png,66939,90c7a03d72034ec844322edff309f6dddf23397f731d3ea4c73962070d38ca13,image-catalogued-only,"[""Resources/Audit/media.csv""]",ocr-ok,
web,Imgs/Pasted image 20240813044414.png,63952,d29f73547ffc89aecf9adf11bd8e1a554cde87242b686be07864e94c578fd152,image-catalogued-only,"[""Resources/Audit/media.csv""]",ocr-ok,
web,Imgs/Pasted image 20240813044439.png,22921,cdbba7d03790dee4310d0cb1fb8c40261a143e721f79c291a6ef2745eeafa4e8,image-catalogued-only,"[""Resources/Audit/media.csv""]",ocr-ok,
web,Imgs/Pasted image 20240814045000.png,55703,9c4de563a165c9be74212edd6c08838e9ebee4d717795cd7033a60bbe4996c32,image-catalogued-only,"[""Resources/Audit/media.csv""]",ocr-ok,
web,Imgs/Pasted image 20240814045428.png,70269,66ba6b6bb61b6e5f1308aed08c036003d470a34e11e7dfe014ba8e8800127a3d,image-catalogued-only,"[""Resources/Audit/media.csv""]",ocr-ok,
web,Imgs/Pasted image 20240814050832.png,9929,d90e98e70372602f59afbac41e4e0f7296c852041f0e8c8a40f83bdc4104267e,image-catalogued-only,"[""Resources/Audit/media.csv""]",ocr-ok,
web,Imgs/Pasted image 20240814051104.png,40732,8e2abdb8a204231e6c2de8cd98c3df8c166a541ec2c73f5e1c0a083dbce07fd3,image-catalogued-only,"[""Resources/Audit/media.csv""]",ocr-ok,
web,Imgs/Pasted image 20240814051923.png,76323,ad42894891d234368128a17ca2c8120b5c04b40a2556865390b7c48ac2028247,image-catalogued-only,"[""Resources/Audit/media.csv""]",ocr-ok,
web,Imgs/Pasted image 20240814054242.png,7524,23647692276024ed69aa88f097c0f043c433a997e428f6ed000873a73afbfcce,image-catalogued-only,"[""Resources/Audit/media.csv""]",ocr-ok,
web,Imgs/Pasted image 20240814132824.png,116260,61efcf4b0b93cef6e39cb259da61ed82e687e3b74907d242f3ac5d41d880d1c7,image-catalogued-only,"[""Resources/Audit/media.csv""]",ocr-ok,
web,Imgs/Pasted image 20240814132925.png,20131,7f81d3b844cdb9de3f52a8c1bd3833f4fff55425ec7a8919ae527652e1a1683a,image-catalogued-only,"[""Resources/Audit/media.csv""]",ocr-ok,
web,Imgs/Pasted image 20240815043936.png,48206,bf2ec69b02af1828cb34c720c0fa41bb6df529cc4e559eac7a124817b05bc390,image-catalogued-only,"[""Resources/Audit/media.csv""]",ocr-ok,
web,Imgs/Pasted image 20240815060930.png,13281,9429dbf82eadce0e74ecd0cb81242b75af816d36e36718f2022df03dacaebdc8,image-catalogued-only,"[""Resources/Audit/media.csv""]",ocr-ok,
web,Imgs/Pasted image 20240815063631.png,37058,3049f17f4f2b7fc9a4ac61ce6bc887456ed53b38d8f2ac93086fc5aedb06a8c3,image-catalogued-only,"[""Resources/Audit/media.csv""]",ocr-ok,
web,Imgs/Pasted image 20240815101327.png,281788,1c5ae6d03d035c6edcd3245adf906f7b42965f87bf1c61041ea6c3ed3358dc73,image-catalogued-only,"[""Resources/Audit/media.csv""]",ocr-ok,
web,Imgs/Pasted image 20240815101442.png,271880,191d4f7091bd622e497adfd1bb39cf53a4d90e66e44f65f5557cc87b88f1d614,image-catalogued-only,"[""Resources/Audit/media.csv""]",ocr-ok,
web,Imgs/Pasted image 20240815101531.png,169571,dc6caa8b15acbdd33fc3329261724067ffe0b299abe8678767553b6168301a77,image-catalogued-only,"[""Resources/Audit/media.csv""]",ocr-ok,
web,Imgs/Pasted image 20240815102523.png,82500,adc0ad3fed82902656605ac7f7dbc4cd21d6394a817c8c08df130d12990125d6,image-catalogued-only,"[""Resources/Audit/media.csv""]",ocr-ok,
web,Imgs/Pasted image 20240815110132.png,28824,29baab73d3d4a9cfdecc613d9202eca7030b0826d0beeb486c6672feb2dbb8c6,image-catalogued-only,"[""Resources/Audit/media.csv""]",ocr-ok,
web,Imgs/Pasted image 20240815110239.png,10816,51225af1e8b2dadbeb29e031414f55705bedbd0e9ce957e64612f057f3c909a8,image-catalogued-only,"[""Resources/Audit/media.csv""]",ocr-ok,
web,Imgs/Pasted image 20240815110330.png,12139,586394cea347cac6e3d81ad28926077e251a1fab7205941bdd7c36a1d01e008b,image-catalogued-only,"[""Resources/Audit/media.csv""]",ocr-ok,
web,Imgs/Pasted image 20240815113502.png,110290,8e57f527769b350cde9c9ec6b4c55aa9dff81f8bd21572a5fc17969c1eec043c,image-catalogued-only,"[""Resources/Audit/media.csv""]",ocr-ok,
web,Imgs/Pasted image 20240815125835.png,17359,a42c322b75c33dc72d9d6381ad7d99fb6df0d244080fc2bd09fc32f1f1ac3670,image-catalogued-only,"[""Resources/Audit/media.csv""]",ocr-ok,
web,Imgs/Pasted image 20240815125933.png,19096,923190266e0b73e13625bccc7b431b247f3ff2edde878577a5e7f4ae956d664f,image-catalogued-only,"[""Resources/Audit/media.csv""]",ocr-ok,
web,Imgs/Pasted image 20240815130017.png,27528,6ec158edd79c43d5c08e265c98e43fff545bac9034bf9d766aa1ef83410606e4,image-catalogued-only,"[""Resources/Audit/media.csv""]",ocr-ok,
web,Imgs/Pasted image 20240815130100.png,61544,51219ad6121050ab0a53e0ee96b19e03135854f9831908e44ffd98d531ed1560,image-catalogued-only,"[""Resources/Audit/media.csv""]",ocr-ok,
web,Imgs/Pasted image 20240815131026.png,21155,8657a4cae32f76a3a6587d6ae740e3ee97a97045cf912e675e3a7ff1e2a54542,image-catalogued-only,"[""Resources/Audit/media.csv""]",ocr-ok,
web,Imgs/Pasted image 20240815133129.png,68163,c5bbfc32cf1c05704e08947b7ac2844983326389fa73342836735d7dd2b13ef5,image-catalogued-only,"[""Resources/Audit/media.csv""]",ocr-ok,
web,Imgs/Pasted image 20240815133321.png,10848,a661c0ca3ebd1a071dd45788beeb7774095342d85f854b3e039e333c560533ad,image-catalogued-only,"[""Resources/Audit/media.csv""]",ocr-ok,
web,Imgs/Pasted image 20240816042904.png,35362,2065c2d94f688bc7de21b3957bf9d308e96199300d43576409b9250595f4b1b4,image-catalogued-only,"[""Resources/Audit/media.csv""]",ocr-ok,
web,Imgs/Pasted image 20240816042916.png,18815,a294fd9a510cfcf095091ffd115abc7ee37527b235bbbca9d02b19dec81cef0b,image-catalogued-only,"[""Resources/Audit/media.csv""]",ocr-ok,
web,Imgs/Pasted image 20240816042931.png,16765,a5c0ed01dd735f5aca241bbaf74a38afce718076d299fffafe1f37f1eaa2d73f,image-catalogued-only,"[""Resources/Audit/media.csv""]",ocr-ok,
web,Imgs/Pasted image 20240816045156.png,31761,f79b87e9ac179cbdb7c0041fc99d847c158bd155404b4f449c169fe79cb26e33,image-catalogued-only,"[""Resources/Audit/media.csv""]",ocr-ok,
web,Imgs/Pasted image 20240817051727.png,60189,4ef3b89dc06fb7e4ca0f5abc801632814c9973ca047f6527115c23e4faee36b2,image-catalogued-only,"[""Resources/Audit/media.csv""]",ocr-ok,
web,Imgs/Pasted image 20240817070314.png,54122,fe91d886649e036e094e957b1fee64fb8edb6c27bf5568107202ca80c5c898c0,image-catalogued-only,"[""Resources/Audit/media.csv""]",ocr-ok,
web,Imgs/Pasted image 20240819055145.png,9201,e5afcef61fdd7818e12f8bcb2f4fa6da965d627fb30fe84ca19b363e169968ff,image-catalogued-only,"[""Resources/Audit/media.csv""]",ocr-ok,
web,Imgs/Pasted image 20240819060645.png,8816,9d26be365e159c275393e66c2b4e8c18a910647c3530ec35e7fd697a9bd6fd49,image-catalogued-only,"[""Resources/Audit/media.csv""]",ocr-ok,
web,Imgs/Pasted image 20240819074802.png,37068,1d81e880a21f52e7ea488d2de9373ccf97a1667c79cceb10d9a5c56be3caa49e,image-catalogued-only,"[""Resources/Audit/media.csv""]",ocr-ok,
web,Imgs/Pasted image 20240820125617.png,13190,13f1b6f3e19cc273336511ce1b48d8961afde9cd50ad9cc90ce60710c73bfb40,image-catalogued-only,"[""Resources/Audit/media.csv""]",ocr-ok,
web,Imgs/Pasted image 20240820125651.png,66605,a2a5265d62710f00e06f50fd1f177e78e5f29624408ea7775c79570d16520be4,image-catalogued-only,"[""Resources/Audit/media.csv""]",ocr-ok,
web,Imgs/Pasted image 20240821042000.png,10072,ac9ecffd3b264c1fd06e9faf862e01e4d737dfc0b8b4ed4bbde6f19eca55f78f,image-catalogued-only,"[""Resources/Audit/media.csv""]",ocr-ok,
web,Imgs/Pasted image 20240821043248.png,60747,d269f5dbb144dddc12829a0ea1c9dbd982e33d44e63ef994956cfcc3d449a823,image-catalogued-only,"[""Resources/Audit/media.csv""]",ocr-ok,
web,Imgs/Pasted image 20240821043325.png,20100,33d3b549e596d7325419d5f2d7a9ed3d5df34cdc1e83a68e81998533e703f0be,image-catalogued-only,"[""Resources/Audit/media.csv""]",ocr-ok,
web,Imgs/Pasted image 20240829123137.png,15808,0871c5bc12f7405bc51da24881a9a03029ecd929f5afad8942515bdc93c71b58,image-catalogued-only,"[""Resources/Audit/media.csv""]",ocr-ok,
web,Imgs/Pasted image 20240830065444.png,65899,2da9fe9deddb22084b6ae6070b1ce44eb728b1342b6b6054f89f5ca0aad75a53,image-held-review,"[""Resources/Audit/media.csv""]",ocr-ok,credential-candidate
web,Imgs/Pasted image 20240830070502.png,70052,d5750ce62d6b671885e4dd380da5e0794632243ccc107c351d7c8efa0b5a10f5,image-held-review,"[""Resources/Audit/media.csv""]",ocr-ok,credential-candidate
web,Imgs/Pasted image 20240904071816.png,36203,cc6a0a0cc3de91a22fa404bdba323a8b599836312d2436d824db372e079ac6b1,image-catalogued-only,"[""Resources/Audit/media.csv""]",ocr-ok,
web,Imgs/Pasted image 20240910070802.png,13699,00b7076f9ed2a2a568c1dbb4a9c226deabd06dccae289c8874ab91e3cf2c580f,image-catalogued-only,"[""Resources/Audit/media.csv""]",ocr-ok,
web,Imgs/Pasted image 20240910071753.png,37000,302adcc2c0d8cf2ef6a182747d61306e2285e8ba93ecd922aeb71cec205bb158,image-catalogued-only,"[""Resources/Audit/media.csv""]",ocr-ok,
web,Imgs/Pasted image 20240910111754.png,30882,ebf4e18c7428e12bef04e97cd0329882039eca95df0f62cdcf5d427ac626fc17,image-catalogued-only,"[""Resources/Audit/media.csv""]",ocr-ok,
web,Imgs/Pasted image 20240911045910.png,22123,8a6df6a18ffddf45fba810d460797ee3abdfbafe3d578f7afb604d76a5e05b5e,image-held-review,"[""Resources/Audit/media.csv""]",ocr-ok,credential-candidate
web,Imgs/Pasted image 20240911123945.png,24842,f5da6429bcdf2ea289e759e211d3472657ec11d1cbe133557e261f07540516ed,image-catalogued-only,"[""Resources/Audit/media.csv""]",ocr-ok,
web,Imgs/Pasted image 20240911131800.png,43053,7e6d7e921efdd57cab0d151e16f20f6346d009e311f18264bd2c232a262acd7d,image-catalogued-only,"[""Resources/Audit/media.csv""]",ocr-ok,
web,Imgs/Pasted image 20240912095009.png,16973,cfcbf4eaf0f7368030e5e2d91e563cf139a63939afaacf1a9dd0d11c1128f4a7,image-catalogued-only,"[""Resources/Audit/media.csv""]",ocr-ok,
web,Imgs/Pasted image 20240913053720.png,6521,0e541fac4c99ed4bcb0d7b21c889226f577b5b823ca1f77caa5e5cb722a01f55,image-catalogued-only,"[""Resources/Audit/media.csv""]",ocr-ok,
web,Imgs/Pasted image 20240913070105.png,6233,791288b62cf4831d754e0ce9e4ec27ff85fc965becc2a17ee6fc784ac427179c,image-catalogued-only,"[""Resources/Audit/media.csv""]",ocr-ok,
web,Imgs/Pasted image 20240913071725.png,4938,5193e8d8bc327aeffd21f67b51796071489725c63eb31f246cfb29fbd4a0ae8e,image-catalogued-only,"[""Resources/Audit/media.csv""]",ocr-ok,
web,Imgs/Pasted image 20240918044930.png,27549,0949d08b67a9de039a81a3d17cf9e6c83e8a060e56472462e1f2997edebb927f,image-held-review,"[""Resources/Audit/media.csv""]",ocr-ok,credential-candidate
